gene,role,molregno,smiles,pchembl,max_sim_ref,max_sim_pool,predicted_pkd
SLC6A3,active,49674,Fc1ccc(C(OCCC2CCN(Cc3cccc4ccccc34)CC2)c2ccc(F)cc2)cc1,7.8,0.1375,0.6923076923076923,6.439014911651611
SLC6A3,active,358091,C=C1CN2C3CCC2C1C(c1ccc(I)cc1)C3,8.07,0.4150943396226415,0.75,6.371569633483887
SLC6A3,active,2037079,Fc1cc2c(cc1-c1ccc(OC(F)F)nn1)CNCC2c1ccc(Cl)c(Cl)c1,7.48,0.1538461538461538,0.7333333333333333,6.443769931793213
SLC6A3,active,512614,COc1ccc([C@H]2C[C@H]3CC[C@H]([C@H]2C(=O)OC2CC2)N3C)cc1.Cl,8.22,0.6153846153846154,0.9148936170212766,6.390808582305908
SLC6A3,active,1582731,O=C1NCC(c2cccc(Cl)c2)C1c1ccc(Cl)cc1,7.48,0.2586206896551724,0.8888888888888888,6.36234712600708
SLC6A3,active,3228654,Fc1cccc(Oc2cc(C(F)(F)F)nc(N3CCC4(CC3)CNCCO4)n2)c1,8.42,0.1294117647058823,0.8333333333333334,6.511723041534424
SLC6A3,active,205006,COC(=O)C1C2CCC(C[C@@H]1OC(c1ccccc1)c1ccccc1)N2C,7.47,0.5185185185185185,0.8936170212765957,6.392586708068848
SLC6A3,active,596664,CC(C)OC[C@@H]1[C@H]2CNC[C@]21c1ccc(Cl)c(Cl)c1,8.3,0.15625,1.0,6.37458610534668
SLC6A3,active,1527274,Clc1ccccc1O[C@H](c1ccccc1)[C@@H]1CCNC1,7.3,0.1538461538461538,1.0,6.420858860015869
SLC6A3,active,1540486,CN1Cc2cc(-c3ccc(N)nn3)ccc2[C@H](c2ccc3ccccc3c2)C1,8.24,0.3728813559322034,0.7454545454545455,6.36038064956665
SLC6A3,active,3241344,O=C(NCC1(O)CCN(c2nc(Oc3cccc(F)c3)cc(C(F)(F)F)n2)CC1)C1CNC1,8.3,0.1630434782608695,0.9104477611940298,6.460302352905273
SLC6A3,active,3048959,CS(=O)(=O)Nc1ccc(-c2nc(NCC(c3ccccc3)N3CCOCC3)c3ccccc3n2)cc1,7.37,0.1111111111111111,0.8360655737704918,6.413383960723877
SLC6A3,active,1778794,Clc1ccc(C(CC2CNC2)Oc2ccccc2)cc1Cl,7.28,0.1428571428571428,0.7954545454545454,6.37952184677124
SLC6A3,active,3221054,C[C@](CN)(Cc1cccnc1)c1ccc2ccccc2c1,7.05,0.109375,0.4259259259259259,6.381897449493408
SLC6A3,active,1613333,O=C(OCCF)[C@H]1[C@@H](c2ccc(I)cc2)C[C@@H]2CC[C@H]1N2C/C=C/I,8.88,0.4918032786885246,0.8392857142857143,6.569528102874756
SLC6A3,active,2300179,COC[C@@H]1CN[C@H]2CC[C@]1(c1ccc(Cl)c(Cl)c1)C2,8.24,0.1911764705882352,1.0,6.397227764129639
SLC6A3,active,3222367,CNC[C@H](c1ccc2ccccc2c1)[C@H](O)c1cccs1,7.82,0.1216216216216216,0.6956521739130435,6.362576007843018
SLC6A3,active,3222793,Fc1cccc(Oc2cc(F)cc(N3CCC4(CC3)CNCCO4)c2)c1,8.38,0.125,0.875,6.493826389312744
SLC6A3,active,183892,CN(C)C[C@H]1C2CCC(CC2)[C@@H]1c1cccc(Cl)c1,7.19,0.2363636363636363,1.0,6.365397930145264
SLC6A3,active,1170644,Cc1cc([C@@]23CNCC[C@]2(c2ccc(Cl)c(Cl)c2)C3)no1,8.7,0.1267605633802817,0.6862745098039216,6.367378234863281
SLC6A3,active,1449769,Clc1ccc(C(OCc2ccccc2)C2CNC2)cc1Cl,7.63,0.1428571428571428,0.6590909090909091,6.361915111541748
SLC6A3,active,1516139,CN1CC=CCC(c2ccc(Cl)c(Cl)c2)C1,8.3,0.2222222222222222,1.0,6.366732597351074
SLC6A3,active,14256,COC(=O)C1C(c2ccc(/C=C\I)cc2)CC2CCC1N2C,7.66,0.75,0.8541666666666666,6.409003734588623
SLC6A3,active,596668,Clc1ccc([C@]23CNC[C@H]2[C@@H]3COC2CCCC2)cc1Cl,8.6,0.1408450704225352,1.0,6.358633041381836
SLC6A3,active,1785666,CN1Cc2ccccc2C(c2ccc3ccsc3c2)C1,8.35,0.3773584905660377,0.8181818181818182,6.358737945556641
SLC6A3,active,1167773,Cc1cc([C@H]2[C@@H](c3ccc(Cl)c(C)c3)C[C@@H]3CC[C@H]2N3C)on1,8.82,0.4067796610169492,0.75,6.402597904205322
SLC6A3,active,226279,Fc1ccc(C(OCCC2CCN(Cc3cc4ccccc4s3)CC2)c2ccc(F)cc2)cc1,8.79,0.1325301204819277,0.6724137931034483,6.457700252532959
SLC6A3,active,2947980,NC(=O)c1cc2cc(N3CCN(CCCc4ccc5c(c4)CC(=O)N5)CC3)ccc2o1,7.28,0.1235955056179775,0.896551724137931,6.4084649085998535
SLC6A3,active,650404,FC(F)(F)COC[C@@]12CNCC[C@]1(c1ccc(Cl)c(Cl)c1)C2,7.4,0.12,0.7346938775510204,6.419261932373047
SLC6A3,active,3014362,NCC1(O)CCN(c2cc(F)c(F)c(Oc3cccc(F)c3)c2)CC1,8.02,0.1392405063291139,0.74,6.411187171936035
SLC6A3,active,1170741,Cc1nc(C)n(C[C@@]23CNCC[C@]2(c2ccc(Cl)c(Cl)c2)C3)n1,7.6,0.1232876712328767,1.0,6.392157554626465
SLC6A3,active,282807,COC(=O)C1=C(c2ccc(Cl)c(Cl)c2)CC2CCC1O2,7.92,0.2307692307692307,0.6938775510204082,6.362953186035156
SLC6A3,active,3232773,CN1COC2CCCCC2(c2ccc(Cl)c(Cl)c2)C1,7.18,0.1746031746031746,0.6521739130434783,6.379807472229004
SLC6A3,active,487608,CC(O)(CCN1CCN(CCOC(c2ccccc2)c2ccccc2)CC1)c1ccccc1,8.15,0.1639344262295081,0.8409090909090909,6.370924472808838
SLC6A3,active,367537,CC(=O)c1cccc(NC(=O)NCCC[C@H]2C[C@H](Cc3ccc(F)cc3)CCN2C)c1,7.02,0.2,0.676056338028169,6.472408294677734
SLC6A3,active,1446166,COc1ccc2c(c1)CN(C)CC2c1ccc(F)c(F)c1,7.11,0.3272727272727272,0.8222222222222222,6.371260166168213
SLC6A3,active,1276624,COC(=O)[C@H]1[C@@H](c2ccc(I)cc2)C[C@@H]2CC[C@H]1N2Cc1ccccc1C,7.03,0.625,0.7678571428571429,6.42861270904541
SLC6A3,active,2992492,O=C(NCC1(O)CCN(c2nc(Oc3cccc(F)c3)cc(C(F)(F)F)n2)CC1)c1cnccn1,7.86,0.1443298969072164,0.7534246575342466,6.450777053833008
SLC6A3,active,1996849,CN1Cc2cc(CN3CCOCC3)ccc2C(c2cc3ccccc3s2)C1,7.45,0.2686567164179104,0.711864406779661,6.374332904815674
SLC6A3,active,358120,COC(=O)/C=C1/CN2C3CCC2C1C(c1ccc(C)cc1)C3,7.88,0.3934426229508196,0.82,6.389782428741455
SLC6A3,active,3279352,CN(C)c1ccc(-c2nc(NC(Cc3ccccc3)c3ccccc3)c3ccccc3n2)cc1,7.4,0.0985915492957746,0.803921568627451,6.388363838195801
SLC6A3,active,338762,C=CCC(C(=O)c1ccc(Cl)c(Cl)c1)N1CCCC1,7.4,0.1935483870967742,0.6976744186046512,6.375373363494873
SLC6A3,active,3210556,Fc1ccc(Oc2cc(C(F)(F)F)nc(N3CCC4(CC3)CNCCO4)n2)cc1,7.53,0.1341463414634146,0.8421052631578947,6.518673419952393
SLC6A3,active,2948128,NC(=O)c1cc2cc(N3CCN(CCc4cccc5c4CC(=O)N5)CC3)ccc2o1,7.28,0.1477272727272727,0.7076923076923077,6.3920416831970215
SLC6A3,active,340601,Fc1ccc(C(OCCC2CCN(C[C@@H]3C[C@H]3c3ccccc3)CC2)c2ccc(F)cc2)cc1.O=C(O)C(=O)O,9.3,0.2151898734177215,1.0,6.540894985198975
SLC6A3,active,3056576,CNC[C@@H](c1ccc(Br)c(Cl)c1)[C@@H](O)c1ccccc1,7.62,0.1323529411764706,1.0,6.351235389709473
SLC6A3,active,2006155,COc1ccc2c(c1)CN1CCC2(c2ccc(Cl)cc2)C1,7.03,0.1911764705882352,0.8809523809523809,6.351414203643799
SLC6A3,active,2077913,C=CC(=O)Nc1cccc(Oc2nc(Nc3ccc(N4CCN(C)CC4)cc3)nc3ccsc23)c1,7.25,0.1758241758241758,0.2696629213483146,6.405012607574463
SLC6A3,active,3064019,CNC(C)C1(c2ccc3ccccc3c2)CCC(O)CC1,7.08,0.1739130434782608,0.7073170731707317,6.374528408050537
SLC6A3,active,358121,COC(=O)/C=C1/CN2C3CCC2C1C(c1ccc(Br)cc1)C3,8.53,0.3870967741935484,0.82,6.388362884521484
SLC6A3,active,1369844,COC(=O)[C@H]1C2CCC(C[C@@H]1c1ccc(I)cc1)N2C,7.64,1.0,1.0,6.380286693572998
SLC6A3,active,487773,O=C(CN1CCN(CCOC(c2ccc(F)cc2)c2ccc(F)cc2)CC1)c1ccccc1,7.27,0.1643835616438356,0.8222222222222222,6.3961262702941895
SLC6A3,active,3035438,NCC1(O)CCN(c2cccc(Oc3ccccc3)c2F)CC1,7.81,0.1935483870967742,0.8085106382978723,6.407778263092041
SLC6A3,active,486607,CN1[C@H]2CC[C@@H]1[C@H](C=C(Br)Br)[C@@H](c1ccc(Cl)cc1)C2.Cl,8.85,0.6888888888888889,1.0,6.492850303649902
SLC6A3,active,487709,CC(O)(Cc1ccccc1)CN1CCN(CCOC(c2ccc(F)cc2)c2ccc(F)cc2)CC1,7.24,0.1641791044776119,0.660377358490566,6.435183048248291
SLC6A3,active,2956743,CNC[C@H](c1ccc(Cl)c(Cl)c1)[C@H](O)c1cccc([N+](=O)[O-])c1,7.53,0.1428571428571428,0.673469387755102,6.370585918426514
SLC6A3,active,183813,CNCC1C2CCC(C2)C1c1ccc2ccccc2c1,7.6,0.2105263157894736,1.0,6.3694329261779785
SLC6A3,active,448031,Cc1ccc(Cc2cc([C@@H]3C4CCC(C[C@@H]3c3ccc(Cl)cc3)N4C)on2)cc1.Cl,7.66,0.4745762711864407,1.0,6.490418910980225
SLC6A3,active,3220285,CNC[C@H](c1ccc(Cl)c(Cl)c1)[C@H](O)c1ccccc1SC,7.31,0.1267605633802817,1.0,6.368590354919434
SLC6A3,active,437872,CNCc1cc(N2CCCS2(=O)=O)ccc1Oc1ccc(Cl)cc1C,7.33,0.1710526315789473,0.2465753424657534,6.365525722503662
SLC6A3,active,3068135,CCNC(=O)CO[C@H](c1ccccc1)[C@H](CNC)c1ccc2ccccc2c1,7.41,0.1538461538461538,0.8431372549019608,6.3798394203186035
SLC6A3,active,1167765,Cc1ccc([C@H]2C[C@@H]3CC[C@H]([C@H]2C(=O)OC(C)C)N3C)cc1,9.08,0.62,0.7777777777777778,6.361722946166992
SLC6A3,active,3017255,CNC[C@H](c1ccc(Cl)c(Cl)c1)[C@@H](O)c1ccccc1[N+](=O)[O-],7.74,0.136986301369863,0.6938775510204082,6.403824806213379
SLC6A3,active,2071492,CNC[C@]1(c2ccc3ccccc3c2)CC[C@@](C)(O)CC1,7.4,0.1285714285714285,0.717948717948718,6.369472026824951
SLC6A3,active,353774,CN1C2CCC1C1COC(=O)CCCCCC(=O)Nc3ccc(cc3)C1C2,8.42,0.360655737704918,1.0,6.3705244064331055
SLC6A3,active,3188872,NCC1(O)CCN(c2cc(Oc3cccc(F)c3)cc(F)c2F)CC1,9.05,0.141025641025641,0.7307692307692307,6.434390544891357
SLC6A3,active,569068,COC(=O)[C@@H]1C2CCC(C[C@@H]1c1ccc([S+](C)[O-])c(Br)c1)N2C,7.12,0.6071428571428571,0.7090909090909091,6.428744792938232
SLC6A3,active,3014790,NCC1(O)CCN(c2cccc(Oc3cccc(F)c3)c2F)CC1,8.17,0.1492537313432835,0.8163265306122449,6.423316478729248
SLC6A3,active,3241072,CNC[C@H](c1ccc2ccccc2c1)[C@H](OCC(=O)N1CCC1)c1ccccc1,7.84,0.1772151898734177,0.96,6.4239277839660645
SLC6A3,active,596818,COC[C@@H]1[C@H]2CNC[C@]21c1ccc2ccccc2c1,7.6,0.136986301369863,1.0,6.362754821777344
SLC6A3,active,2946699,NC(=O)c1cc2cc(N3CCN(CCc4ccc5c(c4)CCC(=O)N5)CC3)ccc2o1,7.38,0.125,0.8983050847457628,6.4207658767700195
SLC6A3,active,3110792,CNCC(Cc1ccccc1C)c1ccc2ccccc2c1,7.46,0.1126760563380281,0.7317073170731707,6.379764556884766
SLC6A3,active,3211279,CNC[C@H](c1ccc2ccccc2c1)[C@@H](Cl)c1ccccc1,7.84,0.1186440677966101,0.6923076923076923,6.381346225738525
SLC6A3,active,2006167,Oc1ccc2c(c1)CN1CCC2(c2ccc(Cl)cc2)CC1,7.68,0.171875,0.8461538461538461,6.381515026092529
SLC6A3,active,1428884,c1ccc(OCc2cc(OC[C@@H]3CCN3)no2)cc1,7.62,0.1428571428571428,0.2608695652173913,6.369602680206299
SLC6A3,active,650331,COC[C@@]12CNCC[C@]1(c1ccc3ccccc3c1)C2,7.9,0.12,0.6808510638297872,6.379086494445801
SLC6A3,active,311400,CN1C2CCC1C(C(=O)OCCF)C(c1ccc(Br)cc1)C2,8.3,0.5636363636363636,0.88,6.405378818511963
SLC6A3,active,2006176,O=c1n(-c2ccc3c(c2)CN2CCC3(c3ccc(Cl)cc3)CC2)nc2ccccn12,7.43,0.1341463414634146,0.532258064516129,6.309861183166504
SLC6A3,active,218327,OC1(c2ccc(Cl)cc2)c2ccccc2C2=N[C@@H]3CCCC[C@@H]3N21,8.08,0.2063492063492063,1.0,6.336514472961426
SLC6A3,active,396264,C=Cc1ccc([C@@H]2C[C@H]3CC[C@@H](N3)[C@H]2C(=O)OC)cc1,8.0,0.723404255319149,0.7708333333333334,6.393372535705566
SLC6A3,active,1057384,NC[C@@H]1Cc2ccccc2[C@H](c2ccc(Cl)c(Cl)c2)C1,7.96,0.2068965517241379,1.0,6.377464294433594
SLC6A3,active,1337157,CCOC[C@]1(c2ccc(Cl)c(Cl)c2)[C@@H]2CCC[C@@H]21,7.7,0.1896551724137931,0.5531914893617021,6.359644889831543
SLC6A3,active,448034,COc1ccc(Cc2cc([C@@H]3C4CCC(C[C@@H]3c3ccc(C)cc3)N4C)on2)cc1.Cl,8.02,0.3484848484848485,0.8727272727272727,6.508637428283691
SLC6A3,active,685854,COC(=O)[C@@H]1C2CCC(C[C@@H]1c1ccc(F)cc1)N2C/C=C/CF,8.02,0.5084745762711864,1.0,6.420246601104736
SLC6A3,active,3136815,Cc1cc(Oc2cccc(C#N)c2)nc(N2CCC3(CC2)CNCCO3)n1,8.03,0.1235955056179775,0.8,6.471408843994141
SLC6A3,active,1170642,Cc1csc([C@@]23CNCC[C@]2(c2ccc(Cl)c(Cl)c2)C3)n1,9.8,0.1066666666666666,1.0,6.382549285888672
SLC6A3,active,648285,c1ccc(CC2CNCCN2c2ccc3[nH]ncc3c2)cc1,7.8,0.1304347826086956,0.803921568627451,6.368236541748047
SLC6A3,active,1058269,Cc1cc([C@@H]2C3CCC(C[C@H]2c2ccc(Br)cc2)S3)on1,7.33,0.2153846153846154,1.0,6.408201694488525
SLC6A3,active,2037081,Nc1ccc(-c2ccc3c(c2)CNCC3c2ccc(Cl)c(Cl)c2)nn1,8.15,0.1641791044776119,0.7959183673469388,6.402180194854736
SLC6A3,active,1571728,CCC(=O)C(c1ccc(Cl)c(Cl)c1)C1CCNCC1.Cl,7.0,0.2,0.8181818181818182,6.418435096740723
SLC6A3,active,521687,CCCCN(Cc1ccc2ccccc2c1)[C@H]1CCNC1,7.06,0.1343283582089552,0.6938775510204082,6.414792537689209
SLC6A3,active,1058279,Cc1cc([C@@H]2C3CCC(C[C@@H]2c2ccc(Br)cc2)S3)on1,7.85,0.2153846153846154,1.0,6.411028861999512
SLC6A3,active,1333167,COC(=O)[C@@H]1C2CCC(C[C@H]1c1cc3ccccc3s1)O2,8.05,0.3043478260869565,1.0,6.35263729095459
SLC6A3,active,2473336,CC(O)CN1[C@H](C)CN(CCSC(c2ccc(F)cc2)c2ccc(F)cc2)C[C@@H]1C,7.23,0.1714285714285714,0.6808510638297872,6.404684543609619
SLC6A3,active,1074086,CN(C)CC1(c2ccc(Cl)c(Cl)c2)CCC1,7.09,0.1428571428571428,0.935483870967742,6.361804962158203
SLC6A3,active,2965784,O[C@@H](c1ccccc1)[C@@H](CNCC(F)(F)F)c1ccc2ccccc2c1,7.06,0.1304347826086956,0.6511627906976745,6.426108360290527
SLC6A3,active,365732,CC(c1ccc(Cl)cc1)C1CCCCN1,7.66,0.28,0.7222222222222222,6.354517936706543
SLC6A3,active,338681,CCC(C(=O)c1ccc(Cl)c(Cl)c1)N1CCCC1,7.54,0.2105263157894736,0.8,6.358683109283447
SLC6A3,active,339331,CCCC(C(=O)c1ccc2ccccc2c1)N1CCCC1,7.7,0.1714285714285714,0.7073170731707317,6.376795768737793
SLC6A3,active,410296,CSc1ccc(C2CN(C)Cc3cc(OCCCN4CCC(F)CC4)ccc32)cc1,7.34,0.2835820895522388,0.8275862068965517,6.395436763763428
SLC6A3,active,1785744,Cc1ccc2c(c1)CN(C)CC2c1ccc2sccc2c1,7.92,0.3157894736842105,0.7708333333333334,6.38677978515625
SLC6A3,active,3046688,CC(=O)NCC1(O)CCN(c2nc(Oc3cccc(F)c3)cc(C(F)(F)F)n2)CC1,7.42,0.1724137931034483,0.8307692307692308,6.425344467163086
SLC6A3,active,2233667,CCOC(=O)[C@@]12C[C@@H]1[C@@H](n1cnc3c(NC)nc(C#Cc4ccc(Cl)s4)nc31)[C@H](O)[C@@H]2O,7.47,0.1489361702127659,0.8591549295774648,6.538911819458008
SLC6A3,active,330102,CNCCCC1Cc2ccccc2N(c2ccc(Cl)c(Cl)c2)C1=O,7.89,0.1447368421052631,0.4912280701754385,6.391057014465332
SLC6A3,active,1170639,Clc1ccc([C@]23CCNCC2(Cn2ncc4ccccc42)C3)cc1Cl,7.8,0.1066666666666666,0.6896551724137931,6.418393611907959
SLC6A3,active,2122023,CCSCCNC(CC)C1(c2ccc(Cl)c(Cl)c2)CCC1,7.31,0.1515151515151515,0.8125,6.371813774108887
SLC6A3,active,2967952,Cc1cc(Oc2cccc(F)c2)nc(N2CCC3(CC2)CNCCO3)n1,8.29,0.1264367816091954,0.8305084745762712,6.476874351501465
SLC6A3,active,515247,NC(=O)c1cc2cc(C3(Cc4ccccc4)CCNC3)ccc2[nH]1,7.75,0.1111111111111111,0.7368421052631579,6.3309831619262695
SLC6A3,active,593295,CN1C2CCC1[C@@H](C(=O)OCc1cn(CCCCCCOC(=O)[C@H]3C4CCC(C[C@@H]3c3ccc(Cl)cc3)N4C)nn1)[C@@H](c1ccc(Cl)cc1)C2,9.0,0.5625,1.0,6.595647811889648
SLC6A3,active,569065,COC(=O)[C@@H]1C2CCC(C[C@@H]1c1ccc(SC)c(Br)c1)N2C,8.0,0.6296296296296297,0.7272727272727273,6.383044242858887
SLC6A3,active,557854,CCCC(C(=O)c1ccc(N)cc1)N1CCCC1,8.3,0.1724137931034483,0.7631578947368421,6.362164497375488
SLC6A3,active,3148547,O=C1CCNCC12CCN(c1nc(Oc3cccc(F)c3)cc(C(F)(F)F)n1)C2,8.15,0.1208791208791208,0.676056338028169,6.430316925048828
SLC6A3,active,1057387,NC[C@@H]1Cc2ccccc2[C@@H](c2ccc(Cl)c(Cl)c2)C1,7.04,0.2068965517241379,1.0,6.3637471199035645
SLC6A3,active,33664,O=C1Cc2cc(CCN3CCN(c4nsc5ccccc45)CC3)c(Cl)cc2N1,7.06,0.1125,0.3902439024390244,6.352522373199463
SLC6A3,active,596731,Clc1ccc([C@@]23CNC[C@@H]2[C@H]3COC2CCCC2)cc1Cl,7.0,0.1408450704225352,1.0,6.356354713439941
SLC6A3,active,3253090,OC1CCCCC1NCC1(c2ccc(Cl)c(Cl)c2)CCCCC1,7.48,0.15625,0.951219512195122,6.395267963409424
SLC6A3,active,1170666,Cc1cc(C)n(C[C@@]23CNCC[C@]2(c2ccc(Cl)c(Cl)c2)C3)c1,8.1,0.1267605633802817,0.7254901960784313,6.397573471069336
SLC6A3,active,596665,Clc1ccc([C@]23CNC[C@H]2[C@@H]3COC2CCC2)cc1Cl,7.9,0.1408450704225352,0.9767441860465116,6.352034568786621
SLC6A3,active,382977,COC(=O)[C@H]1[C@@H](c2ccccc2)C[C@@H]2CC[C@H]1N2C,7.48,0.7727272727272727,1.0,6.347775459289551
SLC6A3,active,650538,Clc1ccc([C@]23CCN4CC[C@]2(C4)C3)cc1Cl,7.1,0.1206896551724138,0.4693877551020408,6.381735324859619
SLC6A3,reference,14241,COC(=O)C1C(c2ccc(I)cc2)CC2CCC1N2C,8.97,1.0,1.0,6.399051189422607
SLC6A3,reference,16225,CN1Cc2c(N)cccc2C(c2ccccc2)C1,8.0,1.0,1.0,6.319534778594971
SLC6A3,reference,35080,CN1C2CCC1[C@@H](/C=C/Cl)[C@@H](c1ccc(Cl)cc1)C2,9.66,1.0,1.0,6.398026943206787
SLC6A3,reference,35519,CN1C2CCC1[C@@H]([C@@H](O)C(F)(F)F)[C@@H](c1ccc(Cl)cc1)C2,8.04,1.0,0.574468085106383,6.3953351974487305
SLC6A3,reference,35673,C=C[C@@H]1C2CCC(C[C@@H]1c1ccc(Cl)cc1)N2C,8.92,1.0,0.7380952380952381,6.357381820678711
SLC6A3,reference,35723,CC[C@@H]1C2CCC(C[C@@H]1c1ccc(Cl)cc1)N2C,8.46,1.0,0.6595744680851063,6.3521552085876465
SLC6A3,reference,77792,COC(=O)C1C2CC[C@H](C[C@@H]1c1ccc(I)cc1)N2C,8.97,1.0,1.0,6.3629045486450195
SLC6A3,reference,105443,COC(=O)C1C(c2cccc(I)c2)CC2CCC1N2C,7.56,1.0,0.76,6.400784969329834
SLC6A3,reference,107153,COC(=O)C1C(c2ccc(Cl)cc2)CC2CCC1N2C,8.96,1.0,1.0,6.361622333526611
SLC6A3,reference,129620,COC(=O)C1C2CCC(CC1c1ccc(Cl)cc1)N2,8.85,1.0,0.7906976744186046,6.323963165283203
SLC6A3,negative,2411946,CCCN(CCc1ccc(NC(=O)CCC(=O)NCCCCCC(=O)NCc2ccc(C(=O)NCCCCCC(=O)NCCCCCCNC(=O)c3nn(-c4ccc(Cl)cc4Cl)c(-c4ccc(Cl)cc4)c3C)cc2)cc1)C1CCc2c(O)cccc2C1,,0.136,,6.656961917877197
SLC6A3,negative,126789,O=C(N[C@H]1CC[C@H](CCN2CCN(c3cccc(Cl)c3Cl)CC2)CC1)c1ccccc1,,0.1842105263157894,,6.418374538421631
SLC6A3,negative,299800,CN1CCN(C2=Cc3ccccc3Cn3cccc32)CC1,,0.1929824561403508,,6.395978927612305
SLC6A3,negative,565014,O=C(CNS(=O)(=O)c1ccc(-c2ccccc2)cc1)NO,,0.1194029850746268,,6.377490520477295
SLC6A3,negative,438698,Cc1ccc(CCN2CCC[C@@H]2C)cc1,,0.2075471698113207,,6.342121124267578
SLC6A3,negative,1594862,c1ccc(N2CCN(CC[C@H]3CC[C@@H](Nc4ncccn4)CC3)CC2)cc1,,0.15625,,6.405435085296631
SLC6A3,negative,1502431,FC(F)(F)c1cccc(N2CCN(CCOc3ccc4[nH]c(=S)[nH]c4c3)CC2)c1,,0.125,,6.443619251251221
SLC6A3,negative,124472,CCN(CC)CCOc1ccc(CC(C)(C(=O)NO)S(=O)(=O)c2ccc(OC)cc2)cc1,,0.1265822784810126,,6.488753318786621
SLC6A3,negative,106277,N[C@@H]1[C@H]2CN(CCCNc3c4c(nc5ccccc35)CCCCC4)C[C@@H]12,,0.1884057971014492,,6.385453224182129
SLC6A3,negative,147121,COc1ccc(Cl)cc1C(=O)CCCCN1CCC2(CC1)NC(=O)NC2=O,,0.2133333333333333,,6.374231815338135
SLC6A3,negative,1500866,O=c1c(OC2O[C@H](CO)[C@H](O)[C@H](O)[C@H]2O)c(-c2ccc(O)cc2)oc2cc(O)cc(O)c12,,0.0975609756097561,,6.356720924377441
SLC6A3,negative,3120086,CC(O)C(=O)N(CC#N)CCN1CCC(c2noc3cc(F)ccc23)CC1,,0.1685393258426966,,6.423354625701904
SLC6A3,negative,2955378,C=CCN1C[C@H](OC(=O)Nc2ccccn2)C[C@H]1CNC(=O)c1cc(CCCF)cc(OC)c1OC,,0.1553398058252427,,6.434237480163574
SLC6A3,negative,500762,O=C(c1cc2cc(OC3CCN(C4COC4)CC3)ccc2n1CC(F)(F)F)N1CCOCC1,,0.1529411764705882,,6.418956756591797
SLC6A3,negative,711013,Cc1nc(C(=O)NCCCN2CCN(c3cccc(Cl)c3Cl)CC2)cc(-c2ccccc2)n1.Cl,,0.1573033707865168,,6.437650680541992
SLC6A3,negative,686156,CCCn1c(C)c(C(=O)NCCN2CCN(c3cccc(Cl)c3Cl)CC2)c(C)c1-c1ccccc1.Cl,,0.1666666666666666,,6.466490745544434
SLC6A3,negative,113357,CC(C)C[C@H](CC(=O)NO)C(=O)N[C@@H](Cc1c[nH]c2ccccc12)C(=O)N1CCOCC1,,0.1304347826086956,,6.43733549118042
SLC6A3,negative,3094048,CCOc1ccc(-c2cnc3c(-c4ccnc(C)c4)c(-c4ccccc4)nc(N)n23)cc1,,0.131578947368421,,6.430509567260742
SLC6A3,negative,3003220,O=c1[nH]c2ccc(-c3c(Cc4ccccc4)nc4c(N5CCOCC5)nccn34)cc2[nH]1,,0.0963855421686747,,6.337136745452881
SLC6A3,negative,1581052,Cc1ccc(S(=O)(=O)N(CCn2cc(COCCOCCOCCOCCOCCF)nn2)[C@@H](C(=O)NO)C(C)C)cc1,,0.1348314606741573,,6.526525497436523
SLC6A3,negative,354775,c1cc(-c2ccc(CN3CCOCC3)cc2)ccc1CN1CCOCC1,,0.14,,6.397402763366699
SLC6A3,negative,3186670,CC1CCN(CCc2nc3c4ccc5c(c4nc(N)n3n2)OC(F)(F)O5)CC1,,0.1392405063291139,,6.416967868804932
SLC6A3,negative,1834099,COc1cc2oc(-c3ccc(OCC(=O)NCCCCCNc4c5c(nc6cc(Cl)ccc46)CCCC5)cc3)cc(=O)c2c(OC)c1OC,,0.1650485436893204,,6.5851240158081055
SLC6A3,negative,267454,O=C(c1ccc(-c2ccc3oc(CCN4CCOCC4)cc3c2)cc1)N1CCOCC1,,0.1392405063291139,,6.397888660430908
SLC6A3,negative,2237483,CN[C@@H]1Cc2cccc3c2n(c(=O)n3CCCCCCCCOCCCCc2ccccc2)C1,,0.1733333333333333,,6.431790828704834
SLC6A3,negative,3911,COc1cccc(-c2ccc(C[C@H](CC(=O)NO)C(=O)N[C@H]3c4ccccc4C[C@H]3O)cc2)c1,,0.1818181818181818,,6.485719680786133
SLC6A3,negative,297503,O=C(NC/C=C/CN1CCN(c2cccc(Cl)c2Cl)CC1)c1cccc(Cl)c1,,0.1558441558441558,,6.394345760345459
SLC6A3,negative,2028641,O=C(N[C@H]1CC[C@H](CCN2CCC(c3cccc4c3CCO4)CC2)CC1)c1ccc(F)cc1,,0.1590909090909091,,6.428468704223633
SLC6A3,negative,153628,O=C(CCCN1CCN(CCC2Cc3ccccc3C2=O)CC1)c1ccc(F)cc1,,0.1358024691358024,,6.394201755523682
SLC6A3,negative,562691,C[C@@H]1CCCN1CCc1ccc(-c2ccc(S(=O)(=O)Nc3ccccc3)cc2)cc1,,0.1617647058823529,,6.414994239807129
SLC6A3,negative,1347071,O=C(CCCCN1CCC2(CC1)C(=O)NCN2c1ccccc1)c1nc2ccccc2s1,,0.1111111111111111,,6.413682460784912
SLC6A3,negative,2010989,Cn1nc(-c2cnc3ccc(F)cn23)c2ccc(C(=O)N3CCCCCC3)cc21,,0.1395348837209302,,6.441958904266357
SLC6A3,negative,148756,Cc1cccc(CN2CCC(n3c(O)nc(-c4ccccc4)c3C)CC2)c1,,0.1666666666666666,,6.378655433654785
SLC6A3,negative,2741444,NS(=O)(=O)c1ccc(NCc2cccc(Cl)c2O)cc1,,0.1194029850746268,,6.414240837097168
SLC6A3,negative,513133,CC1CCN(Cc2ccc(-c3ccc(CN4CCCCC4)cc3)cc2)CC1,,0.1886792452830188,,6.381368160247803
SLC6A3,negative,5884,Clc1cccc(N2CCNCC2)c1,,0.1607142857142857,,6.3522233963012695
SLC6A3,negative,1559799,CN([C@H]1CN(C(N)=O)C[C@@H]1S)S(=O)(=O)c1ccc(Oc2ccccc2)cc1,,0.2,,6.397727012634277
SLC6A3,negative,3002644,Cc1nc2c(o1)C(=O)N(CCN1CCC(c3noc4ccccc34)CC1)CC2,,0.1428571428571428,,6.372612953186035
SLC6A3,negative,1180054,Cc1nc2ccccc2n1Cc1ccc(C(=O)N(C)[C@@H]2CCN(C3CCCC3)C2)cc1,,0.1707317073170731,,6.391037940979004
SLC6A3,negative,2121854,C[C@H]1CCCN1C1CC[C@H](c2ccc(NC(=O)c3ccc(OC(F)(F)F)cc3)cc2)C1,,0.2368421052631578,,6.418586730957031
SLC6A3,negative,1838126,CCn1nnc([C@H]2O[C@@H](n3cnc4c(NC5CC5)nc(Cl)nc43)[C@H](O)[C@@H]2O)n1,,0.1481481481481481,,6.424745559692383
SLC6A3,negative,290707,CCN(CCCCCC(=O)N(C)CCCCCCCCN(C)C(=O)CCCCCN(CC)Cc1ccccc1)Cc1ccccc1,,0.1129032258064516,,6.476219177246094
SLC6A3,negative,82481,Cc1nnc(-c2ccc(-c3ccc(C(=O)NCCCCN4CCc5ccc(OS(=O)(=O)C(F)(F)F)cc5C4)cc3)cc2)o1,,0.1313131313131313,,6.530095100402832
SLC6A3,negative,113380,CC(C)C[C@H](CC(=O)NO)C(=O)N[C@H](Cc1ccncc1)C(=O)N[C@@H](C)c1ccccc1,,0.119047619047619,,6.435612678527832
SLC6A3,negative,82327,CNC(=O)c1ccc(-c2ccc(C(=O)NCCCCN3CCc4ccc(OS(=O)(=O)C(F)(F)F)cc4C3)cc2)cc1,,0.1444444444444444,,6.45468282699585
SLC6A3,negative,244734,Fc1ccc(CCN2CCC3(C=Cc4cc(F)ccc4O3)CC2)c(F)c1,,0.1,,6.428943634033203
SLC6A3,negative,123755,COc1ccc(S(=O)(=O)C(Cc2cccnc2)(CC(C)C)C(=O)NO)cc1,,0.144578313253012,,6.379197120666504
SLC6A3,negative,2361114,O=C1c2ccccc2S(=O)(=O)N1CCCCCCN1CCN(c2cccc3ccccc23)CC1,,0.1594202898550724,,6.426380634307861
SLC6A3,negative,3212678,O=c1[nH]c2ccc(-c3c(-c4ccc(F)cc4)nc4c(N5CCOCC5)ncc(F)n34)cc2[nH]1,,0.0919540229885057,,6.334081172943115
SLC6A3,negative,357534,Clc1ccc2c(c1)N=C(N1CCN(Cc3cccc4c3OCO4)CC1)c1ccccc1N2,,0.1265822784810126,,6.33318567276001
SLC6A3,negative,172474,Nc1nc(SCCN2CCN(Cc3ccccc3Cl)CC2)nc(N)c1Cc1ccccc1,,0.1594202898550724,,6.40918493270874
SLC6A3,negative,1757921,Clc1cccc(N2CCN(CCCCOc3cc4ccccn4n3)CC2)c1Cl,,0.1690140845070422,,6.463860034942627
SLC6A3,negative,713478,CNCCCN(c1ccccc1)c1ccc(OCCN2CCCC2)cc1,,0.1515151515151515,,6.441882133483887
SLC6A3,negative,234543,COc1ccccc1N1CCN(CCNC(=O)c2cnn3ccccc23)CC1,,0.1686746987951807,,6.375336170196533
SLC6A3,negative,2983676,Cc1nn(CC(C)(C)O)cc1N1CCC[C@@H](c2nc3c4cc(F)c(OC(F)F)cc4nc(N)n3n2)C1,,0.13,,6.4597883224487305
SLC6A3,negative,1836027,O=S(=O)(c1ccccc1)n1ccc2c(N3CCN(CCCCOc4ccccc4)CC3)cccc21,,0.1527777777777778,,6.422198295593262
SLC6A3,negative,146900,CCN(C)CCc1c(-c2ccc(F)cc2)[nH]c2ccccc12,,0.109375,,6.341784477233887
SLC6A3,negative,147016,c1ccc(-c2[nH]c3ccccc3c2CCN2CCCC2)cc1,,0.175438596491228,,6.355545520782471
SLC6A3,negative,233523,O=c1[nH]c2ccccc2c(=O)n1CCC1CCN(Cc2ccccc2)CC1,,0.1527777777777778,,6.372454643249512
SLC6A3,negative,2501475,O=S(=O)(N[C@@H]1CCN(CCCc2noc3ccccc23)C1)c1cccc2ccccc12,,0.1511627906976744,,6.418819904327393
SLC6A3,negative,3168077,O=C(NCCN1CCC(c2cccc(F)n2)CC1)C1CCOCC1,,0.1794871794871795,,6.412832736968994
SLC6A3,negative,1336774,COc1ccc2oc(C(=O)NCCCCCCCCCCNc3c4c(nc5ccccc35)CCCC4)cc(=O)c2c1.Cl,,0.134020618556701,,6.39988899230957
SLC6A3,negative,436456,Cc1ccc(Oc2ccc(N(C[C@H](O)C(=O)NO)S(=O)(=O)Cc3cccnc3)cc2)cc1,,0.1264367816091954,,6.405416011810303
SLC6A3,negative,390350,CCOc1ccccc1N1CCN(CCC[C@H]2CC(c3ccc(OC)c(OC)c3)=NO2)CC1,,0.141025641025641,,6.466824054718018
SLC6A3,negative,1077236,COc1ccccc1N1CCN(C/C=C/CNC(=O)c2cc(I)ccc2OCCF)CC1.O=C(O)C(=O)O,,0.2,,6.607443332672119
SLC6A3,negative,2312745,Cc1sc(-c2ccc(Cl)cc2)nc1OCCN1CCCCC1,,0.2063492063492063,,6.389718532562256
SLC6A3,negative,2878228,COc1cccc2c1nc(N)n1nc([C@H]3C[C@H](c4ncc(C(C)(C)N)cc4Cl)C3)nc21,,0.1428571428571428,,6.511898517608643
SLC6A3,negative,150859,CCCN1CCC[C@@H](c2cccc(S(=O)(=O)N(C)C)c2)C1,,0.2083333333333333,,6.389967441558838
SLC6A3,negative,2980364,Cc1cc2nc(N[C@@H](C)c3ccccn3)nc(C(=O)NC3CCC3)c2s1,,0.1627906976744186,,6.42831563949585
SLC6A3,negative,335713,Cc1c(O)ccc2cnn(C[C@H](C)N)c12,,0.1147540983606557,,6.3500542640686035
SLC6A3,negative,424865,Cc1ccc(-c2nc(NC(=O)COc3cccc(Cl)c3)cc(-c3nccs3)n2)o1,,0.1428571428571428,,6.379189968109131
SLC6A3,negative,1168083,O=c1ccc(-c2ccc(OCCCN3CCCC3)cc2)n[nH]1,,0.1428571428571428,,6.380350112915039
SLC6A3,negative,142588,CC(NC(=O)OCc1ccccc1)P(=O)(O)CC(CCCc1ccccc1)C(=O)NC(Cc1c[nH]c2ccccc12)C(N)=O,,0.1089108910891089,,6.461857795715332
SLC6A3,negative,1421861,C[C@@H]1CCCN1CCc1ccc2cc(-n3ncccc3=O)ccc2c1,,0.1527777777777778,,6.409429550170898
SLC6A3,negative,333225,CC(C)NC(=O)/C(=C/c1cccc(-c2cc(C(C)C)cc3cccnc23)c1)c1ccc(S(C)(=O)=O)cc1,,0.1413043478260869,,6.482630252838135
SLC6A3,negative,1342747,COC1CCN(c2cccc(-c3nc(N)nc(-c4ccccc4O)n3)c2)CC1,,0.1923076923076923,,6.378799915313721
SLC6A3,negative,564006,CCN(CCCCCCNC1=CC(=O)C(NCCCCCCN(CC)[C@@H](C)c2ccccc2OC)=CC1=O)[C@@H](C)c1ccccc1OC,,0.1351351351351351,,6.571064472198486
SLC6A3,negative,1543069,COc1cccc(/C=C/C(=O)N[C@H]2CC[C@H](CCN3CCc4ccc(OS(C)(=O)=O)cc4CC3)CC2)c1.Cl,,0.1956521739130435,,6.434961795806885
SLC6A3,negative,1520669,COc1cccc(CN2CCc3cc4nc(N)sc4cc3CC2)c1,,0.1428571428571428,,6.395331859588623
SLC6A3,negative,3067962,COc1cc2nc(N)n3nc([C@@H]4CCCN(c5cnn(CC6(C)COC6)c5)C4)nc3c2cc1F,,0.1041666666666666,,6.492588520050049
SLC6A3,negative,230221,CNCCC(Oc1cccc2ccccc12)c1ccco1,,0.125,,6.378267288208008
SLC6A3,negative,154749,CC#CCOc1ccc(S(=O)(=O)N(C)C(CSCc2cccnc2)C(=O)NO)cc1,,0.1304347826086956,,6.441556930541992
SLC6A3,negative,17524,Nc1nc2ccccc2n2c(=O)n(-c3ccccc3)nc12,,0.1525423728813559,,6.363511085510254
SLC6A3,negative,2470646,NCCCc1c[nH]cn1.O=C(O)C(F)(F)F.O=C(O)C(F)(F)F,,0.106060606060606,,6.4159979820251465
SLC6A3,negative,2878601,CCOc1cccc2cc(CNCC[C@H]3CC[C@H](NC(=O)N4CCCC4)CC3)oc12,,0.1818181818181818,,6.488742351531982
SLC6A3,negative,115388,CC(C(=O)NO)N(Cc1ccccc1[N+](=O)[O-])S(=O)(=O)c1c(F)c(F)c(F)c(F)c1F,,0.1282051282051282,,6.450247287750244
SLC6A3,negative,367084,COc1ccc(Cn2nnc(C(=O)NCCCCCN3CCN(c4cccc(Cl)c4Cl)CC3)c2C)cc1,,0.1666666666666666,,6.43423318862915
SLC6A3,negative,591752,Nc1nc(C(=O)NCc2ccccn2)nc(-c2ccco2)n1,,0.0975609756097561,,6.360244274139404
SLC6A3,negative,1946268,CC(C)N1CCN(C(=O)c2ccc(CN3CCCCCC3)cc2)CC1,,0.1666666666666666,,6.412988185882568
SLC6A3,negative,2527357,CCOC(=O)c1c(C)nc(N2CCN(S(=O)(=O)c3ccc(NC(C)=O)c(Cl)c3)CC2)nc1-c1ccc(OC)c(OC)c1,,0.1473684210526315,,6.496466159820557
SLC6A3,negative,1145117,O=C1CCc2ccc(OCCCCN3CCN(c4cccc(Cl)c4F)CC3)nc2N1,,0.1149425287356321,,6.4254584312438965
SLC6A3,negative,220767,CC(N)Cc1c[nH]c2ccc3c(c12)CCCO3,,0.106060606060606,,6.392726898193359
SLC6A3,negative,568994,Cn1cc2c(nc(NC(=O)Cc3ccsc3)n3nc(-c4ccco4)nc23)n1,,0.1182795698924731,,6.4143853187561035
SLC6A3,negative,1781638,CCOC(=O)c1cnc(NCC(C)C)n2nc(-c3ccco3)nc12,,0.1379310344827586,,6.36516809463501
SLC6A3,negative,2238565,CCN(CCCCNC(=O)COc1ccc(-c2cc(=O)c3c(OC)c(OC)c(OC)cc3o2)cc1)Cc1ccccc1OC,,0.12,,6.453095436096191
SLC6A3,negative,348040,CCCCc1ccc(C#Cc2ccc(SC(CCN3C(=O)c4ccccc4C3=O)C(=O)O)cc2)cc1,,0.144578313253012,,6.453696250915527
SLC6A3,negative,1783497,CN(C)CCC(=O)OC1(c2ccc(Cl)cc2)CCN(CCCC(=O)c2ccc(F)cc2)CC1,,0.2025316455696202,,6.413756370544434
SLC6A3,negative,2329487,COc1nc(-c2ccnc(NC(=O)C3CC3)c2)sc1C(=O)NCCCCCCNc1c2c(nc3ccccc13)CCCC2,,0.1415094339622641,,6.495772838592529
SLC6A3,negative,2072435,CCNC[C@H]1O[C@@H](n2cnc3c(N)ncnc32)[C@H](O)[C@@H]1O,,0.0985915492957746,,6.373497486114502
SLC6A3,negative,144724,Cc1cc2c(OC[C@H](O)CN3CC[C@@H](c4ccc5sccc5c4)C[C@@H]3C)cccc2[nH]1,,0.1702127659574468,,6.366708278656006
SLC6A3,negative,2460516,O=C(CCCN1CCC(O)(c2ccc(Cl)cc2)CC1)c1cccc(F)c1F,,0.1917808219178082,,6.4499993324279785
SLC6A3,negative,2797849,COc1cc2c(cc1OC)/C(=N\NC(=O)C(C)c1ccc(CC(C)C)cc1)C(CC1CCN(Cc3ccccc3)CC1)C2,,0.1894736842105263,,6.54327392578125
SLC6A3,negative,244829,O=C(CCCN1CCC(S(=O)(=O)c2ccccc2)CC1)c1ccc(F)cc1,,0.1578947368421052,,6.379466533660889
SLC6A3,negative,2471501,CC1CN2CCNCc3ccc(Cl)c1c32,,0.1612903225806451,,6.367122650146484
SLC6A3,negative,2243110,COCCOc1cccc(OC(C)(C)C(=O)Nc2nc3c(OC)cnc(N4CCOCC4)c3s2)c1,,0.1578947368421052,,6.491540431976318
SLC6A3,negative,440014,CC(=O)N1CCN(CC(=O)Nc2cc(-n3nc(C)cc3C)nc(-c3ccc(C)o3)n2)CC1,,0.1222222222222222,,6.444601058959961
SLC6A3,negative,257933,Cc1ccccc1F,,0.1428571428571428,,6.349920272827148
SLC6A3,negative,1431872,O=C(O)C1CCN(c2cc3cccnc3c(-c3cccc(Cl)c3)n2)CC1,,0.2027027027027027,,6.4026594161987305
SLC6A3,negative,2775830,CC(CNC(=O)/N=C(\N)NCCCc1nnc(N)s1)C1CCCCC1.O=C(O)C(F)(F)F.O=C(O)C(F)(F)F,,0.1149425287356321,,6.584938049316406
SLC6A3,negative,105950,COc1cc(C[C@@H](C)N)c(OC)cc1Br,,0.1076923076923077,,6.35745906829834
SLC6A3,negative,3037218,O=C1Cc2cc(-c3c(-c4ccccc4)nn4c(OC5CCCC5)nccc34)ccc2N1,,0.1235955056179775,,6.3745269775390625
SLC6A3,negative,2373316,Cl.Cl.N[C@@H](Cc1c[nH]c2ccccc12)C(=O)NCCCCCCCCNc1c2c(nc3cc(Cl)ccc13)CCCC2,,0.1473684210526315,,6.480666160583496
SLC6A3,negative,348235,O=S(=O)(c1ccc(F)cc1)N1CC=C(CCc2ccc(F)cc2F)CC1,,0.1014492753623188,,6.426566123962402
SLC6A3,negative,6110,O=C(c1ccc(F)cc1)C1CCN(CCN2CCCc3ccccc3C2=O)CC1,,0.1481481481481481,,6.400796890258789
SLC6A3,negative,3218072,CNCc1cc(OCc2ccccc2)n(CCC2CCCC2)n1,,0.1710526315789473,,6.346787929534912
SLC6A3,negative,2318692,CC1(C)[C@@H](c2ccc(S(N)(=O)=O)cc2)[C@@H]1c1noc(-c2ccc(F)cc2)n1,,0.1351351351351351,,6.413708209991455
SLC6A3,negative,2571357,Nc1nc(-c2ccc(O)cc2)cn2c1nc1ccccc12,,0.1311475409836065,,6.35653829574585
SLC6A3,negative,83688,CS(=O)(=O)N(CC(=O)NO)Cc1ccc([N+](=O)[O-])cc1,,0.1159420289855072,,6.381126880645752
SLC6A3,negative,2749167,COc1cc(/C=C/C(=O)OCCCCCN(C)Cc2cccc(OC(=O)N(C)C)c2)ccc1O,,0.1290322580645161,,6.396997451782227
SLC6A3,negative,1268398,Nc1nc(N2CCN(C(=O)Cc3ccc(Cl)cc3)CC2)nc2nc(-c3ccco3)nn12,,0.1566265060240964,,6.385570049285889
SLC6A2,active,1262135,CN1C2CCC1[C@@H](CNc1cccc(Br)n1)[C@@H](c1ccc(Cl)cc1)C2,7.54,0.3333333333333333,0.7857142857142857,6.419042587280273
SLC6A2,active,1951868,Cl.OCC1(c2ccc(Cl)c(Cl)c2)CCNCCO1,7.77,0.1388888888888889,1.0,6.335993766784668
SLC6A2,active,648248,Cn1ccc2cc(N3CCNCC3Cc3ccccc3)ccc21,7.3,0.1666666666666666,0.6296296296296297,6.349124431610107
SLC6A2,active,2948128,NC(=O)c1cc2cc(N3CCN(CCc4cccc5c4CC(=O)N5)CC3)ccc2o1,7.13,0.1219512195121951,0.7076923076923077,6.342795372009277
SLC6A2,active,489541,CS(=O)(=O)N(Cc1ccccc1-c1ccccc1)[C@@H]1CCNC1,7.54,0.1917808219178082,1.0,6.363214492797852
SLC6A2,active,288952,CN(C)C[C@H]1C2CCC(CC2)[C@H]1c1ccc(Cl)c(Cl)c1,7.36,0.1551724137931034,1.0,6.319450378417969
SLC6A2,active,367536,CC(=O)c1cc(NC(=O)NCCC[C@H]2C[C@H](Cc3ccc(F)cc3)CCN2)cc(C(C)=O)c1,7.02,0.2087912087912088,0.734375,6.408909797668457
SLC6A2,active,376439,COc1ccc(F)cc1C[C@](O)(C1CCCC1)[C@@H]1CNCCO1,7.97,0.2666666666666666,0.5161290322580645,6.294508457183838
SLC6A2,active,427189,C=CCN(CCC)C(=O)[C@@]1(c2ccc3c(c2)CCO3)C[C@H]1CN,7.68,0.1282051282051282,0.8620689655172413,6.368891716003418
SLC6A2,active,2969511,CNC[C@@H](c1ccc2ccccc2c1)[C@H](O)c1ccccc1F,7.43,0.44,1.0,6.391655921936035
SLC6A2,active,1527280,N#Cc1cccc(O[C@H](c2ccccc2)[C@@H]2CCNC2)c1,7.3,0.2253521126760563,0.7021276595744681,6.324116230010986
SLC6A2,active,562666,CCn1c(=O)n([C@@H](c2cccc(F)c2)[C@H](O)CNC)c2ccccc21,8.19,0.208955223880597,0.7962962962962963,6.31749153137207
SLC6A2,active,489688,CCOC(=O)N(Cc1ccccc1C(F)(F)F)[C@H]1CCNC1,7.34,0.2133333333333333,0.7254901960784313,6.419297218322754
SLC6A2,active,571865,CNC[C@@H](O)[C@H](c1cccc(F)c1)n1ccc2cc(C)ccc21,7.68,0.2,0.8541666666666666,6.357884407043457
SLC6A2,active,648318,CCC[C@H]1CNCCN1c1ccc2[nH]ncc2c1,7.5,0.1710526315789473,1.0,6.295001029968262
SLC6A2,active,603497,CNC[C@@H](O)[C@H](c1ccccc1)N1CC(C)(C)c2cccc(F)c21.Cl,8.8,0.2307692307692307,0.8269230769230769,6.3498125076293945
SLC6A2,active,1527267,COc1ccccc1O[C@@H](c1ccccc1)[C@H]1CCNC1,9.4,0.2592592592592592,1.0,6.3610615730285645
SLC6A2,active,1177596,COc1cccc(N2c3ccccc3N(CC[C@@H]3CNCCO3)S2(=O)=O)c1,7.05,0.1951219512195122,0.7735849056603774,6.426829814910889
SLC6A2,active,452290,CNC[C@]1(O)Cc2ccccc2[C@@H]1Oc1ccccc1OC,7.77,0.2413793103448276,0.7777777777777778,6.3222479820251465
SLC6A2,active,2037080,Clc1ccc(C2CNCc3cc(-c4cccnn4)ccc32)cc1Cl,7.58,0.1358024691358024,0.7169811320754716,6.326794624328613
SLC6A2,active,27713,CNCCCC12CCC(c3ccccc31)c1ccccc12,7.92,0.2222222222222222,0.3777777777777777,6.300721168518066
SLC6A2,active,412776,Cc1cccc(CN(Cc2ccccn2)[C@@H]2CCNC2)c1C,8.1,0.2,1.0,6.3161468505859375
SLC6A2,active,617937,CC(C)CN(C(=O)c1cccc(F)c1Cl)[C@H]1CCNC1,7.17,0.1948051948051948,0.8,6.344870567321777
SLC6A2,active,2071494,CC(C)C(C)[C@]1(c2ccc3ccccc3c2)CC[C@](C)(O)CC1,7.48,0.2884615384615384,0.5333333333333333,6.335702896118164
SLC6A2,active,1785671,CN1Cc2ccccc2C(c2ccc3[nH]ccc3c2)C1,8.24,0.1325301204819277,0.8372093023255814,6.311752796173096
SLC6A2,active,1170640,Cl.Clc1ccc([C@]23CNC[C@H]2C3)cc1Cl,7.2,0.1323529411764706,0.967741935483871,6.294566631317139
SLC6A2,active,489285,CC(C)C(=O)N(Cc1cccc(Cl)c1Cl)[C@@H]1CCNC1,7.43,0.2027027027027027,1.0,6.376047134399414
SLC6A2,active,347100,Cc1ccc(CN(CC(C)C)C2CCNCC2)c(C)c1.O=C(O)/C=C/C(=O)O,8.32,0.1772151898734177,0.7692307692307693,6.39536190032959
SLC6A2,active,330070,CNCCCC1(C)Cc2ccccc2N(c2ccccc2)C1=O,7.36,0.2166666666666666,0.8666666666666667,6.302611351013184
SLC6A2,active,347128,CC(C)OCCN(Cc1ccc(F)cc1C(F)(F)F)C1CCNCC1.O=C(O)C(O)C(O)C(=O)O,8.01,0.216867469879518,0.8032786885245902,6.577295780181885
SLC6A2,active,347118,CC(C)CN(Cc1ccc(F)cc1C(F)(F)F)C1CCNCC1.O=C(O)/C=C/C(=O)O,8.74,0.2278481012658227,0.8703703703703703,6.482058525085449
SLC6A2,active,2227581,O=C(c1ccc(C[C@@H]2CC[C@H]([C@H](O)c3ccccc3)N2)cc1)N1CCN(Cc2ncn(CC(F)F)n2)CC1,7.58,0.1590909090909091,0.8333333333333334,6.522975921630859
SLC6A2,active,690619,CCCC1(C(=O)c2cc(F)c3[nH]ccc3c2)CCCN1,8.7,0.125,0.6923076923076923,6.311427116394043
SLC6A2,active,333873,CC(C)(Cc1ccc2ccccc2c1)NC[C@@H](O)COc1ccccc1C#N,8.52,0.28125,0.6865671641791045,6.371359825134277
SLC6A2,active,2037081,Nc1ccc(-c2ccc3c(c2)CNCC3c2ccc(Cl)c(Cl)c2)nn1,7.64,0.1375,0.7959183673469388,6.3471784591674805
SLC6A2,active,412788,COc1cccc(CN(C2CCOCC2)[C@H]2CCNC2)c1C,7.96,0.2297297297297297,0.7551020408163265,6.325999736785889
SLC6A2,active,1951990,Cl.OC[C@H]1CNCCO[C@@H]1c1ccc(Cl)c(Cl)c1,8.24,0.2537313432835821,1.0,6.3424553871154785
SLC6A2,active,2091813,Cl.O=C1NCCCN1C[C@@H]1CNCCO[C@H]1c1ccc(Cl)c(F)c1,10.1,0.240506329113924,0.7931034482758621,6.405671119689941
SLC6A2,active,3045172,CNC[C@H](C[C@H](O)c1ccccc1)c1ccc2ccccc2c1,7.53,0.4375,1.0,6.3017168045043945
SLC6A2,active,632227,COc1ccccc1CC(c1ccc(F)cc1)N1CCNCC1,7.0,0.2419354838709677,0.8333333333333334,6.396154880523682
SLC6A2,active,330083,CNCCCC1Cc2ccccc2N(c2ccc(Cl)cc2)C1=O,7.68,0.1875,0.8260869565217391,6.337724685668945
SLC6A2,active,1074077,CN(C)CC1(c2ccc(Cl)c(Cl)c2)CCCCC1,8.4,0.1607142857142857,0.967741935483871,6.295962333679199
SLC6A2,active,2038104,CCOc1ccc(C2(CC(C)CCNCCCC(N)=O)CCC2)cc1,8.26,0.1621621621621621,1.0,6.367002010345459
SLC6A2,active,3276603,CNCC[C@@H](Oc1cccnc1OCCO)c1ccccc1,7.41,0.5625,0.7659574468085106,6.349844932556152
SLC6A2,active,3209788,CN(C)C[C@H](c1ccc2ccccc2c1)[C@H](N)c1ccccc1,7.82,0.675,0.6923076923076923,6.316522598266602
SLC6A2,active,516308,c1ccc(CC2(c3ccc4sccc4c3)CCNC2)cc1,8.52,0.1428571428571428,0.62,6.329148292541504
SLC6A2,active,3188872,NCC1(O)CCN(c2cc(Oc3cccc(F)c3)cc(F)c2F)CC1,7.51,0.1515151515151515,0.7307692307692307,6.389603614807129
SLC6A2,active,105779,CN(CCCc1ccccc1)C1CCN(CCOC(c2ccccc2)c2ccccc2)CC1,7.38,0.5490196078431373,0.8367346938775511,6.336441993713379
SLC6A2,active,359575,COC(=O)[C@H]1[C@@H](c2ccc(I)cc2)C[C@@H]2CC[C@H]1N2C,7.49,0.3823529411764705,1.0,6.3838419914245605
SLC6A2,active,3156080,CNC[C@H](c1ccc2ccccc2c1)[C@H](N)c1ccccc1,7.74,0.4883720930232558,0.6923076923076923,6.316887378692627
SLC6A2,active,412791,Cc1ccccc1CN(C1CCOCC1)[C@H]1CCNC1,8.15,0.2142857142857142,0.8181818181818182,6.321644306182861
SLC6A2,active,347504,FC(F)(F)OCCN(Cc1ccccc1C(F)(F)F)C1CCNCC1.O=C(O)C(O)C(O)C(=O)O,7.29,0.1830985915492957,0.7586206896551724,6.549351215362549
SLC6A2,active,1051118,CN(C)CCC=C1c2ccccc2COc2ccccc21,7.54,0.1896551724137931,0.6842105263157895,6.284082889556885
SLC6A2,active,511381,CNC[C@@H]1OCc2ccccc2[C@@H]1Oc1ccccc1F,7.12,0.2166666666666666,0.8297872340425532,6.343498229980469
SLC6A2,active,650116,COC[C@@]12CNC[C@H](F)[C@]1(c1ccc(Cl)c(Cl)c1)C2,7.0,0.1578947368421052,1.0,6.324039936065674
SLC6A2,active,353774,CN1C2CCC1C1COC(=O)CCCCCC(=O)Nc3ccc(cc3)C1C2,7.7,0.3037974683544304,0.3538461538461538,6.333717346191406
SLC6A2,active,632289,Fc1ccccc1C(Cc1ccccc1OC(F)F)N1CCNCC1,7.34,0.1746031746031746,0.7659574468085106,6.47958517074585
SLC6A2,active,486742,CN1[C@H]2CC[C@@H]1[C@@H](C#Cc1ccc(N)cc1)[C@@H](c1ccc(Cl)cc1)C2.Cl,7.3,0.2857142857142857,0.7959183673469388,6.40056848526001
SLC6A2,active,1790904,Clc1ccc(C(CCN2CCOCC2)N2CCCC2)cc1Cl,7.16,0.140625,0.375,6.319616794586182
SLC6A2,active,347469,CC(C)CN(Cc1ccc(C(F)(F)F)cc1F)C1CCNCC1.O=C(O)/C=C/C(=O)O,8.66,0.1975308641975308,0.8,6.507412433624268
SLC6A2,active,1074106,CN(C)CC1(c2ccc3ccccc3c2)CCCCC1,8.15,0.32,0.717948717948718,6.302380084991455
SLC6A2,active,347415,CC(C)CN(Cc1ccccc1C(F)(F)F)C1CCNCC1.O=C(O)/C=C/C(=O)O,8.49,0.1884057971014492,0.8148148148148148,6.483770370483398
SLC6A2,active,355346,Clc1ccccc1CC(c1nccs1)N1CCNCC1,7.35,0.1282051282051282,0.6170212765957447,6.3804731369018555
SLC6A2,active,617862,CC(C)CN(C(=O)c1ccc(Cl)c(Cl)c1)[C@H]1CCNC1,7.3,0.1866666666666666,0.7291666666666666,6.356784820556641
SLC6A2,active,592271,CCN(C)CCc1cccc2[nH]cc(S(=O)(=O)c3ccccc3)c12,7.55,0.203125,0.8723404255319149,6.323824882507324
SLC6A2,active,1571734,COC[C@H](c1ccc(Cl)c(Cl)c1)C1CCNCC1.Cl,7.82,0.1857142857142857,1.0,6.345341205596924
SLC6A2,active,511386,CNC[C@@H]1OCc2ccccc2[C@@H]1Oc1ccc(F)cc1C,7.89,0.238095238095238,0.84,6.291724681854248
SLC6A2,active,1059280,c1ccc(O[C@@H]2C[C@H]3CC[C@@H](C2)N3)cc1,7.27,0.1632653061224489,0.6470588235294118,6.31425142288208
SLC6A2,active,3241058,CNC[C@@H](c1ccc2ccccc2c1)[C@@H](O)c1cccnc1,8.42,0.48,1.0,6.337911605834961
SLC6A2,active,690855,Cc1ccc(C(=O)C2(CCC(C)(C)C)CCNC2)cc1Cl,8.4,0.1363636363636363,0.8222222222222222,6.3261494636535645
SLC6A2,active,1527286,Clc1cccc(Cl)c1O[C@@H](c1ccccc1)[C@H]1CCNC1,9.4,0.1929824561403508,1.0,6.353143692016602
SLC6A2,active,562667,CNC[C@@H](O)[C@H](c1cccc(F)c1)n1c(=O)n(C(C)C)c2cccc(F)c21,8.39,0.1739130434782608,0.8269230769230769,6.382596969604492
SLC6A2,active,3119736,CNC[C@H](c1ccc(Cl)c(Cl)c1)[C@@H](O)c1cccc(NC(C)=O)c1,7.48,0.2786885245901639,1.0,6.325599670410156
SLC6A2,active,489614,CS(=O)(=O)N(Cc1ccccc1Oc1ccccc1)[C@H]1CCNC1,7.02,0.2328767123287671,0.6666666666666666,6.381623268127441
SLC6A2,active,515244,Cn1ccc2cc(C3(Cc4ccccc4)CCNC3)ccc21,9.0,0.1515151515151515,0.5961538461538461,6.3328704833984375
SLC6A2,active,2522207,CCNc1ncc2c(n1)N(C)CCN(c1cccc(O[C@@H](CCNC)c3cccs3)c1)C2=O,7.34,0.216867469879518,0.8108108108108109,6.471475124359131
SLC6A2,active,553098,CCOc1ccccc1C[C@@H](c1ccccc1)N1CCNCC1.Cl,7.72,0.2413793103448276,1.0,6.408362865447998
SLC6A2,active,46385,OC1(c2ccc(Cl)cc2)c2ccccc2C2=NCCN21,9.04,0.109375,0.8536585365853658,6.308695316314697
SLC6A2,active,632146,CC(C)Oc1ccccc1CC(c1ccccc1)N1CCNCC1,7.66,0.2678571428571428,0.7727272727272727,6.416925430297852
SLC6A2,active,648247,Clc1ccc(N2CCNCC2Cc2ccccc2)cc1Cl,7.8,0.1805555555555555,0.6666666666666666,6.340426921844482
SLC6A2,active,565281,Clc1cccc(OC(c2ccccn2)[C@@H]2CCNC2)c1Cl,8.05,0.2,1.0,6.342404842376709
SLC6A2,active,1790510,CC(C)N(Cc1ccc(Cl)c(Cl)c1)CC1CNC1.Cl,7.34,0.1451612903225806,0.574468085106383,6.407145023345947
SLC6A2,active,580408,CNC[C@H](O)[C@H](c1ccccc1)n1ccc2cc(Cl)ccc21,7.31,0.2459016393442623,0.78,6.309797286987305
SLC6A2,active,567967,CNCCC(c1ccccc1)c1ccc2[nH]ccc2c1,8.0,0.36,0.4893617021276595,6.30853796005249
SLC6A2,active,2299518,Clc1ccc([C@@H]2CCN[C@@H]3CCOC[C@@H]32)cc1Cl,7.3,0.2058823529411764,0.4117647058823529,6.317971706390381
SLC6A2,active,1170656,N#Cc1ccnn1C[C@@]12CNCC[C@]1(c1ccc(Cl)c(Cl)c1)C2,7.5,0.1309523809523809,0.7272727272727273,6.35101842880249
SLC6A2,active,517015,C=CCN(Cc1nccs1)C(=O)[C@@]1(c2cccs2)C[C@H]1CN,7.89,0.1168831168831168,0.7592592592592593,6.351888656616211
SLC6A2,active,396256,COC(=O)[C@@H]1[C@H]2CC[C@H](C[C@H]1c1ccc(C)c(F)c1)N2,8.75,0.2098765432098765,1.0,6.268547534942627
SLC6A2,active,3101651,CNCC(c1ccc(F)c(Cl)c1)[C@H](O)c1ccccc1,7.99,0.392156862745098,0.775,6.30001974105835
SLC6A2,active,690858,CCCC1(C(=O)c2cc(F)c3[nH]ccc3c2)CCNC1,8.6,0.1375,0.8775510204081632,6.315194129943848
SLC6A2,active,600001,Clc1ccccc1Oc1ncccc1C1CCNCC1,7.13,0.1830985915492957,0.813953488372093,6.367142677307129
SLC6A2,active,1170745,Clc1ccc([C@]23CCNCC2(Cn2ccc4ccccc42)C3)cc1Cl,7.2,0.1285714285714285,0.6896551724137931,6.363011360168457
SLC6A2,active,560783,CC(C)c1ccccc1C(=O)N(C1CCCC1)[C@H]1CCNC1,7.5,0.1621621621621621,0.975,6.3485870361328125
SLC6A2,active,192900,CNCC[C@H](Oc1cccc2c(O)cccc12)c1cccs1,7.74,0.3962264150943396,0.8666666666666667,6.308915138244629
SLC6A2,active,1785670,CN1Cc2ccccc2C(c2cccc3ccsc23)C1,8.11,0.1290322580645161,0.6444444444444445,6.312956809997559
SLC6A2,active,596817,COC[C@H]1[C@@H]2CNC[C@@]21c1ccc2ccccc2c1,9.0,0.2203389830508474,1.0,6.311758041381836
SLC6A2,active,2526803,CCNc1ncc2c(n1)N(C)CCN(c1ccc(COC(CCNC)c3ccccc3)cc1)C2=O,8.15,0.2933333333333333,0.7333333333333333,6.461702823638916
SLC6A2,active,480421,CNC[C@@H](O)[C@H](c1ccccc1)N(C)c1cccc(C)c1,7.21,0.2857142857142857,0.7692307692307693,6.312525749206543
SLC6A2,active,6243,CNCCCN1c2ccccc2CCc2ccccc21,9.22,0.2448979591836734,0.9666666666666668,6.279858589172363
SLC6A2,active,2037063,FC(F)(F)c1ccc(-c2ccc3c(c2)NCCC3c2ccc(Cl)cc2)nn1,7.33,0.1481481481481481,0.5,6.366485118865967
SLC6A2,active,1782340,CC1NCCCN(c2ccc3ccccc3c2)C1=O.Cl,7.85,0.2241379310344827,1.0,6.303394317626953
SLC6A2,active,433804,Cc1cc(Oc2ccccc2C(C)C)c(CN(C)C)cn1,7.89,0.2542372881355932,0.6956521739130435,6.338383674621582
SLC6A2,active,603419,CNC[C@@H](O)[C@H](c1cc(F)cc(F)c1)N1CC(C)(C)c2ccccc21.Cl,8.39,0.2153846153846154,0.8431372549019608,6.351517677307129
SLC6A2,active,480576,CN(c1ccccc1)[C@@H](c1ccccc1)[C@H](O)CN,7.17,0.3333333333333333,0.6666666666666666,6.316801071166992
SLC6A2,active,3075980,CNC[C@@H](c1ccc2ccccc2c1)[C@H](O)c1cc(F)cc(F)c1,7.86,0.4791666666666667,1.0,6.35793399810791
SLC6A2,active,427234,C#CCN(CC(=C)F)C(=O)[C@@]1(c2ccc3c(c2)OCCO3)C[C@H]1CN,8.4,0.1666666666666666,0.8301886792452831,6.387425899505615
SLC6A2,active,330014,CCCCC1(CCCNC)Cc2ccccc2N(c2ccc(C)cc2)C1=O,8.1,0.1969696969696969,0.9183673469387756,6.3232421875
SLC6A2,active,564439,CCn1c(=O)n([C@@H](c2ccccc2)[C@H](O)CNC)c2ccccc21,7.78,0.2413793103448276,0.8222222222222222,6.309401512145996
SLC6A2,active,559949,CCOc1ccccc1OC(c1cccnc1)C1CCNCC1,7.89,0.2258064516129032,0.76,6.427758693695068
SLC6A2,active,648281,COc1cc(N2CCNCC2Cc2ccccc2)cc2cc[nH]c12,7.3,0.175,0.7407407407407407,6.334841728210449
SLC6A2,active,437964,CNCc1cc(C(=O)N(C)C)ccc1Oc1ccc(Cl)cc1Cl,7.48,0.15625,0.8085106382978723,6.284367561340332
SLC6A2,active,3042195,CNC[C@H](c1ccc2ccccc2c1)[C@H](OCC(=O)NC1CCC1)c1ccccc1,8.85,0.3492063492063492,0.9230769230769232,6.392131328582764
SLC6A2,active,453376,CNCC1(O)Cc2ccccc2C1Sc1ccccc1C,8.0,0.2413793103448276,0.58,6.3045573234558105
SLC6A2,active,1785664,CN1Cc2ccccc2C(c2cccc3ccoc23)C1,8.7,0.1290322580645161,0.6590909090909091,6.314859867095947
SLC6A2,active,78121,COC(=O)C1C2CC[C@H](C[C@@H]1c1ccc(Cl)c(C)c1)N2C,9.1,0.3378378378378378,1.0,6.356844902038574
SLC6A2,active,1446153,COc1ccc2c(c1)CN(C)CC2c1ccccc1,7.5,0.1525423728813559,0.7857142857142857,6.362973690032959
SLC6A2,active,405813,CN(C)Cc1cc(OCCO)ccc1Sc1ccc(F)cc1N,7.25,0.3684210526315789,0.8478260869565217,6.330810546875
SLC6A2,active,604459,CNC[C@@H](O)[C@H](c1cccc(F)c1)N1CC(C)c2ccccc21.Cl,8.21,0.2238805970149253,1.0,6.355003833770752
SLC6A2,active,690546,CC(C)CC1(C(=O)c2ccc3[nH]ncc3c2)CCCN1,8.1,0.144927536231884,0.75,6.333755970001221
SLC6A2,active,355130,CCc1ccccc1CC(c1ccccc1)N1CCNCC1,7.14,0.2,0.7435897435897436,6.392762184143066
SLC6A2,reference,6643,Fc1ccc([C@@H]2CCNC[C@H]2COc2ccc3c(c2)OCO3)cc1,7.4,1.0,0.3114754098360656,6.368838310241699
SLC6A2,reference,27342,CNCC[C@@H](Oc1ccccc1C)c1ccccc1,8.69,1.0,0.7297297297297297,6.303150653839111
SLC6A2,reference,229357,CSCCSCCC(=O)OC[C@@H]1C2CCC(C[C@@H]1c1ccc(F)cc1)N2C,7.79,1.0,0.4516129032258064,6.353233337402344
SLC6A2,reference,547750,CC(C)(C)[C@H](O)[C@@H](CN)c1ccc2ccccc2c1.Cl,7.26,1.0,0.7435897435897436,6.297472953796387
SLC6A2,reference,547796,CN(C)C[C@@H](c1ccc2ccccc2c1)[C@@H](O)C(C)(C)C.Cl,7.52,1.0,0.7435897435897436,6.339082717895508
SLC6A2,reference,552260,CN(C)C[C@@H](c1ccc2ccccc2c1)[C@@H](O)c1ccccc1.Cl,7.36,1.0,0.9705882352941176,6.3549723625183105
SLC6A2,reference,552273,Cl.NC[C@@H](c1ccc2ccccc2c1)[C@@H](O)c1ccccc1,7.68,1.0,0.967741935483871,6.370607852935791
SLC6A2,reference,27714,CN(C)Cc1ccccc1Sc1ccc(Br)cc1CO,7.46,1.0,0.5365853658536586,6.288370609283447
SLC6A2,reference,199920,Fc1ccc(C(OCCNCCCNCCc2ccccc2)c2ccc(F)cc2)cc1,7.09,1.0,0.5510204081632653,6.378289222717285
SLC6A2,reference,200010,CN(CCCc1ccccc1)CCCN(C)CCOC(c1ccccc1)c1ccccc1,7.52,1.0,0.5490196078431373,6.3673095703125
SLC6A2,negative,3087811,C[C@H](Nc1nc(C(=O)NCC2CCC2)c2sccc2n1)c1ccccn1,,0.125,,6.322136878967285
SLC6A2,negative,330937,CC#CCOc1ccc(S(=O)(=O)N2CCN(S(C)(=O)=O)CC2C(=O)NO)cc1,,0.1397849462365591,,6.373422622680664
SLC6A2,negative,2031306,O=S(=O)(N[C@H]1CC[C@H](CCN2CCN(c3cccc4c3OCO4)CC2)CC1)N1CCOCC1,,0.1590909090909091,,6.349020957946777
SLC6A2,negative,452863,CSc1ccc(Oc2ccccc2CN(C)C)cc1,,0.3137254901960784,,6.288776397705078
SLC6A2,negative,486229,CCCC#Cc1cccc(Cc2c[nH]cn2)c1,,0.1269841269841269,,6.340402603149414
SLC6A2,negative,2478813,Nc1nc(-c2ccc(NC(=O)CCN3CCN(CCO)CC3)cc2)cn2c(=O)n(-c3ccccc3)nc12,,0.127906976744186,,6.442293167114258
SLC6A2,negative,472214,Nc1nc(-c2cccs2)c2nnn(Cc3ccccc3F)c2n1,,0.1216216216216216,,6.3040900230407715
SLC6A2,negative,3273196,N#Cc1cc(F)c(-c2c(C(=O)N3CCC3)nc3cccnn23)cc1F,,0.1170212765957446,,6.353095054626465
SLC6A2,negative,2749050,CC(C)ON([C@@H](CCNC(=O)OCc1ccccc1)C(=O)NO)S(=O)(=O)c1ccc(-c2ccccc2)cc1,,0.1756756756756756,,6.389334201812744
SLC6A2,negative,2054684,CCn1nnc([C@H]2O[C@@H](n3cnc4c(N)nc(NC(C)Cc5ccc(C(F)(F)F)cc5)nc43)[C@H](O)[C@@H]2O)n1,,0.1304347826086956,,6.446300983428955
SLC6A2,negative,591849,Cc1ccc(-c2cc(C(=O)NCc3cccn3C)nc(N)n2)o1,,0.136986301369863,,6.345410346984863
SLC6A2,negative,1926745,O=C(CCCN1CC=C(c2ccc(Cl)cc2)CC1)c1ccc(F)cc1,,0.2098765432098765,,6.321600914001465
SLC6A2,negative,184518,CCN(Cc1ccc(OC)c(OC)c1)Cc1ccc(-c2cc(S(=O)(=O)CC)ccc2OC)[nH]1,,0.1216216216216216,,6.305850028991699
SLC6A2,negative,3175994,Cn1cnc2c1C(=O)N(CCN1CCC(c3noc4ccccc34)CC1)CC2,,0.125,,6.329591751098633
SLC6A2,negative,1278492,COC(=O)[C@H]1[C@@H](c2ccc(Br)cc2)C[C@@H]2CC[C@H]1N2C/C=C/CF,,0.3164556962025316,,6.409247398376465
SLC6A2,negative,421560,COc1ccc(-c2ccc(S(=O)(=O)N[C@H](C(=O)O)C3CCN(C(=O)OC(C)(C)C)CC3)cc2)cc1,,0.1397849462365591,,6.389230728149414
SLC6A2,negative,3055282,CCc1cc(-c2c(-c3ccccc3)nc(N)n3cnnc23)cc(C)n1,,0.1571428571428571,,6.3700361251831055
SLC6A2,negative,2801532,Cn1c(CCCN2CCN(c3cccc(Cl)c3Cl)CC2)nc(-c2ccccc2)c1C(=O)NCc1ccccc1,,0.1686746987951807,,6.3754448890686035
SLC6A2,negative,287761,COc1ccc(P(=O)(OC)N2Cc3ccccc3CC2C(=O)NO)cc1,,0.1408450704225352,,6.316356182098389
SLC6A2,negative,3052304,O=C(c1nc2cccnn2c1-c1ccc(Cl)c(F)c1)N1CCC1,,0.108695652173913,,6.357694149017334
SLC6A2,negative,1958559,N#Cc1cccc(-c2nc(N3CCC(C(N)=O)CC3)cc3cccnc23)c1,,0.1351351351351351,,6.34802770614624
SLC6A2,negative,707896,O=C1NCc2ccc(OCCCN3CCN(c4cccc5ccccc45)CC3)c(Cl)c21,,0.1428571428571428,,6.376781940460205
SLC6A2,negative,3207200,O=C1Cc2cc(-c3c(-c4ccc(F)cc4)nc4c(N5CC[C@H](O)C5)nccn34)ccc2N1,,0.1489361702127659,,6.289652347564697
SLC6A2,negative,1179832,COC[C@@H]1CCCN1CCCOc1ccc(-c2nn(C(C)C)c(=O)c3ccsc23)cc1,,0.1485148514851485,,6.357963562011719
SLC6A2,negative,265883,C[C@@H](NC(=O)c1cnccn1)C(=O)N1CCN(CCCOc2ccc(-c3noc(-c4ccccc4)n3)c(F)c2)CC1,,0.1666666666666666,,6.365253448486328
SLC6A2,negative,3027524,C[C@@H](Cc1nc2c3ccc4c(c3nc(N)n2n1)OC(F)(F)O4)N1CCCC(F)(F)C1,,0.0970873786407767,,6.365426063537598
SLC6A2,negative,1068962,COc1c(C(=O)Nc2nccs2)ccc(NC(=O)CC(C)(C)C)c1F,,0.1182795698924731,,6.321610927581787
SLC6A2,negative,1167948,CC(=O)N1CCN(C2(c3ccc(Oc4ccccc4)cc3)C(=O)NC(=O)NC2=O)CC1,,0.1363636363636363,,6.3642072677612305
SLC6A2,negative,275572,Fc1ccc(N2CCN(CC[C@H]3CC[C@H](Nc4ncccn4)CC3)CC2)cc1,,0.1911764705882352,,6.4004034996032715
SLC6A2,negative,2542878,CCc1cc(Cl)c(OC)c(C(=O)NC[C@@H]2CCCN2CCCCOc2ccc3c(c2)NC(=O)CC3)c1O,,0.1415094339622641,,6.366915702819824
SLC6A2,negative,424879,N#Cc1cccc(OCC(=O)Nc2cc(-c3nccs3)nc(-c3ccccn3)n2)c1,,0.141025641025641,,6.355007171630859
SLC6A2,negative,146366,C=C1c2ccccc2C=C(N2CCN(C)CC2)c2ccccc21,,0.135593220338983,,6.28365421295166
SLC6A2,negative,396026,COc1ccc(C(F)(F)F)cc1S(=O)(=O)N[C@H]1CC[C@H](N2CCN(c3ccccc3OC(C)C)CC2)CC1,,0.1632653061224489,,6.390458583831787
SLC6A2,negative,436174,Cc1ccc(C#Cc2ccc(N(C[C@H](O)C(=O)NO)S(C)(=O)=O)cc2)cc1,,0.1538461538461538,,6.383106231689453
SLC6A2,negative,1588191,COc1cc2c(cc1OC)C(=O)C(CCCCCCc1cccc(OC)[n+]1C)C2.O=S(=O)([O-])C(F)(F)F,,0.1204819277108433,,6.455402851104736
SLC6A2,negative,318992,COc1ccc(P(=O)(OC2CCCCC2)N2Cc3ccccc3C[C@@H]2C(=O)NO)cc1,,0.1263157894736842,,6.34414005279541
SLC6A2,negative,1575067,c1cc(CN2CCCCC2)cc(-c2ccc(OCCCN3CCCCC3)cc2)c1,,0.1587301587301587,,6.343071937561035
SLC6A2,negative,1950060,COc1ccccc1N1CCN(CCCCc2cn(-c3ccc4cnccc4c3)nn2)CC1,,0.1481481481481481,,6.360134124755859
SLC6A2,negative,21788,C#CCOc1ccc(S(=O)(=O)N(C)c2c(C)cc(Br)cc2C(=O)NO)cc1,,0.1643835616438356,,6.416247367858887
SLC6A2,negative,429662,S=C(NC1CCCCC1)N1CCC(c2cnc[nH]2)CC1,,0.0941176470588235,,6.387612342834473
SLC6A2,negative,1341970,O=C(Nc1ccc(CCN2CCN(c3ccccc3)CC2)cc1)Nc1cccnc1,,0.1830985915492957,,6.356561660766602
SLC6A2,negative,2720794,Nc1ccccc1NC(=O)c1ccc(CCn2ncc3c2nc(N)n2nc(-c4ccco4)nc32)cc1,,0.125,,6.449013710021973
SLC6A2,negative,2428763,CCOc1ccc(Cc2nc3cc(C(=O)NCCCCCCNc4c5c(nc6ccccc46)CCCC5)ccc3n2CCC(C)C)cc1,,0.1546391752577319,,6.429384708404541
SLC6A2,negative,393976,COc1ccc(C2CN(C)Cc3cc(OCCCN4CCC(F)(F)C4)ccc32)cc1,,0.1764705882352941,,6.355092525482178
SLC6A2,negative,3076795,Cc1cc(-c2c(-c3ccccc3F)nc(N)n3cnnc23)cc(C(F)(F)F)n1,,0.1351351351351351,,6.366207122802734
SLC6A2,negative,267384,O=C(c1ccc(-c2ccc3oc(CCN4CCCCC4)cc3c2)cc1)N1CCOCC1,,0.1195652173913043,,6.344168186187744
SLC6A2,negative,1429245,CC(C)n1cc(-c2ncc(N)nc2-c2ccc(F)cc2)ccc1=O,,0.1692307692307692,,6.386460304260254
SLC6A2,negative,469726,COc1ccccc1N1CCN(CCCCCC(=O)N2CCc3ccccc3C2)CC1,,0.1573033707865168,,6.374766826629639
SLC6A2,negative,331579,COc1ccccc1N1CCN(CCCCNC(=O)c2ccc(-c3ccccc3)cc2)CC1,,0.1911764705882352,,6.358943462371826
SLC6A2,negative,1975421,COCC(=O)N[C@H]1CC[C@H](CCN2CCN(c3nccc4sccc34)CC2)CC1,,0.1443298969072164,,6.3643598556518555
SLC6A2,negative,245320,COc1ccc2c(c1)CCC1(CCN(CCCC(=O)c3ccc(F)cc3)CC1)O2,,0.2134831460674157,,6.31584358215332
SLC6A2,negative,2873452,CNC(=O)N[C@H]1CC[C@H](CCN2CCN(c3cccc(Cl)c3Cl)CC2)CC1,,0.1444444444444444,,6.396647930145264
SLC6A2,negative,1608180,[Br-].[Br-].c1cc[n+](CCCCCCCCC[n+]2ccc3ccccc3c2)cc1,,0.2083333333333333,,6.360389232635498
SLC6A2,negative,2504103,COc1ccc(S(=O)(=O)N2C[C@H](NC(=O)CCCN)C[C@@H]2C(=O)NO)cc1,,0.1505376344086021,,6.3461198806762695
SLC6A2,negative,184135,Nc1cc(C(=O)N2CCCC2)cc2nc(-c3ccc(Br)o3)nn12,,0.1,,6.372579574584961
SLC6A2,negative,2501145,C[C@H]1CN(CC[C@H]2CC[C@H](N3C(=O)CC4(CCCC4)CC3=O)CC2)CCc2ccc(Cl)cc21,,0.1326530612244898,,6.3715362548828125
SLC6A2,negative,1523288,Clc1cc(COCC2(c3ccccc3)CCNCC2)cc(Cl)n1,,0.1515151515151515,,6.3321638107299805
SLC6A2,negative,2036922,OC1CS[C@@H](n2cnc3c(NCc4cccc(I)c4)nc(Cl)nc32)[C@H]1O,,0.1058823529411764,,6.41148567199707
SLC6A2,negative,3150788,COc1cc2nc(N)n3nc([C@@H]4CCCN(c5ncn(CC(C)(C)O)n5)C4)nc3c2cc1F,,0.116504854368932,,6.4871015548706055
SLC6A2,negative,601841,CN1CCc2cc(Cl)c(O)cc2[C@H]2c3cccc(-c4cccs4)c3CC[C@@H]21,,0.1134020618556701,,6.372368335723877
SLC6A2,negative,2085085,COc1ccccc1OCCNCCc1ccc(O)c(O)c1,,0.3157894736842105,,6.390689849853516
SLC6A2,negative,3077223,CC(C)(C)c1nn2c(N3CC(F)(F)C3)nccc2c1-c1ccc2c(c1)CC(=O)N2,,0.1012658227848101,,6.363489151000977
SLC6A2,negative,2130288,COc1cccnc1CNC(=O)c1nc(N)nc2c(OC)cccc12,,0.1617647058823529,,6.350998401641846
SLC6A2,negative,486164,c1ccc(-c2cccc(Cc3c[nH]cn3)c2)nc1,,0.140625,,6.335568904876709
SLC6A2,negative,1422111,CN1CC2CN(c3ccc(-c4ccccc4)nn3)CC2C1,,0.1607142857142857,,6.3358941078186035
SLC6A2,negative,3036229,N#Cc1cc(F)c(-c2c(C(=O)NC3CC3)nc3cccnn23)cc1F,,0.1382978723404255,,6.367729663848877
SLC6A2,negative,180914,CCCN(CCc1ccc(N/C(S)=N/c2ccc3c(c2)C(=O)OC32c3ccc(O)cc3Oc3cc(O)ccc32)cc1)C1CCc2c(O)cccc2C1,,0.14,,6.528505325317383
SLC6A2,negative,367031,Cc1c(C(=O)NCCCCN2CCN(c3cccc(Cl)c3Cl)CC2)nnn1Cc1ccccc1,,0.1707317073170731,,6.351373195648193
SLC6A2,negative,1951239,CCCN(CCCCNC(=O)/N=N/c1cc(F)c(F)c(F)c1)C1Cc2ccccc2C1,,0.1756756756756756,,6.3853936195373535
SLC6A2,negative,2102163,CC1CCCN1C1CC[C@H](c2ccc(N3CCCC4(CCN(C(=O)OC(C)(C)C)CC4)C3=O)cc2)C1,,0.1752577319587628,,6.374826431274414
SLC6A2,negative,601524,CN1CCc2cc(Cl)c(O)cc2[C@H]2c3cc(CN4CCCCC4)ccc3CC[C@@H]21,,0.1290322580645161,,6.367767333984375
SLC6A2,negative,3066414,Cc1cc(-c2c(-c3ccc(F)cc3F)nc(N)n3cnnc23)cc(Cl)n1,,0.1153846153846153,,6.365008354187012
SLC6A2,negative,1705280,Cc1c(Cl)cccc1N1CCN(CCCNC(=O)c2nc(C)n(-c3ccccc3F)c2C)CC1.Cl.Cl.Cl,,0.1566265060240964,,6.369866371154785
SLC6A2,negative,647458,O=C(c1ccc(Sc2ccc(F)cc2)nc1)N1CCCN(C2CCC2)CC1,,0.1976744186046511,,6.386735916137695
SLC6A2,negative,197006,O=C1CC(CN2CCC(c3noc4cc(F)ccc34)CC2)Cc2[nH]c3ccccc3c21,,0.1521739130434782,,6.337367057800293
SLC6A2,negative,3080928,CC1CCCN(c2nnc(N)nc2-c2ccccc2)C1,,0.1269841269841269,,6.3097639083862305
SLC6A2,negative,1168086,C[C@@H]1CCCN1CCCOc1ccc(-c2ccc(=O)n(C)n2)cc1,,0.1494252873563218,,6.353865623474121
SLC6A2,negative,2342537,COc1ccc2[nH]cc(CCNCc3ccc(-c4cccc(O)c4)o3)c2c1,,0.1392405063291139,,6.3128252029418945
SLC6A2,negative,613416,O=S1(=O)N(CCN2CC=C(c3c[nH]c4cc(F)ccc34)CC2)c2cccc3c2N1CCC3,,0.1359223300970873,,6.38137674331665
SLC6A2,negative,165356,CN(CCOCCNC(=S)NC(=O)c1ccccc1)C1CCCCC1,,0.1884057971014492,,6.346751689910889
SLC6A2,negative,430726,CCCn1c(=O)c2[nH]c(-c3ccc(OCC(=O)N4CCc5ccccc5C4)cc3)cc2n(CCC)c1=O,,0.1382978723404255,,6.46461296081543
SLC6A2,negative,1782002,CCc1nc(Nc2ccc(Cc3nnn[nH]3)cc2)nc(-c2cccc(Cl)c2)n1,,0.1184210526315789,,6.347257137298584
SLC6A2,negative,1784345,OC1(c2ccc(Cl)cc2)CC2CCC(C1)N2CCCCc1ccc(F)cc1,,0.2125,,6.308155059814453
SLC6A2,negative,549075,CN(C)CCN(Cc1ccc(-c2ccc(CNCCc3ccccc3)cc2)cc1)C(=O)CCC1CCCC1.Cl.Cl,,0.2361111111111111,,6.4817118644714355
SLC6A2,negative,3103811,Cc1ncc2c(=O)n(CCN3CCC(c4noc5ccccc45)CC3)ccc2n1,,0.1224489795918367,,6.360095500946045
SLC6A2,negative,3087882,NCC1(c2ccc3ccccc3c2)CCC(O)CC1,,0.3061224489795918,,6.325465202331543
SLC6A2,negative,476270,CCCC(=O)/N=C(\N)NCCCc1c[nH]cn1,,0.1126760563380281,,6.336262226104736
SLC6A2,negative,2089998,COc1ccc(CCN(CCCc2ccccc2Cl)CCc2ccc3c(c2)OCO3)cc1OC,,0.2205882352941176,,6.361285209655762
SLC6A2,negative,42880,Cc1ccc(C)cc1,,0.1428571428571428,,6.277622699737549
SLC6A2,negative,601413,FC(F)Oc1ccc(-c2ccnc3cc(-c4cccc(-n5cnnn5)c4)nn23)cc1OCC1CC1,,0.1320754716981132,,6.384777069091797
SLC6A2,negative,2028090,CN(C)CCNc1ccnc(N)n1,,0.1636363636363636,,6.291202068328857
SLC6A2,negative,2556658,CCOc1cc2c(cc1OC)CCN(C=O)C2Cc1c[nH]c2ccccc12,,0.1358024691358024,,6.391269683837891
SLC6A2,negative,1704593,Cc1ccc2ccc(CNCCCCCCCCNc3c4c(nc5ccccc35)CCCC4)c(O)c2n1.Cl.Cl,,0.1604938271604938,,6.405190944671631
SLC6A2,negative,3021115,CC1CC(c2nc3c4cc(F)cc(F)c4nc(N)n3n2)CN(c2cnn(CC(C)(C)O)c2)C1,,0.1136363636363636,,6.442864418029785
SLC6A2,negative,2262935,Nc1nc(NCCCNC(=O)c2ccc(S(=O)(=O)F)cc2)nc2nc(-c3ccco3)nn12,,0.127906976744186,,6.361421585083008
SLC6A2,negative,2233429,CN(C)CCCC1(c2ccc(F)cc2)OCc2c1ccc1ccccc21,,0.1940298507462686,,6.314465522766113
SLC6A2,negative,627500,CC(=O)N1C[C@@H](Oc2cccc(F)c2)C[C@@H]1C(=O)N1CCCN(C2CCCCO2)CC1,,0.16,,6.399211406707764
SLC6A2,negative,2149656,Cc1[nH]nc(C(=O)N2CCN(CC(=O)c3ccc(F)cc3)CC2)c1F,,0.1829268292682926,,6.359837055206299
SLC6A2,negative,433938,CCN(CC)c1nc2c(c(-c3ccc(C)cc3)n1)CNCC2,,0.1076923076923077,,6.330875396728516
SLC6A2,negative,2966546,CNCc1cc(OCc2cccc(Cl)c2)n(CC2OC3CCC2C3)n1,,0.1298701298701298,,6.38068151473999
SLC6A2,negative,100357,N#Cc1ccc2c(c1)[C@@H]1CN(CCCCNC(=O)c3ccc(-c4ccccc4)cc3)C[C@H]1CO2,,0.1521739130434782,,6.365634441375732
SLC6A2,negative,409582,O=S(=O)(c1ccc(F)cc1)c1ccc(/C=C/c2ccc(F)cc2)nc1,,0.1525423728813559,,6.335014820098877
SLC6A2,negative,427096,Nc1nc(-c2nccs2)c2cnn(Cc3ccccc3F)c2n1,,0.1216216216216216,,6.2887701988220215
SLC6A2,negative,329273,C[C@@H]1Oc2c(cccc2N2CCN(CCCc3c[nH]c4c(F)cccc34)CC2)NC1=O,,0.1325301204819277,,6.380762100219727
SLC6A2,negative,302181,COc1cc2c(cc1OC)C(=O)C(Oc1cccc(CN3CCN(C)CC3)c1)C2,,0.1527777777777778,,6.384488105773926
SLC6A2,negative,1077210,c1nc(CCCn2cc(CC3CCCC3)nn2)c[nH]1,,0.1058823529411764,,6.304629802703857
SLC6A2,negative,2995947,Nc1nc2c3c(ccc2c2nc([C@H]4CC[C@@H](N5CCCC(F)(F)C5)C4)nn12)OC(F)(F)O3,,0.1153846153846153,,6.472986698150635
SLC6A2,negative,2294217,COc1cc(/C=C/C(=O)NCCCCCCNc2c3c(nc4ccccc24)CCCC3)cc(OC)c1O,,0.1604938271604938,,6.367839813232422
SLC6A2,negative,314290,[Br-].[Br-].c1cc(C[n+]2ccc(N3CCCCC3)cc2)ccc1C[n+]1ccc(N2CCCCC2)cc1,,0.0892857142857142,,6.4033708572387695
SLC6A2,negative,172005,N#Cc1ccc(-c2ccc(OCCCN3CCOCC3)cc2)cc1,,0.1714285714285714,,6.346512317657471
SLC6A2,negative,2031271,C[C@@H](O)C(=O)N[C@H]1CC[C@H](CCN2CCN(c3cccc4c3OCO4)CC2)CC1,,0.160919540229885,,6.369364261627197
SLC6A2,negative,686027,CCCn1c(-c2ccccc2)cc(C(=O)N(C)CCCN2CCN(c3cccc(C)c3C)CC2)c1C,,0.1625,,6.368626594543457
SLC6A2,negative,2272969,COc1cc2c(cc1OC)C(=O)C(Cc1cc[n+](Cc3cccc(Cl)c3)cc1C(C)=O)CC2.[Br-],,0.1470588235294117,,6.366162300109863
SLC6A2,negative,1145648,O=C(NCCC1CCCCC1)OCCCc1c[nH]cn1.O=C(O)/C=C\C(=O)O,,0.1447368421052631,,6.3610711097717285
SLC6A2,negative,1975451,O=C(N[C@H]1CC[C@H](CCN2CCN(c3nccc4c3CCO4)CC2)CC1)C1CCCOC1,,0.1274509803921568,,6.40950870513916
SLC6A2,negative,330314,CC(=O)N1CCC(C)c2cc(F)cc(CCN3CCN(c4nsc5ccccc45)CC3)c21,,0.16,,6.381955623626709
SLC6A2,negative,1705332,CC1=CC2Cc3nc4cc(Cl)ccc4c(NCCCCCCCNc4c5c(nc6cc(Cl)ccc46)CCCC5)c3C(C1)C2.Cl.Cl.Cl.Cl,,0.108433734939759,,6.433988571166992
SLC6A2,negative,3263132,Cc1n[nH]c2c1C(=O)N(CCN1CCC(c3noc4ccccc34)CC1)CC2,,0.1111111111111111,,6.335268974304199
SLC6A2,negative,9988,CN(C)CCc1c[nH]c2ccccc12,,0.2352941176470588,,6.289247035980225
SLC6A2,negative,567015,Nc1nc(C(=O)NCc2ccccc2F)cc(-c2ccco2)n1,,0.1470588235294117,,6.31079626083374
ADORA2A,active,427190,Nc1nc(-c2ccco2)c2cnn(Cc3ccccc3N)c2n1,8.1,0.4153846153846154,0.8,6.0656962394714355
ADORA2A,active,1953462,COc1cccc2c1nc(N)n1nc(CN3CCN(c4nsnc4Cl)C[C@H]3C)nc21,8.28,0.2352941176470588,0.7285714285714285,6.206057071685791
ADORA2A,active,424898,COc1ccc(OCC(=O)Nc2cc(-n3nc(C)cc3C)nc(-c3ccc(C)o3)n2)c(CN(C)C)c1,9.05,0.1844660194174757,0.8450704225352113,6.182995796203613
ADORA2A,active,2540152,N#Cc1ccc(-c2cn3c(nc4ccccc43)c(N)n2)cc1,7.13,0.1594202898550724,0.7317073170731707,6.064639568328857
ADORA2A,active,2068989,COCCOc1ccc(N2CCN(C(=O)c3cnc4c(CNC(=O)c5nc(N)nc6c(F)cccc56)cccc4c3)CC2)cc1,8.32,0.1818181818181818,0.7142857142857143,6.083190441131592
ADORA2A,active,3152140,COCCN1CCC[C@@H](c2nc3c4cccc(OC)c4nc(N)n3n2)C1,8.51,0.2409638554216867,0.819672131147541,6.138636589050293
ADORA2A,active,427806,CCc1nc(-c2ccco2)c2sccc2n1,7.52,0.2419354838709677,0.6666666666666666,6.056397914886475
ADORA2A,active,2970945,COc1cc2nc(N)n3nc([C@@H]4CCCN(c5cn(C(C)(C)CO)nc5C)C4)nc3c2cc1F,9.3,0.2111111111111111,0.7922077922077922,6.230262279510498
ADORA2A,active,3008056,COc1cccc2c(C(=O)NCc3cccc(Cc4ccccc4)n3)nc(N)nc12,8.6,0.1855670103092783,0.8135593220338984,6.083929538726807
ADORA2A,active,1510562,Cn1c(=O)c2c(nc(/C=C/c3cccc(Cl)c3)n2[11CH3])n(C)c1=O,7.27,0.1911764705882352,1.0,6.109175205230713
ADORA2A,active,3191807,Nc1nc(-c2ccc(F)cc2)c(-c2ccc3ncsc3c2)c2nc(Cc3ncccc3F)nn12,9.15,0.2195121951219512,0.765625,6.162303447723389
ADORA2A,active,2729155,CNc1nc(-c2ccccc2)c(C#N)c(-c2cc(OC)c(OC)c(OC)c2)n1,8.44,0.1397849462365591,0.782608695652174,6.136348247528076
ADORA2A,active,2984604,COC(=O)c1ccccc1CNC(=O)c1nc(N)nc2c(F)cccc12,8.6,0.1685393258426966,0.7407407407407407,6.078416347503662
ADORA2A,active,336786,CC(Oc1ccc(-c2cc3c([nH]2)c(=O)n(C)c(=O)n3C)cc1)C(=O)Nc1ccccc1,7.32,0.2441860465116279,0.8275862068965517,6.1040496826171875
ADORA2A,active,2986679,CCNC(=O)c1cn2c(N)nc(-c3cccc(C#N)c3)c(C3CC3)c2n1,7.26,0.2209302325581395,0.4814814814814814,6.049717903137207
ADORA2A,active,440430,Cc1cc(C)n(-c2cc(NC(=O)CCN(C)C)nc(-c3ccc(C)o3)n2)n1,8.68,0.1485148514851485,0.7580645161290323,6.107064247131348
ADORA2A,active,2733200,CNc1nc(-c2ccccc2)c(C#N)c(-c2cccc(C#N)c2)n1,7.11,0.1234567901234567,0.7045454545454546,6.114269733428955
ADORA2A,active,2760552,Cc1ccc(-c2nc(N)nc3c2cnn3Cc2cccc(OCCCCCC(=O)NO)n2)o1,7.14,0.2395833333333333,0.9848484848484848,6.132492542266846
ADORA2A,active,336705,CCCn1c(=O)c2nc(-c3cc(OCC(=O)c4ccc(Br)cc4)nn3C)[nH]c2n(CCC)c1=O,7.6,0.3411764705882353,0.8571428571428571,6.140656471252441
ADORA2A,active,3252292,C[C@@H](Cc1nc2c3ccc4c(c3nc(N)n2n1)OC(F)(F)O4)N1CC(C)(F)C1,8.32,0.2391304347826087,1.0,6.177186965942383
ADORA2A,active,3243259,CCOC(=O)Nc1nc2c(N)nc(-c3cccc(C#N)c3)cn2n1,7.26,0.2087912087912088,0.4054054054054054,6.081475257873535
ADORA2A,active,2392526,N#Cc1cccc(CSc2nc(N)c(C#N)c(-c3ccco3)c2C#N)c1,7.03,0.2714285714285714,0.7962962962962963,6.096198081970215
ADORA2A,active,2054678,CCn1nnc([C@H]2O[C@@H](n3cnc4c(N)nc(NC(C)Cc5ccccc5)nc43)[C@H](O)[C@@H]2O)n1,8.04,0.4285714285714285,1.0,6.158225059509277
ADORA2A,active,183713,CN(C)C(=O)CN(C)C(=O)c1cc(N)c2nc(-c3ccc(Br)o3)nn2c1,7.64,0.2105263157894736,0.7894736842105263,6.09844970703125
ADORA2A,active,3250265,Cn1ccc(-c2nc(N)c(C#N)nc2-c2cc(Cl)c3ncccc3c2)n1,8.8,0.1794871794871795,0.6724137931034483,6.156374454498291
ADORA2A,active,1268398,Nc1nc(N2CCN(C(=O)Cc3ccc(Cl)cc3)CC2)nc2nc(-c3ccco3)nn12,7.41,0.4264705882352941,0.847457627118644,6.109539031982422
ADORA2A,active,3204433,COc1cccc2c(C(=O)NCc3ncc(C)cc3C)nc(N)nc12,8.82,0.1758241758241758,0.7586206896551724,6.079756259918213
ADORA2A,active,2570721,COc1ccc(-c2cn3c(nc4ccccc43)c(N)n2)cc1,7.29,0.175,0.7608695652173914,6.062931060791016
ADORA2A,active,2973423,COc1cccc2c(C(=O)N[C@@H](CO)c3ccccc3)nc(N)nc12,8.59,0.1875,0.7288135593220338,6.09483528137207
ADORA2A,active,3169509,CCC1CCC(c2nc3c4cc(F)c(OC)cc4nc(N)n3n2)CN1c1cnn(CC(C)(C)O)c1,9.0,0.202127659574468,0.8441558441558441,6.1940484046936035
ADORA2A,active,2401113,Nc1nc(-c2cccc(CO)c2)nc2sc(-c3ccco3)nc12,8.68,0.2666666666666666,0.7843137254901961,6.071397304534912
ADORA2A,active,2213772,COc1cnc(N2CCOCC2)c2sc(NC(=O)C(C)(C)Oc3ccc(C)cc3)nc12,7.26,0.1588785046728972,0.8571428571428571,6.102757453918457
ADORA2A,active,224970,CC(C)CCn1cc2c(nc(NC(=O)COc3ccccc3)n3nc(-c4ccco4)nc23)n1,7.42,0.3452380952380952,0.8732394366197183,6.1447367668151855
ADORA2A,active,569693,CC(C)CCn1cc2c(nc(NC(=O)COc3ccc(Cl)cc3)n3nc(-c4ccco4)nc23)n1,7.79,0.3625,0.8732394366197183,6.141307353973389
ADORA2A,active,2723900,Nc1nc2c(cnn2CCN2CCC(c3ccc(C(=O)NO)cc3)CC2)c2nc(-c3ccco3)nn12,8.43,0.5405405405405406,0.7105263157894737,6.180499076843262
ADORA2A,active,569703,COc1ccc(CC(=O)Nc2nc3nn(CCCc4ccccc4)cc3c3nc(-c4ccco4)nn23)cc1,8.05,0.4022988505747126,0.8695652173913043,6.119983673095703
ADORA2A,active,1144121,Nc1nc2c(cnn2CCCc2ccc(OCC(=O)O)cc2)c2nc(-c3ccco3)nn12,7.99,0.7424242424242424,0.8405797101449275,6.149555683135986
ADORA2A,active,1953461,COc1cccc2c1nc(N)n1nc(CN3CCN(c4sc(C)nc4C)C[C@H]3C)nc21,8.85,0.2093023255813953,0.7638888888888888,6.230630397796631
ADORA2A,active,2721892,Nc1ccccc1NC(=O)c1ccc(OCCNc2nc(N)n3nc(-c4ccco4)nc3n2)cc1,8.31,0.3373493975903614,0.7910447761194029,6.100584983825684
ADORA2A,active,3084676,Nc1cccc(Cc2nc3c(-c4ccc5nccn5c4)c(-c4ccc(F)cc4)nc(N)n3n2)n1,8.74,0.2045454545454545,0.7424242424242424,6.1484222412109375
ADORA2A,active,336782,CCCn1c(=O)c2[nH]c(-c3ccc(OCC(=O)Nc4ccc(C(C)=O)cc4)cc3)c(Cl)c2n(CCC)c1=O,7.07,0.4556962025316455,0.8571428571428571,6.146829128265381
ADORA2A,active,568991,O=C(Cc1cccs1)Nc1nc2nn(CCc3ccccc3)cc2c2nc(-c3ccco3)nn12,8.06,0.430379746835443,0.835820895522388,6.105558395385742
ADORA2A,active,471457,Nc1ccc(Cn2nnc3c(-c4ccco4)nc(N)nc32)c(F)c1,8.46,0.2763157894736842,0.8490566037735849,6.099592685699463
ADORA2A,active,3084036,COc1cccc2c(C(=O)NCc3ncc(F)cc3F)nc(N)nc12,8.54,0.1739130434782608,0.7627118644067796,6.08852481842041
ADORA2A,active,440546,Cc1cc(C)n(-c2cc(NC(=O)CN3CCCC3)nc(-c3ccc(C)o3)n2)n1,8.07,0.1428571428571428,0.8793103448275862,6.089400768280029
ADORA2A,active,3188796,Nc1nc(-c2ccco2)c2c(n1)C(Cc1ccccc1F)OC2=O,7.83,0.2337662337662337,0.7962962962962963,6.114878177642822
ADORA2A,active,3101788,COc1cccc2c1nc(N)n1nc([C@@H]3CCCN(CC4CCCC4)C3)nc21,8.01,0.2307692307692307,0.8688524590163934,6.177441120147705
ADORA2A,active,3088023,COc1cccc2c1nc(N)n1nc([C@@H]3CCCN(Cc4cccnc4)C3)nc21,8.42,0.2528735632183908,0.7384615384615385,6.176170349121094
ADORA2A,active,2036926,OC1CS[C@@H](n2cnc3c(NCc4cccc5ccccc45)nc(Cl)nc32)[C@H]1O,7.61,0.2906976744186046,0.8166666666666667,6.110339641571045
ADORA2A,active,475116,COc1ccc(CCCc2cc3nc(-c4ccco4)nn3c(N)n2)cc1,7.94,0.4444444444444444,0.7258064516129032,6.075110912322998
ADORA2A,active,3052734,Nc1nc(C(=O)NCc2cccc3cncn23)c2cccc(F)c2n1,8.21,0.1855670103092783,0.625,6.052156448364258
ADORA2A,active,1610952,Cc1cc(C)n(-c2nc(Nc3cnccn3)cc(-n3cccn3)n2)n1,7.37,0.1309523809523809,0.7547169811320755,6.102794170379639
ADORA2A,active,3094106,COc1ccc([C@H](C)Nc2nc(C(=O)N3CC(NC(=O)OC(C)C)C3)c3sc(C)cc3n2)cc1,7.12,0.1727272727272727,0.835820895522388,6.206223964691162
ADORA2A,active,3194445,COc1cc2nc(N)n3nc([C@@H]4CCCN(c5cnn([C@H]6C[C@@](C)(O)C6)c5)C4)nc3c2cc1F,8.52,0.2065217391304347,0.8205128205128205,6.2201056480407715
ADORA2A,active,3000497,CC(C)OC(=O)NC1CN(C(=O)c2nc(N[C@@H](C)c3cncc(F)c3)nc3ccsc23)C1,7.52,0.131578947368421,0.8333333333333334,6.10566520690918
ADORA2A,active,3054512,Nc1nc2c3c(ccc2c2nc(Cn4nc(C(F)(F)F)cc4C(F)(F)F)nn12)OC(F)(F)O3,8.41,0.25,0.6875,6.198678016662598
ADORA2A,active,517053,CC(=O)Nc1cc(-c2cccc(OC3CCN(C)CC3)c2)nc(-n2nc(C)cc2C)n1,8.22,0.1530612244897959,0.918032786885246,6.133077621459961
ADORA2A,active,2959169,COC1CN(C(=O)c2nc(N[C@@H](C)c3ccccn3)nc3cc(C)sc23)C1,7.52,0.1792452830188679,0.8769230769230769,6.096668243408203
ADORA2A,active,3196586,Cn1c(=O)n(Cc2ccc(F)cc2F)c2nc(N)nc(-c3ccco3)c21,7.52,0.2702702702702703,0.8070175438596491,6.13880729675293
ADORA2A,active,471376,Nc1nc(-c2ccco2)c2nnn(Cc3cccc(Cl)c3)c2n1,8.64,0.3484848484848485,0.8076923076923077,6.0635271072387695
ADORA2A,active,516817,CC(=O)Nc1cc(-c2cccc(C#N)c2)nc(-n2nc(C)cc2C)n1,8.7,0.1473684210526315,0.7547169811320755,6.091986656188965
ADORA2A,active,3019096,O=C(NC1CCC1)c1nc(NCc2cncc(F)c2)nc2ccsc12,7.12,0.1568627450980392,0.8245614035087719,6.074112892150879
ADORA2A,active,2258904,COc1ccccc1CNc1nc(N)c2nc(-c3ccccc3)sc2n1,8.33,0.2413793103448276,0.7358490566037735,6.098330020904541
ADORA2A,active,2723530,N#Cc1c(-c2ccccc2)nc(Nc2ccccc2)nc1-c1cccc(O)c1,7.15,0.1126760563380281,0.7631578947368421,6.062043190002441
ADORA2A,active,440058,Cc1cc(C)n(-c2cc(NC(=O)CN3CCCN(C)CC3)nc(-c3ccc(C)o3)n2)n1,8.0,0.145631067961165,0.9491525423728814,6.158275604248047
ADORA2A,active,3021442,[2H]C([2H])(NC(=O)c1nc(N)nc2c(F)cccc12)c1cccc(Oc2ccc(OCCOC)cc2)n1,8.43,0.2105263157894736,0.6,6.239462852478027
ADORA2A,active,3204061,COc1cccc(C(=O)N2CCC[C@@H](c3nc4c5cccc(OC)c5nc(N)n4n3)C2)c1,8.72,0.2409638554216867,0.8461538461538461,6.107347011566162
ADORA2A,active,3210459,Cn1cc(-c2c(-c3ccc(F)cc3)nc(N)n3nc(Cc4ncccc4F)nc23)ccc1=O,8.64,0.2068965517241379,0.8852459016393442,6.136562347412109
ADORA2A,active,3074009,Cc1cnc2ccc(-c3c(N4CCOCC4)nc(N)n4nc(Cc5ncccc5F)nc34)cn12,8.59,0.1894736842105263,0.8676470588235294,6.132908344268799
ADORA2A,active,3087125,C[C@H](Nc1nc(C(=O)NCc2ccccc2)c2sccc2n1)c1cccnc1,7.52,0.1444444444444444,0.8064516129032258,6.086627960205078
ADORA2A,active,1839995,CCNC(=O)[C@H]1O[C@@H](n2cnc3c(N)nc(NCCN4CCN(c5ccccc5F)CC4)nc32)[C@H](O)[C@@H]1O,8.11,0.611764705882353,0.8974358974358975,6.27372407913208
ADORA2A,active,418969,CN1CCN(CC(=O)Nc2cc(-n3cccn3)nc(-c3ccco3)n2)CC1,8.57,0.253012048192771,0.819672131147541,6.116499900817871
ADORA2A,active,17548,Nc1nc2c(NCc3ccccc3)cccc2n2c(=O)n(-c3ccccc3)nc12,8.19,0.2051282051282051,0.68,6.089568138122559
ADORA2A,active,2068970,Nc1nc(C(=O)NCc2cccc3ccccc23)c2cccc(F)c2n1,8.0,0.1630434782608695,0.8,6.048338890075684
ADORA2A,active,2473590,CN1CCN(CCC(=O)Nc2ccc(-c3cn4c(=O)n(-c5ccccc5)nc4c(N)n3)cc2)CC1,7.96,0.2105263157894736,0.875,6.073324680328369
ADORA2A,active,3156535,C[C@@H]1CN(CCc2nc3c4ccc5c(c4nc(N)n3n2)OC(F)(F)O5)C[C@@H](C)O1,7.44,0.2637362637362637,1.0,6.112227439880371
ADORA2A,active,325097,Nc1nc(-c2ccco2)c2ncn(CCCc3ccccc3)c2n1,8.17,0.3823529411764705,0.76,6.060362815856934
ADORA2A,active,3126121,Nc1nc2cc(Cl)ccc2c2nc([C@@H]3CCCN(CC(F)F)C3)nn12,8.89,0.3428571428571428,0.7586206896551724,6.114484786987305
ADORA2A,active,3090385,C[C@H](Nc1nc(C(=O)N2CC(NC(=O)c3ccc(-c4ccccc4)cc3)C2)c2sccc2n1)c1cncc(F)c1,7.52,0.1452991452991453,0.9154929577464788,6.271139144897461
ADORA2A,active,2393382,Clc1cc2c(NC3CCCC3)nnc(-c3ccncc3)c2cc1Cl,7.55,0.1126760563380281,0.2647058823529412,6.102457046508789
ADORA2A,active,432129,N#Cc1c(-c2ccccc2)nc(NC(=O)C2CCCC2)nc1-c1ccc2c(c1)OCO2,7.57,0.1808510638297872,0.6792452830188679,6.057736396789551
ADORA2A,active,517051,CCN1CCC(Oc2cccc(-c3cc(NC(C)=O)nc(-n4nc(C)cc4C)n3)c2)C1,8.52,0.1619047619047619,0.8333333333333334,6.108418941497803
ADORA2A,active,275346,CCCCn1cc2c(nc(NC(=O)Nc3ccccc3OC)n3nc(-c4ccco4)nc23)n1,7.04,0.3294117647058823,0.9104477611940298,6.121237277984619
ADORA2A,active,373313,CCC(=O)Nc1cc(-c2ccccc2)nc(-c2ccccc2)n1,7.09,0.1866666666666666,0.6363636363636364,6.076509475708008
ADORA2A,active,184379,Nc1cc(C(=O)N2CCCCC2)cc2nc(-c3ccco3)nn12,7.57,0.3809523809523809,0.9782608695652174,6.086332321166992
ADORA2A,active,569711,CCCn1cc2c(nc(NC(=O)Cc3ccc4ccccc4c3)n3nc(-c4ccco4)nc23)n1,8.1,0.3493975903614458,0.9117647058823528,6.137680530548096
ADORA2A,active,516974,CC(=O)Nc1cc(-c2cccc(O)c2)nc(-n2nc(C)cc2C)n1,8.7,0.1538461538461538,0.8163265306122449,6.091912269592285
ADORA2A,active,1576050,N=c1ccc2c(-c3ccc(C(=O)NCCCCCCn4cc(NCCNC(=O)COc5ccc(CCCn6ncc7c6nc(N)n6nc(-c8ccco8)nc76)cc5)nn4)cc3C(=O)O)c3ccc(N)c(S(=O)(=O)O)c3oc-2c1S(=O)(=O)O,7.78,0.3858267716535433,0.8217054263565892,6.327004909515381
ADORA2A,active,327188,Nc1nc(C(=O)NCCc2ccc(O)cc2)cn2nc(-c3ccco3)nc12,9.0,0.4459459459459459,0.5454545454545454,6.094785690307617
ADORA2A,active,3083214,C[C@H](Cc1nc2c3ccc4c(c3nc(N)n2n1)OC(F)(F)O4)N1Cc2ccncc2C1,8.15,0.2346938775510204,1.0,6.1489033699035645
ADORA2A,active,2083694,Cc1ccc(-c2nc(N)c3nn(Cc4cccc(F)c4)cc3n2)o1,7.29,0.2133333333333333,0.7857142857142857,6.092286586761475
ADORA2A,active,3013195,COc1cccc2c(C(=O)NCc3cccc(-c4cccc(O)c4)n3)nc(N)nc12,8.48,0.1578947368421052,0.7142857142857143,6.118625640869141
ADORA2A,active,28136,Nc1nc2c(cnn2CCCc2ccc3c(c2)O[C@H](C(=O)O)O3)c2nc(-c3ccco3)nn12,7.23,0.7222222222222222,1.0,6.166470050811768
ADORA2A,active,500196,CCn1c(=O)[nH]c2nc(-c3ccc(S(=O)(=O)N4CCN(Cc5ccc(C(F)(F)F)cc5)CC4)cc3)[nH]c2c1=O,7.64,0.2608695652173913,0.8382352941176471,6.138500690460205
ADORA2A,active,2068968,C[C@@H](NC(=O)c1nc(N)nc2c(F)cccc12)c1cccc2cccnc12,8.17,0.1530612244897959,0.6271186440677966,6.091571807861328
ADORA2A,active,3050726,Nc1nc(-c2ccc(F)cc2)c(-c2ccc3nc[nH]c3c2)c2nc(Cc3ncccc3F)nn12,8.77,0.2195121951219512,0.765625,6.168006420135498
ADORA2A,active,428336,NNc1nc(C(=O)c2cccs2)c2sccc2n1,7.22,0.1333333333333333,0.717391304347826,6.068324089050293
ADORA2A,active,329554,Cn1c(-n2nccn2)nc2c(N)nccc21,7.29,0.1666666666666666,0.6052631578947368,6.061525344848633
ADORA2A,active,275721,CCCCn1cc2c(nc(NC(=O)Nc3cccc(OC)c3)n3nc(-c4ccco4)nc23)n1,7.02,0.3152173913043478,0.8472222222222222,6.123213291168213
ADORA2A,active,3172473,C[C@H](Nc1nc(C(=O)NCC(F)(F)F)c2sccc2n1)c1ccccn1,7.12,0.1473684210526315,0.7931034482758621,6.085206031799316
ADORA2A,active,2335155,Cc1ccc(-c2nc(N)nc3c2nnn3Cc2cccc(CO[C@H]3CCOC3)n2)o1,8.48,0.1632653061224489,0.5352112676056338,6.151413917541504
ADORA2A,active,76534,Cn1c(-c2cccc(F)c2)nc2c(N)nc(C#CC3(O)CCCCC3)nc21,7.8,0.1470588235294117,1.0,6.15501594543457
ADORA2A,active,3173247,CCNC(=O)c1nc(N[C@@H](C)c2ccccn2)nc2ccsc12,7.12,0.1752577319587628,0.7962962962962963,6.066543102264404
ADORA2A,active,275312,Cn1cc2c(nc(NC(=O)Nc3ccc(Br)cc3)n3nc(-c4ccco4)nc23)n1,7.0,0.3472222222222222,0.819672131147541,6.098928451538086
ADORA2A,active,3274867,COc1cccc2c(C(=O)NCc3cccn(C)c3=O)nc(N)nc12,9.05,0.2022471910112359,0.7966101694915254,6.080672264099121
ADORA2A,active,3157120,Cc1cnc2ccc(-c3c(-c4ccc(F)cc4)nc(N)n4nc(CC5CCOC5)nc34)cn12,10.0,0.1935483870967742,1.0,6.141207218170166
ADORA2A,active,1605191,Cn1c(-c2ccco2)nc2c(NC(=O)Cc3ccc(OCc4ccccc4)cc3)ncnc21,7.3,0.2588235294117647,0.9032258064516128,6.086421012878418
ADORA2A,active,3235927,COc1cccc(C(=O)NC2CN(C(=O)c3nc(N[C@@H](C)c4cncc(F)c4)nc4ccsc34)C2)c1,7.52,0.1583333333333333,0.8289473684210527,6.109734058380127
ADORA2A,active,3148812,C[C@@H]1CCN(C(=O)c2nc(N[C@@H](C)c3ccccn3)nc3ccsc23)C1,7.12,0.1401869158878504,0.8412698412698413,6.10107421875
ADORA2A,active,591907,Cc1ccc(-c2cc(C(=O)NCc3nccn3C(C)C)nc(N)n2)o1,8.26,0.1764705882352941,0.7666666666666667,6.1304192543029785
ADORA2A,active,184893,Nc1cc(C(=O)N2CCSCC2)cc2nc(-c3ccc(Br)o3)nn12,8.05,0.2162162162162162,0.8269230769230769,6.1264238357543945
ADORA2A,active,2909131,Nc1nc(-c2cccs2)nc2[nH]c(-c3cccs3)nc12,7.83,0.1363636363636363,0.5882352941176471,6.091754913330078
ADORA2A,active,3220500,C[C@@H]1CC(F)(F)CCN1CCc1nc2c3ccc4c(c3nc(N)n2n1)OC(F)(F)O4,8.66,0.2526315789473684,0.84375,6.188767433166504
ADORA2A,active,2968962,CC1(F)CN(CCc2nc3c4ccc5c(c4nc(N)n3n2)OC(F)(F)O5)C1,8.49,0.2758620689655172,0.9090909090909092,6.120173931121826
ADORA2A,active,1839999,CCNC(=O)[C@H]1O[C@@H](n2cnc3c(N)nc(NCCN4CCN(c5ccc(F)c(Cl)c5)CC4)nc32)[C@H](O)[C@@H]1O,7.47,0.5842696629213483,0.8875,6.277072429656982
ADORA2A,active,2469299,Nc1nc(-c2ccc(OCC(O)CN3CCCCC3)cc2)cn2c(=O)n(-c3ccccc3)nc12,7.04,0.2234042553191489,0.7424242424242424,6.093830585479736
ADORA2A,active,2972732,COc1cc(F)cc2c1nc(N)n1nc(C3CC(C)CN(c4cn(C(C)(C)CO)nc4C)C3)nc21,9.05,0.1702127659574468,0.8472222222222222,6.229004383087158
ADORA2A,active,1268389,NCCOCCOCCNc1nc(N)n2nc(-c3ccco3)nc2n1.O=C(O)C(F)(F)F,7.94,0.3513513513513513,0.7692307692307693,6.124946594238281
ADORA2A,active,479343,Cn1c(=O)c2[nH]c(-c3ccc(COC(=O)Nc4ccc(F)cc4)cc3)cc2n(C)c1=O,7.14,0.2413793103448276,0.8245614035087719,6.07071590423584
ADORA2A,active,647609,COc1ccc(N(CC(C)C)C(C)=O)c2sc(NC(=O)c3ccc(F)cc3)nc12,8.52,0.1237113402061855,0.8103448275862069,6.081217288970947
ADORA2A,reference,18409,Nc1nc2ccc(Cl)cc2c2nc(-c3ccco3)nn12,9.85,1.0,0.62,6.074578762054443
ADORA2A,reference,192029,CCNC(=O)[C@H]1O[C@@H](n2cnc3c(N)nc(NCCc4ccc(CCC(=O)O)cc4)nc32)[C@H](O)[C@@H]1O,8.37,1.0,0.9846153846153848,6.289463996887207
ADORA2A,reference,194619,CNC(=O)[C@H]1O[C@@H](n2cnc3c(NCc4cccc(I)c4)ncnc32)[C@H](O)[C@@H]1O,7.5,1.0,0.7164179104477612,6.166012287139893
ADORA2A,reference,442361,CCCn1c(=O)c2[nH]c(-c3ccc(OCC(=O)NCCN)cc3)nc2n(CCC)c1=O,9.0,1.0,0.9310344827586208,6.105073928833008
ADORA2A,reference,466130,CCNC(=O)[C@H]1O[C@@H](n2cnc3c(N)ncnc32)[C@H](O)[C@@H]1O,9.0,1.0,0.7924528301886793,6.103379726409912
ADORA2A,reference,1368548,COc1cc(OC)cc(C(CNc2ncnc3c2ncn3[C@@H]2O[C@H](CO)[C@@H](O)[C@H]2O)c2ccccc2C)c1,7.72,1.0,0.7058823529411765,6.105165481567383
ADORA2A,reference,18511,Nc1nc2c(cnn2CCc2ccccc2)c2nc(-c3ccco3)nn12,9.22,1.0,0.8846153846153846,6.053682804107666
ADORA2A,reference,105179,Nc1nc2c(cnn2CCCc2ccc3c(c2)OCO3)c2nc(-c3ccco3)nn12,8.48,1.0,0.746031746031746,6.138903617858887
ADORA2A,reference,105982,OC[C@H]1O[C@@H](n2cnc3c(NCc4cccc(I)c4)ncnc32)[C@H](O)[C@@H]1O,7.69,1.0,0.8524590163934426,6.15782356262207
ADORA2A,reference,105991,Nc1nc2c(cnn2CCCc2ccc(O)cc2)c2nc(-c3ccco3)nn12,8.82,1.0,0.8571428571428571,6.0870280265808105
ADORA2A,negative,125615,COc1cccc2sc([C@H]3CCN(C[C@H](O)COc4cccc5[nH]ccc45)[C@H](C)C3)cc12,,0.1403508771929824,,6.134041786193848
ADORA2A,negative,330116,CCC1(CCCNC)Cc2ccccc2N(c2ccccc2)C1=O,,0.1444444444444444,,6.060802936553955
ADORA2A,negative,357387,CN1CCN(C2=Nc3cc(Cl)ccc3N(NC(=O)c3cc(F)ccc3C(F)(F)F)c3ccc(Cl)cc32)CC1,,0.1348314606741573,,6.218524932861328
ADORA2A,negative,395937,N#Cc1ccc2c(N3CCN(CC[C@@H]4OCCc5cc(C(N)=O)ccc54)CC3)cccc2c1,,0.1415094339622641,,6.1135101318359375
ADORA2A,negative,2424827,O=C(c1ccc(OCCCN2CCN(C/C=C/c3ccccc3)CC2)cc1)C1CC1,,0.1573033707865168,,6.1377129554748535
ADORA2A,negative,1443240,CCCCCCCCC1(Cc2ccccc2)C(=O)NC(=O)NC1=O,,0.1298701298701298,,6.0718770027160645
ADORA2A,negative,99584,N#Cc1ccc2c(c1)[C@H]1CN(Cc3ccccc3)C[C@@H]1CO2,,0.146067415730337,,6.059732913970947
ADORA2A,negative,1760562,O=S(=O)(NCCCN1CCC(c2noc3cc(F)ccc23)CC1)c1csc2ccccc12,,0.1217391304347826,,6.120750427246094
ADORA2A,negative,2031242,Cc1cc(CC(=O)N[C@H]2CC[C@H](CCN3CCN(c4cccc5c4OCO5)CC3)CC2)on1,,0.1619047619047619,,6.134365081787109
ADORA2A,negative,387559,COc1cc2cc(-c3ccc(C[N+](C)(C)Cc4ccccc4)cc3)c(=O)oc2cc1OC.[I-],,0.15,,6.134136199951172
ADORA2A,negative,438527,COc1ccc2[nH]c(CCN3CCC[C@H]3C)cc2c1,,0.1529411764705882,,6.056918621063232
ADORA2A,negative,388531,COc1ccccc1N1CCN(CCCCOc2ccc(-c3cn4ccc(C)cc4n3)cc2)CC1,,0.1632653061224489,,6.12043571472168
ADORA2A,negative,3132515,CN1CCNCC12CCN(c1nc(Oc3cccc(F)c3)cc(C(F)(F)F)n1)CC2,,0.1547619047619047,,6.164324760437012
ADORA2A,negative,113200,CC(C)C[C@H](CC(=O)NO)C(=O)N[C@@H](Cc1c[nH]c2ccccc12)C(=O)NC1CCCC1,,0.1078431372549019,,6.1335248947143555
ADORA2A,negative,600978,CNc1cccc(-c2cc3nccc(-c4ccc(OC(F)F)c(OCC5CC5)c4)n3n2)c1,,0.1415094339622641,,6.121476650238037
ADORA2A,negative,1705958,CCCn1c(C)nc(C(=O)NCC(O)CN2CCN(c3cccc(C)c3C)CC2)c1C.Cl.Cl,,0.202127659574468,,6.0752716064453125
ADORA2A,negative,2009930,O=C(N[C@H]1CC[C@H](CCN2CCC(c3coc4ccccc34)CC2)CC1)c1ccnc2ccccc12,,0.1386138613861386,,6.079095363616943
ADORA2A,negative,1997790,CO[C@@H](C)C(=O)N[C@H]1CC[C@H](CCN2CCC(c3cccc4c3OCO4)CC2)CC1,,0.1376146788990825,,6.090301513671875
ADORA2A,negative,2180117,O=C(N[C@H]1CC[C@H](CCN2CCN(c3nsc4cc([N+](=O)[O-])ccc34)CC2)CC1)c1ccco1,,0.1616161616161616,,6.1574249267578125
ADORA2A,negative,57530,COC(=O)C(c1ccc(Cl)c(Cl)c1)C1CCCC1,,0.1348314606741573,,6.09623908996582
ADORA2A,negative,3264011,O=C1c2oc(C3CC3)nc2CCN1CCN1CCN(c2nsc3ccccc23)CC1,,0.1413043478260869,,6.060472011566162
ADORA2A,negative,87270,NC(=O)[C@H](Cc1ccccc1)NC(=O)[C@H](CS)NC(=O)c1cccs1,,0.1397849462365591,,6.096535682678223
ADORA2A,negative,299516,C[C@@H]1CCCN1CCc1cc2cc(C(=O)c3ccc(Cl)cc3)ccc2o1,,0.1518987341772152,,6.126370906829834
ADORA2A,negative,134819,COc1ccc(S(=O)(=O)N(CC(=O)NO)Cc2ccccc2)cc1,,0.1630434782608695,,6.096518516540527
ADORA2A,negative,1951989,Cl.OC[C@@H]1CNCCO[C@H]1c1ccc(Cl)c(Cl)c1,,0.1341463414634146,,6.095300197601318
ADORA2A,negative,1272578,C[C@@H]1CCCN1CCCOc1ccc(C2=NN(C)C(=O)CC2)cc1,,0.2,,6.1416521072387695
ADORA2A,negative,3083452,CC(C)COc1ccc(COC(=O)N(Cc2ccc(F)cc2)[C@@H]2CCNC[C@@H]2F)cc1,,0.15625,,6.14986515045166
ADORA2A,negative,1731910,CN1CCN2c3c(cccc31)[C@@H]1CN(CCCC(=O)c3ccncc3)CC[C@@H]12,,0.14,,6.131051063537598
ADORA2A,negative,341321,CN[C@H]1CC[C@@H](c2ccc(Cl)c(Cl)c2)c2ccc(S(=O)(=O)NCCO)cc21,,0.134020618556701,,6.15830135345459
ADORA2A,negative,676281,Br.Br.N=C(NCCc1ccccc1)SCCCc1c[nH]cn1,,0.1666666666666666,,6.140760898590088
ADORA2A,negative,124059,Cc1ccccc1-c1cc(Cl)cc2c1N1CCNCCC1C2,,0.134020618556701,,6.080568790435791
ADORA2A,negative,3068828,O=C1CCc2cc(CCCCN3CCN(c4cccc5sc(F)cc45)CC3)ccc2N1,,0.1717171717171717,,6.099550247192383
ADORA2A,negative,118084,O=C(CCC1CCN(Cc2ccccc2F)CC1)c1ccc2c(c1)CCN2,,0.1078431372549019,,6.109871864318848
ADORA2A,negative,1174329,CN(C)[C@H]1CC[C@@H](c2ccc(OCCCN3CCCCC3)cc2)CC1,,0.144578313253012,,6.125814914703369
ADORA2A,negative,1975475,O=C(CC1COC1)N[C@H]1CC[C@H](CCN2CCN(c3nccc4c3CCO4)CC2)CC1,,0.1530612244897959,,6.220632076263428
ADORA2A,negative,172938,COc1ccc(Cl)cc1CN1CCN(CC(=O)N2c3ccccc3C[C@H]2C)CC1,,0.1442307692307692,,6.093874454498291
ADORA2A,negative,511420,CCc1ccccc1O[C@H]1c2ccccc2OC[C@H]1CNC,,0.1208791208791208,,6.064948081970215
ADORA2A,negative,123893,N#Cc1c2n(c3ccccc13)CCNCC2,,0.0933333333333333,,6.108351707458496
ADORA2A,negative,142595,NC(=O)C(Cc1c[nH]c2ccccc12)NC(=O)C(CCCCc1ccccc1)CP(=O)(O)C(Cc1ccccc1)NC(=O)OCc1ccccc1,,0.1401869158878504,,6.155673980712891
ADORA2A,negative,394780,CN(C)[C@H]1CC=C(c2c[nH]c3ccc(C#N)cc23)CC1,,0.0760869565217391,,6.107385158538818
ADORA2A,negative,2006162,[C-]#[N+]c1ccc(-c2ccc3c(c2)CN2CCC3(c3ccc(Cl)cc3)C2)cc1,,0.1466666666666666,,6.101681232452393
ADORA2A,negative,376829,Cc1ccc(-c2ccc(S(=O)(=O)N[C@@H](C(C)C)P(=O)(O)O)cc2)cc1,,0.141025641025641,,6.129220962524414
ADORA2A,negative,218484,CSc1nc(-c2ccc3ccccc3c2)nn1C(=O)N(C)C,,0.1739130434782608,,6.05307149887085
ADORA2A,negative,2009970,O=C(N[C@H]1CC[C@H](CCN2CCC(c3coc4ccccc34)CC2)CC1)c1ccc(-n2cccn2)cc1,,0.1428571428571428,,6.1383376121521
ADORA2A,negative,438630,CNCc1cc(C(=O)N2CCN(C(C)C)CC2)ccc1Oc1cccc(OC)c1,,0.1683168316831683,,6.113781929016113
ADORA2A,negative,1167959,N#Cc1ccc(C(=O)N2CCCN(C3(c4ccc(Oc5ccccc5)cc4)C(=O)NC(=O)NC3=O)CC2)cc1,,0.134020618556701,,6.092609882354736
ADORA2A,negative,110190,Cc1cc(C)c(N(Cc2ccccc2)S(=O)(=O)c2ccc(Oc3ccccc3)cc2)c(C(=O)NO)c1,,0.15,,6.105811595916748
ADORA2A,negative,1950057,COc1ccccc1N1CCN(CCCCc2cn(-c3ccc4ccccc4c3)nn2)CC1,,0.1428571428571428,,6.0926313400268555
ADORA2A,negative,373570,CC(=O)c1ccccc1N1CCN(CCCCCC(=O)NC2CCCc3ccccc32)CC1,,0.1212121212121212,,6.145170211791992
ADORA2A,negative,207348,O=C(O)[C@H]1[C@H](CN2C(=O)c3ccccc3S2(=O)=O)CC[C@@H]1Sc1ccc(-c2ccc(Cl)cc2)cc1,,0.1162790697674418,,6.095910549163818
ADORA2A,negative,2383185,Fc1ccc(Cn2ccc3c(N4CCC(N5CCCCC5)CC4)nc(Cl)nc32)cc1,,0.125,,6.093427658081055
ADORA2A,negative,2858398,Cc1cc2cc(CNC(=O)N3CC(COc4ccc(C(F)(F)F)cc4)C3)ccc2[nH]1,,0.2043010752688172,,6.110891819000244
ADORA2A,negative,1443246,COc1ccc(CC2(CCCCCCCC(C)C)C(=O)NC(=O)NC2=O)cc1,,0.1325301204819277,,6.071060657501221
ADORA2A,negative,1567903,C#CC1=CC[C@H](N(CCC)CCCCNC(=O)c2cnn3ccccc23)CC1,,0.1553398058252427,,6.073871612548828
ADORA2A,negative,330250,C[C@@H]1CCCN1CCc1cc2cc(Nc3ccc(C(F)(F)F)cn3)ccc2o1,,0.1509433962264151,,6.155386447906494
ADORA2A,negative,366999,c1ccc(C2CCN(Cc3cnn(-c4ccccc4)c3)CC2)cc1,,0.1643835616438356,,6.063991546630859
ADORA2A,negative,627766,O=C([C@H]1C[C@H](Oc2ccccn2)CN1)N1CCCN(C2CCC2)CC1,,0.12,,6.117358684539795
ADORA2A,negative,1177603,O=S1(=O)N(CCC2CNCCO2)c2cccc(F)c2N1c1ccccc1F,,0.1162790697674418,,6.142465591430664
ADORA2A,negative,211710,OC1CCN(Cc2ccc(OCCCN3CCCCC3)cc2)CC1,,0.1481481481481481,,6.095278263092041
ADORA2A,negative,1620417,CC(C)N1N=C(c2ccc(OC3CCN(C4CCC4)CC3)cc2)C2CC2C1=O,,0.1573033707865168,,6.181093215942383
ADORA2A,negative,2242539,O=C1CCc2ccc(OCCCCN3CCCN(c4ccc(O)c5[nH]c(=O)ccc45)CC3)cc2N1,,0.1553398058252427,,6.112920761108398
ADORA2A,negative,257528,COc1ccc([P@](=O)(OCCF)N2Cc3ccccc3C[C@@H]2C(=O)NO)cc1,,0.1612903225806451,,6.08046817779541
ADORA2A,negative,355725,CO/N=C(\CCN1CCC(c2ccccn2)CC1)c1ccc(Cl)cc1,,0.1515151515151515,,6.085178375244141
ADORA2A,negative,290068,COc1ccc(P(=O)(OC(C)C)N2Cc3ccccc3CC2C(=O)NO)cc1,,0.16,,6.090700626373291
ADORA2A,negative,3155572,O=C1Cc2cc(-c3c(-c4ccc(F)cc4)nc4c(N5CCOC(C(F)(F)F)C5)nccn34)ccc2N1,,0.1296296296296296,,6.13532829284668
ADORA2A,negative,2346586,Clc1cccc(N2CCN(CCCCN3CCc4ncsc4CC3)CC2)c1Cl,,0.1182795698924731,,6.1177473068237305
ADORA2A,negative,290209,COc1cc(CC(C)N(C)C)c(OC)cc1Br,,0.1162790697674418,,6.122554779052734
ADORA2A,negative,515242,COc1cccc(CC2(c3ccc4[nH]ccc4c3)CCNC2)c1,,0.1287128712871287,,6.079284191131592
ADORA2A,negative,1283343,O=C(c1cc2n(n1)CCCC2)N1CCN(CCc2ccc(F)cc2F)CC1,,0.14,,6.124971866607666
ADORA2A,negative,3224767,CC(C)COc1ccc(COC(=O)N(Cc2ccc(Cl)cc2Cl)C2CCN(C)CC2)cc1,,0.1649484536082474,,6.118082046508789
ADORA2A,negative,2097949,O=S(=O)(c1ccccc1)n1ccc2c(N3CCN(CCCNc4c5c(nc6ccccc46)CCCC5)CC3)cccc21,,0.1272727272727272,,6.145263671875
ADORA2A,negative,138850,CCCCCCc1ccc2c(c1)Cc1ccccc1C2CN,,0.1686746987951807,,6.071285724639893
ADORA2A,negative,513082,COc1ccc([C@H]2C[C@H]3CC[C@H]([C@H]2c2cc(-c4ccc(C)cc4)no2)N3C)cc1.Cl,,0.1666666666666666,,6.079929351806641
ADORA2A,negative,691176,COC(=O)Cc1ccc(OCc2cc(-c3cccc(OC)c3)c3ncccc3c2)cc1,,0.1888888888888888,,6.060094356536865
ADORA2A,negative,608581,CN1CCCC[C@@H]1CCN1c2ccccc2Sc2ccc([S+](C)[O-])cc21,,0.1057692307692307,,6.105864524841309
ADORA2A,negative,1822671,O=C(NCCCCN1CCN(c2cccc3ccccc23)CC1)c1ccccc1,,0.1647058823529411,,6.062941074371338
ADORA2A,negative,452941,CCn1c(-c2ccc(OCCCN3CCCCC3)cc2)nc2ccccc2c1=O,,0.2650602409638554,,6.0802507400512695
ADORA2A,negative,1617,COc1ccc(S(=O)(=O)N2CN(Cc3ccccc3)C(=O)C[C@@H]2C(=O)NO)cc1,,0.17,,6.084184169769287
ADORA2A,negative,1983256,C[C@@H](O)[C@@H]1NC(=O)[C@H](CCCCN)NC(=O)[C@@H](Cc2c[nH]c3ccccc23)NC(=O)[C@H](Cc2ccccc2)NC(=O)[C@H](Cc2ccccc2)NC(=O)[C@H](CCCNC(=N)N)NC(=O)[C@H](NCCCS(=O)(=O)C[C@@H]2C[C@@H]3c4cccc5[nH]cc(c45)C[C@H]3N(C)C2)CCCCNC(=O)[C@H](Cc2ccc(F)cc2)NC1=O,,0.1273885350318471,,6.34816312789917
ADORA2A,negative,329287,Fc1cccc2[nH]cc(CCCN3CCN(c4cccc5c4OCCO5)CC3)c12,,0.1684210526315789,,6.125854969024658
ADORA2A,negative,435252,FC(F)(F)c1ccc(-c2nc(Cc3ccccc3)nc3c2CCNCC3)cc1,,0.1358024691358024,,6.106163501739502
ADORA2A,negative,654405,COc1ccccc1N1CCN(CCCCNC(=O)/C=C/c2ccc(Cl)cc2)CC1,,0.1473684210526315,,6.099240303039551
ADORA2A,negative,513060,CC1CC(C)CN(Cc2ccc(-c3ccc(CN4CCCCC4)cc3)cc2)C1,,0.1046511627906976,,6.093363285064697
ADORA2A,negative,233905,COc1ccc(S(=O)(=O)N2CCSC(C)(C)[C@@H]2C(=O)NO)cc1,,0.1363636363636363,,6.075017929077148
ADORA2A,negative,1336780,COc1cc2oc(C(=O)NCCCCCCCCCCNc3c4c(nc5ccccc35)CCCC4)cc(=O)c2cc1OC.Cl,,0.1727272727272727,,6.134530544281006
ADORA2A,negative,1557415,OCCC#Cc1ccc(OCCCN2CCCCC2)cc1,,0.15,,6.0879058837890625
ADORA2A,negative,3249996,CNC[C@H](c1ccc2ccccc2c1)[C@@H](F)c1ccccc1,,0.1927710843373494,,6.077361106872559
ADORA2A,negative,1269100,COc1ccccc1N1CCN(CCCNC(=O)c2cnn3ccc(OCCOCCOCCOCCOc4ccn5ncc(C(=O)NCCCN6CCN(c7ccccc7OC)CC6)c5c4)cc23)CC1,,0.1881188118811881,,6.2808613777160645
ADORA2A,negative,3103723,Cc1ccc(C2CCNc3cc(-c4ccc(C)nn4)ccc32)cc1,,0.0909090909090909,,6.085117340087891
ADORA2A,negative,2844981,c1ccc(Nc2ccc(OCCCN3CCC(c4ccncc4)CC3)cc2)cc1,,0.1702127659574468,,6.086832046508789
ADORA2A,negative,2028625,Cc1cc(CC(=O)N[C@H]2CC[C@H](CCN3CCC(c4cccc5c4CCO5)CC3)CC2)on1,,0.1698113207547169,,6.222404956817627
ADORA2A,negative,650899,COC[C@@]12CNCC[C@]1(c1ccc(Cl)cc1)C2,,0.1,,6.069702625274658
ADORA2A,negative,3045172,CNC[C@H](C[C@H](O)c1ccccc1)c1ccc2ccccc2c1,,0.216867469879518,,6.077574729919434
ADORA2A,negative,3140896,CC(C)COc1ccc(OC(=O)N(Cc2ccc(F)cc2)[C@H]2CCN(C)C[C@H]2F)cc1,,0.1578947368421052,,6.13359260559082
ADORA2A,negative,1840796,C[C@@H]1CCCN1CCCOc1ccc(C2=NNC(=O)[C@@H]3C[C@H]23)cc1,,0.2235294117647059,,6.119569778442383
ADORA2A,negative,1529527,FC(F)(F)c1cc(COCC2(c3ccccc3)CCCNCCC2)cc(C(F)(F)F)c1,,0.1111111111111111,,6.113276481628418
ADORA2A,negative,2877978,COc1c(O)cc2oc3cc4c(c(OCc5ccncc5)c3c(=O)c2c1CC=C(C)C)C=CC(C)(C)O4,,0.1271186440677966,,6.176894664764404
ADORA2A,negative,1757092,CC(C)CCN1CCN2c3cccc4[nH]cc(c34)CC2C1,,0.1111111111111111,,6.09540319442749
ADORA2A,negative,329854,C[C@@H]1CCCN1CCc1cc2cc(CNc3cc(C#N)nc(C#N)c3)ccc2o1,,0.1717171717171717,,6.132732391357422
ADORA2A,negative,385124,COc1ccc(S(=O)(=O)N[C@H]2CC[C@H](N3CCC(c4cc(F)ccc4OC(C)C)CC3)CC2)cc1OC,,0.1181818181818181,,6.175121784210205
ADORA2A,negative,2349269,O=C1CCc2ccc(OCCCCN3CCN(c4cccc5[nH]ccc45)CC3)cc2N1,,0.1313131313131313,,6.084977626800537
ADORA2A,negative,335722,COc1ccc2[nH]cc(CCNC(=O)CCCCCCNc3c4c(nc5cc(Cl)cc(Cl)c35)CCCC4)c2c1,,0.1743119266055046,,6.1151442527771
ADORA2A,negative,234542,COc1ccccc1N1CCN(CCCCNC(=O)c2cnn3ccccc23)CC1,,0.1684210526315789,,6.076503276824951
ADORA2A,negative,118481,CCN1CCc2cc(C(=O)CCC3CCN(Cc4ccccc4)CC3)ccc21,,0.1511627906976744,,6.096251010894775
ADORA2A,negative,124626,CCCN1CCc2cc3ccccc3n2CC1,,0.141025641025641,,6.051416397094727
ADORA2A,negative,2177104,C[C@H]1CCCCN1[C@H]1CC[C@H](c2ccc(N3CCC4(CCOCC4)C3=O)cc2)CC1,,0.0909090909090909,,6.109758377075195
ADORA2A,negative,480576,CN(c1ccccc1)[C@@H](c1ccccc1)[C@H](O)CN,,0.1323529411764706,,6.06644344329834
ADORA2A,negative,438211,COc1ccc(Oc2ccc(S(=O)(=O)Cn3cccc(O)c3=O)s2)cc1,,0.1494252873563218,,6.066275119781494
ADORA2A,negative,2432340,O=C(CN1CCOC(CO)C1)Nc1ccc(OC2CCN(C3CCC3)CC2)cc1,,0.1473684210526315,,6.1134514808654785
ADORA2A,negative,2291321,CC(=O)c1c(OCCCN2CCN(c3cc(C)cc(C)c3)CC2)ccc2c(C)cc(=O)oc12,,0.1354166666666666,,6.086225509643555
ADORA2A,negative,340448,O=C(O)C(=O)O.O[C@H](Cc1ccccc1)CN1CCC(CCOC(c2ccccc2)c2ccccc2)CC1,,0.1397849462365591,,6.206260681152344
ADORA2A,negative,1962594,Clc1cccc(N2CCN(CCc3cn(-c4ccn5nccc5c4)nn3)CC2)c1Cl,,0.1414141414141414,,6.098141193389893
ADORA2A,negative,136216,CN(C)CC1CC2c3cccc(F)c3Cc3ccccc3N2O1,,0.1089108910891089,,6.0596923828125
ADORA2A,negative,707506,Cc1ccc(C)c(C(=O)NCCCCN2CCN(c3cc(C)ccc3C)CC2)c1,,0.1647058823529411,,6.082119464874268
ADORA2A,negative,2126824,Cc1cccc(OC(c2ccc(Cl)c(Cl)c2)C2CNC2)c1,,0.1397849462365591,,6.080393314361572
ADORA2A,negative,410279,CN(C)CCC(Oc1cccc(Cl)c1)c1ccc(OCCCN2CCCCC2)cc1,,0.1382978723404255,,6.132606506347656
ADORA2A,negative,2474564,COc1cccc(C(=O)C2CCN(CCc3ccc(F)cc3)CC2)c1OC,,0.1443298969072164,,6.10366153717041
ADORA2A,negative,2878089,CN1CCC=C(c2n[nH]c3c(Cl)ccc(F)c23)C1,,0.1294117647058823,,6.079599380493164
ADORA2A,negative,1352016,c1ccc(C2CCCN(c3nnc(N4CCC(N5CCCCC5)CC4)s3)C2)cc1,,0.0975609756097561,,6.102135181427002
ADORA2A,negative,243910,CN(C)[C@@H]1C[C@@H](c2ccc(Cl)c(Cl)c2)c2ccccc21,,0.1044776119402985,,6.073613166809082
ACHE,active,2119513,C#CCN(Cc1ccc2cccc(O)c2n1)C(C#N)CCC1CCN(Cc2ccccc2)CC1,7.83,0.12,0.3764705882352941,4.949305057525635
ACHE,active,364707,COc1cc(CCC(=O)NCCCCC(=O)NNc2c3c(nc4ccccc24)CCCC3)cc(OC)c1OC,7.23,0.25,0.9846153846153848,4.989017009735107
ACHE,active,364712,COc1cc(C(=O)NCCC(=O)NNc2c3c(nc4ccccc24)CCCC3)cc(OC)c1OC,7.05,0.2676056338028169,0.890625,5.021103382110596
ACHE,active,117588,c1ccc2c(NCCCCCCCCNc3c4c(nc5ccccc35)CCCCC4)c3c(nc2c1)CCCCC3,8.8,0.3673469387755102,1.0,5.006765365600586
ACHE,active,508888,CC(=O)N(CCCCNc1c2c(nc3ccccc13)CCCC2)CCCSc1c2c(nc3ccccc13)CCCC2,7.68,0.2753623188405797,0.9482758620689656,5.100673198699951
ACHE,active,388751,CCN(CCCCCCNC1=CC(=O)C(NCCCCCCN(CC)Cc2ccc(OC)cc2)=CC1=O)Cc1ccc(OC)cc1,7.29,0.1875,0.7755102040816326,5.036673545837402
ACHE,active,569595,CCC1=CC2Cc3nc4cc(Cl)ccc4c(NCCN=[N+]=[N-])c3C(C1)C2,7.86,0.1392405063291139,0.8095238095238095,4.975879192352295
ACHE,active,1704893,CC1=CC2Cc3nc4cc(Cl)ccc4c(NCCCCCCCCCNc4c5c(nc6ccccc46)CCCC5)c3C(C1)C2.Cl.Cl.Cl,8.45,0.2631578947368421,1.0,5.05458927154541
ACHE,active,2529932,FC(F)(F)Oc1ccc(CNC2CCN(Cc3ccccc3)C2)cc1,7.64,0.1794871794871795,0.62,4.930176734924316
ACHE,active,284806,COc1cc2c(cc1OC)C(=O)C(CC1CCN(CC3CCCCC3)CC1)C2,8.05,0.1529411764705882,0.6727272727272727,4.930630683898926
ACHE,active,1787524,O=C(NCCCCCCNc1c2c(nc3ccccc13)CCCC2)c1cc2ccccc2oc1=O,7.78,0.2535211267605634,1.0,4.935499668121338
ACHE,active,2242244,COc1cc2c(cc1OC)C(=O)C(Cc1cc[n+](Cc3cccc(Cl)c3)cc1C(C)=O)C2.[Br-],8.48,0.1632653061224489,0.8787878787878788,4.903531551361084
ACHE,active,1834099,COc1cc2oc(-c3ccc(OCC(=O)NCCCCCNc4c5c(nc6cc(Cl)ccc46)CCCC5)cc3)cc(=O)c2c(OC)c1OC,8.16,0.2043010752688172,1.0,5.11410665512085
ACHE,active,2098021,O=S(=O)(c1ccccc1)n1ccc2c(N3CCN(CCCCCCCNc4c5c(nc6ccccc46)CCCC5)CC3)cccc21,8.21,0.240506329113924,1.0,5.075643539428711
ACHE,active,547956,CCN(C)C(=O)Oc1cccc2c1CCC2N.Cl,7.58,0.175,0.7727272727272727,4.898561477661133
ACHE,active,2880921,Br.CC[N+](CC)(CCCCCn1c(=O)cc(C)n(CCCCCn2c(C)cc(=O)n(C)c2=O)c1=O)Cc1ccccc1[N+](=O)[O-],9.4,0.1505376344086021,1.0,5.162041187286377
ACHE,active,461422,CCOC(=O)C1=C(C)Nc2nc3c(c(N)c2[C@H]1c1ccc(OC)cc1)CCCC3,7.44,0.3076923076923077,1.0,4.977545261383057
ACHE,active,213101,CCCCCCCNC(=O)Oc1cccc(CN(C)CCCOc2ccc3c(=O)c4cccnc4oc3c2)c1,7.89,0.3225806451612903,1.0,4.958468914031982
ACHE,active,1704379,Cl.Cl.Oc1c(CNCCCCCCCCCNc2c3c(nc4ccccc24)CCCC3)ccc2cccnc12,8.26,0.2571428571428571,0.78125,4.994473457336426
ACHE,active,342967,Cc1ccccc1NC(=O)Oc1ccc2c(c1)[C@]1(C)CCO[C@@H]1O2,7.7,0.3888888888888889,1.0,4.932046890258789
ACHE,active,1336775,COc1ccc2oc(C(=O)NCCCCCCCCCCNc3c4c(nc5cc(Cl)ccc35)CCCC4)cc(=O)c2c1.Cl,10.0,0.2317073170731707,0.8513513513513513,4.965628623962402
ACHE,active,1732333,CC1=CC2Cc3nc4cc(Cl)ccc4c(NCCCCCNC(=O)c4cc(O)c5c(c4)C(=O)c4cccc(O)c4C5=O)c3C(C1)C2.Cl,8.97,0.1666666666666666,1.0,5.0760016441345215
ACHE,active,217469,Cc1ccc(NC(=O)Oc2ccc3c(c2)[C@]2(C)CCN(C)[C@@H]2N3C)cc1C,7.51,0.7719298245614035,0.7894736842105263,4.976975440979004
ACHE,active,2333249,COc1cc2[nH]c(C(=O)NCCC3CCN(Cc4ccccc4)CC3)cc(=O)c2cc1OC,7.22,0.2022471910112359,0.7014925373134329,4.961545944213867
ACHE,active,388753,CCN(CCCCCCNC1=CC(=O)C(NCCCCCCN(CC)Cc2ccccc2C)=CC1=O)Cc1ccccc1C,7.14,0.1463414634146341,0.7346938775510204,4.996088981628418
ACHE,active,1335893,CC[C@H]1C[C@@H]2CN3CCc4c([nH]c5cc([C@H]6C[C@H]7C(C(=O)OC)[C@H](Cc8c6[nH]c6ccccc86)N(C)C[C@H]7CC)ccc45)[C@](C(=O)OC)(C2)[C@H]13,7.15,0.175438596491228,0.2419354838709677,5.199586868286133
ACHE,active,643253,Nc1c2c(nc3cccc(F)c13)C1CC(C2)C1,7.54,0.5111111111111111,0.5111111111111111,4.93599796295166
ACHE,active,2365938,CCOc1ccc(Cc2nc3cc(C(=O)N(CC)CC)ccc3n2CCCNc2c3c(nc4ccccc24)CCCC3)cc1,8.5,0.2325581395348837,0.961038961038961,5.032432556152344
ACHE,active,118481,CCN1CCc2cc(C(=O)CCC3CCN(Cc4ccccc4)CC3)ccc21,7.96,0.2195121951219512,0.8571428571428571,4.9523024559021
ACHE,active,1350953,CN(CCCOc1ccc2c(=O)c3cccnc3oc2c1)Cc1cccc(OC(=O)NCCCCCc2ccccc2)c1,7.05,0.2626262626262626,0.868421052631579,4.990050792694092
ACHE,active,174553,CN(C)Cc1ccc(CSCCNc2cc(NN)c([N+](=O)[O-])cc2[N+](=O)[O-])o1,7.12,0.108695652173913,0.8979591836734694,4.956085681915283
ACHE,active,1275471,CCN(CCCCCCNC1=CC(=O)C(OC)=CC1=O)Cc1ccccc1OC,7.18,0.146067415730337,0.8979591836734694,4.923708915710449
ACHE,active,1796089,N[C@@H](Cc1c[nH]c2ccccc12)C(=O)NCCCCCCNc1c2c(nc3ccccc13)CCCC2,7.02,0.2602739726027397,0.9838709677419356,4.980538368225098
ACHE,active,1063331,O=C(CCC1CCN(Cc2ccccc2F)CC1)c1cc2c3c(ccn3C(=O)CC2)c1,8.6,0.1538461538461538,0.8253968253968254,4.927453994750977
ACHE,active,630708,CNC(=O)Oc1cccc(CN(C)CCCOc2ccc3ccccc3c2)c1,7.08,0.2777777777777778,0.979591836734694,4.942340850830078
ACHE,active,2770935,C#CCOc1cccc(-c2cc(-c3ccc(OCCN4CCOCC4)cc3)nc(C)n2)c1,8.02,0.1444444444444444,0.7241379310344828,4.925061225891113
ACHE,active,232588,O=C(Nc1ccc2c(c1)C(=O)N(CCC1CCN(Cc3ccccc3)CC1)C2=O)c1ccccc1,8.92,0.2345679012345679,0.8214285714285714,4.9269866943359375
ACHE,active,2570946,O=C(Nc1cncc(OCC2CCN(Cc3ccccc3)CC2)c1)c1ccnc2[nH]ccc12,8.41,0.217391304347826,0.6447368421052632,4.905674934387207
ACHE,active,260421,CN1CCC(C[C@@H]2Cc3ccccc3C2=O)CC1,8.28,0.1690140845070422,1.0,4.902878761291504
ACHE,active,165321,CN(CCOCCNC(=S)NC(=O)c1ccc2ccccc2c1)Cc1ccccc1,7.0,0.1818181818181818,0.7758620689655172,4.901299476623535
ACHE,active,1357872,CN(CCC(=O)N1CCN(CCNc2c3c(nc4ccccc24)CCCC3)CC1)C1CCCCC1,9.5,0.2533333333333333,0.8285714285714286,4.951264381408691
ACHE,active,2353296,CN(Cc1ccnc(NC(=O)Nc2cccc3c2C2CCCCN2C3=O)c1)Cc1cn(CCNc2c3c(nc4ccccc24)CCCC3)nn1,7.23,0.1886792452830188,0.85,5.026603698730469
ACHE,active,3032223,C[C@@]12CCN[C@@H]1Nc1ccc(OC(=O)Nc3ccccc3)cc12,7.0,0.5238095238095238,1.0,5.0012688636779785
ACHE,active,33680,COc1ccc(-c2cc3c(c(=O)o2)C[C@]2(O)[C@@]4(C)C(=O)C=CC(C)(C)[C@]4(O)CC[C@@]2(C)O3)cc1OC,9.0,0.1724137931034483,0.8253968253968254,4.994502544403076
ACHE,active,2491032,CCOC(=O)c1c(C)nc(N2CCN(S(=O)(=O)c3ccc(N)c(Cl)c3)CC2)nc1-c1ccc(OC)cc1,7.11,0.2083333333333333,0.8529411764705882,4.967381477355957
ACHE,active,142855,CC(C)(C)c1cccc(C(=O)C(F)(F)F)c1,8.3,0.1343283582089552,0.6176470588235294,4.909518718719482
ACHE,active,2507230,COc1ccc2[nH]cc(CCNC(=O)CN(CCCCCCCCNc3c4c(nc5ccccc35)CCCC4)C(=O)/C=C/c3ccc(O)c(OC)c3)c2c1,7.36,0.196078431372549,0.6893203883495146,5.041769504547119
ACHE,active,1840207,COc1cc(N)c(Cl)cc1C(=O)CCC1CCN(Cc2ccccc2)CC1,8.07,0.1904761904761904,0.8166666666666667,4.937995910644531
ACHE,active,1704546,Cl.Cl.Cl.Cl.O=C(NCCCCCCCCCNc1c2c(nc3cc(Cl)ccc13)CCCC2)c1ccc2nc(-c3ccc(Cl)cc3)c3c(c2c1)OCCC3,7.6,0.2117647058823529,1.0,5.1842522621154785
ACHE,active,2796657,COc1ccc(-c2cc(=O)c3ccc(OCCN4CCOCC4)cc3o2)cc1,7.96,0.1645569620253164,0.7962962962962963,4.912006855010986
ACHE,active,317073,CNC(=O)Oc1cccc2c1SCC1CCN(C)C21,8.09,0.3283582089552239,0.6666666666666666,4.935669422149658
ACHE,active,1150192,CC(C)C1=N[C@H]2CC[C@]34C[C@]35C(=O)C[C@]3(C)[C@@H]([C@H](C)N(C)Cc6ccccc6)[C@H](O)C[C@@]3(C)[C@@H]5CC[C@H]4[C@]2(C)CS1,8.15,0.1415094339622641,0.8717948717948718,5.07612419128418
ACHE,active,1734026,O=C(CCCOc1cccc2[nH]c3ccccc3c12)NCCCNc1c2c(nc3ccccc13)CCCC2,8.67,0.273972602739726,0.6533333333333333,5.05244779586792
ACHE,active,2326049,COc1nc(-c2ccnc(NC(=O)C3CC3)c2)sc1C(=O)NCCNc1c2c(nc3ccccc13)CCCC2,8.2,0.2209302325581395,0.9230769230769232,5.053398132324219
ACHE,active,2371892,CCOc1ccc(Cc2nc3cc(C(=O)NCCCCNc4c5c(nc6ccccc46)CCCC5)ccc3n2CCC(C)C)cc1,8.0,0.2222222222222222,0.9875,4.981430530548096
ACHE,active,1621495,CCNC(=O)c1ccc2nc(-c3ccc(Cl)cc3)c3c(c2c1)NCCC3,7.19,0.1891891891891892,0.64,4.920691013336182
ACHE,active,391755,C/C=C1\[C@H]2C=C(C)C[C@]1(N)c1ccc(=O)[nH]c1C2,9.27,0.1341463414634146,0.5833333333333334,4.943209648132324
ACHE,active,630840,O=C(CCC1CCN(Cc2ccccc2)CC1)c1ccc2[nH]c(-c3ccccc3)nc2c1,7.48,0.1590909090909091,0.9814814814814816,4.933542251586914
ACHE,active,1057477,CC(C)(C)c1cc[n+](CCCCCCCCCC[n+]2ccc(C(C)(C)C)cc2)cc1.[Br-].[Br-],7.92,0.1029411764705882,1.0,4.972150802612305
ACHE,active,1610278,CN(CCCCNc1c2c(nc3ccccc13)CCCC2)CCCNc1c2c(nc3c(NC(=O)CNC(=O)CC[C@H](NC(=O)CNC(=O)OCc4ccccc4)C(=O)N[C@@H](Cc4ccccc4)C(=O)OCc4ccccc4)cccc13)CCCC2,8.3,0.1941747572815534,1.0,5.348745346069336
ACHE,active,316606,CNC(=O)Oc1cccc2c1CCC1CCN(C)C21,7.76,0.3384615384615385,0.6730769230769231,4.933039665222168
ACHE,active,2358695,O=C1N/C(=N\c2ccc3oc(=O)ccc3c2)S/C1=C/c1ccccc1,7.03,0.1309523809523809,0.7636363636363637,4.936517238616943
ACHE,active,2568015,CC1=CC2Cc3nc4cc(Cl)ccc4c(NCCCCCNC(=O)[C@@H](N)Cc4c[nH]c5ccccc45)c3C(C1)C2.Cl.Cl,7.64,0.1666666666666666,1.0,4.995532989501953
ACHE,active,343305,Cc1ccccc1NC(=O)Oc1ccc2c(c1)[C@]1(C)CO[C@@H](C1)O2,7.01,0.3561643835616438,1.0,4.900397300720215
ACHE,active,631088,CCCCCCCNC(=O)Oc1ccc2c(c1)[C@]1(C)CCN(CCC)[C@@H]1C2,7.03,0.8771929824561403,1.0,4.9274797439575195
ACHE,active,2222950,COc1cc2c(cc1OC)C(=O)/C(=C/c1cc[n+](Cc3ccc(Br)cc3)cc1)C2.[Br-],7.16,0.1222222222222222,0.8301886792452831,4.938393592834473
ACHE,active,3180055,COc1cc(N)ccc1C(=O)CCC1CCN(CC2CCCCC2)CC1,7.58,0.1744186046511628,0.7192982456140351,4.919822692871094
ACHE,active,2500684,NC(=O)c1sc(-c2ccnc(NC(=O)CNCCNc3c4c(nc5ccccc35)CCCC4)c2)nc1OCC1CC1,9.1,0.2111111111111111,0.8588235294117647,4.963789939880371
ACHE,active,364774,COc1cc(C(=O)NCCCCC(=O)NNc2c3c(nc4ccccc24)CCCC3)cc(OC)c1OC,7.77,0.2567567567567567,0.984126984126984,5.006258964538574
ACHE,active,2238565,CCN(CCCCNC(=O)COc1ccc(-c2cc(=O)c3c(OC)c(OC)c(OC)cc3o2)cc1)Cc1ccccc1OC,7.2,0.1862745098039215,0.9041095890410958,4.977744102478027
ACHE,active,2305432,COc1ccc2c(c1)C/C(=C/c1ccccc1-c1ccc3nc(N)ccc3c1)C2=O,7.83,0.1527777777777778,0.7777777777777778,4.9221930503845215
ACHE,active,442124,O=[N+]([O-])OCCCCCCNCCCNc1c2c(nc3ccccc13)CCCC2,8.2,0.2769230769230769,0.9807692307692308,4.960836410522461
ACHE,active,677936,CC[N+](CC)(CC)CCOc1ccc(C(=O)NCCCCCC(=O)NNc2c3c(nc4ccccc24)CCCC3)cc1.Cl.[Br-],8.12,0.2289156626506024,0.881578947368421,5.122096538543701
ACHE,active,1150166,CC(C)C1=N[C@H]2CC[C@]34C[C@]35C(=O)C[C@]3(C)[C@@H]([C@H](C)N(C)CCCN6C(=O)c7ccccc7C6=O)[C@H](O)C[C@@]3(C)[C@@H]5CC[C@H]4[C@]2(C)CS1,7.85,0.1415929203539823,0.926829268292683,5.266409873962402
ACHE,active,139355,COc1cc2cc(C(=O)CCC3CC[N+](C)(CC(=O)OC(C)(C)C)CC3)sc2cc1OC.[Br-],7.1,0.1397849462365591,0.8421052631578947,4.988826274871826
ACHE,active,553641,CNC(=O)Oc1ccc2c(c1)[C@]1(C)CC[N@@+](C)([O-])[C@@H]1N2C.Cl,7.0,0.6206896551724138,0.7924528301886793,4.949982643127441
ACHE,active,2494301,CCOC(=O)c1c(C)nc(N2CCN(S(=O)(=O)c3ccc(N)c(OC)c3)CC2)nc1-c1ccc(OC)c(OC)c1,7.07,0.1868131868131868,0.8823529411764706,4.99193000793457
ACHE,active,2919198,C[C@@H](c1cccc(OC(=O)NCCCCCNc2c3c(nc4cc(Cl)ccc24)CCCC3)c1)N(C)C,8.08,0.2604166666666667,1.0,4.994281768798828
ACHE,active,1420962,CN(C)c1ccccc1CNCCCCCCCCCNc1c2c(nc3ccccc13)CCCC2,8.45,0.3015873015873015,1.0,4.991174221038818
ACHE,active,335571,O=C(CCCCCNc1c2c(nc3cccc(Cl)c13)CCCC2)NCCc1c[nH]c2ccccc12,9.06,0.3611111111111111,0.8115942028985508,4.938310146331787
ACHE,active,2849533,FC(F)(F)c1ccc(-c2nnc(CNC3CCN(Cc4ccccc4)C3)o2)cc1,7.19,0.1222222222222222,0.6666666666666666,4.927800178527832
ACHE,active,2488830,COc1cc(CNC(=O)CCCC/C=C/CNc2c3c(nc4cc(Cl)ccc24)CC2C=C(C)CC3C2)ccc1O,8.36,0.1367521367521367,0.9166666666666666,5.040630340576172
ACHE,active,1357876,CN(CCCN1CCN(CCNc2c3c(nc4ccccc24)CCCC3)CC1)C1CCCCC1,7.99,0.2794117647058823,0.7761194029850746,4.942068099975586
ACHE,active,2372805,COc1ccc(/C=C2/S/C(=N/c3ccc4oc(=O)ccc4c3)NC2=O)cc1,7.3,0.1585365853658536,0.7636363636363637,4.915524959564209
ACHE,active,2265046,COc1cc2c(cc1OC)C(=O)C(Cc1cc[n+](Cc3ccccc3)cc1C(C)=O)CC2.[Br-],7.62,0.1521739130434782,0.8524590163934426,4.906808853149414
ACHE,active,1792888,C/C=C1\[C@H]2C=C(C)C[C@]1(NC1OCC3=C4CC(C)(C)[C@H](O)[C@H]4[C@@H](C)CCC31O)c1ccc(=O)[nH]c1C2,7.22,0.1428571428571428,0.4358974358974359,5.086555004119873
ACHE,active,2922070,C[C@@H](c1cccc(OC(=O)NCCCCCCNc2c3c(nc4cc(F)ccc24)CCCC3)c1)N(C)C,7.38,0.2604166666666667,1.0,4.975488185882568
ACHE,active,1955440,CC1=CC2Cc3nc4ccccc4c(NCCCCCCCCCCCCNc4c5c(nc6ccccc46)CCCC5)c3C(C1)C2,8.0,0.303030303030303,1.0,5.060895919799805
ACHE,active,165026,CN(CCOCCNC(=S)NC(=O)c1cccc([N+](=O)[O-])c1)Cc1ccccc1,7.82,0.1720430107526881,0.6984126984126984,4.910422325134277
ACHE,active,233592,O=C1c2cccnc2C(=O)N1CCC1CCN(Cc2ccccc2)CC1,7.89,0.1604938271604938,0.7608695652173914,4.928843975067139
ACHE,active,213226,CCCCNC(=O)Oc1cccc(CN(C)CCCOc2ccc3c(=O)cc(-c4ccccc4)oc3c2)c1,7.51,0.2934782608695652,0.9420289855072465,4.981983184814453
ACHE,active,2434748,COc1ccc(C2SCC(=O)N2c2ccc3oc(=O)ccc3c2)cc1,7.15,0.1518987341772152,0.40625,4.961463451385498
ACHE,active,201503,Cc1ccccc1NC(=O)Oc1ccc2c(c1)[C@]1(C)CCN(C)[C@@H]1N2C.O=C(O)C(O)C(O)C(=O)O,8.0,0.7142857142857143,0.8813559322033898,4.957127571105957
ACHE,active,2852732,Clc1ccc2c(NCCCCCN3c4ccccc4Sc4ccccc43)c3c(nc2c1)CCCC3,8.1,0.2753623188405797,0.6964285714285714,4.986842632293701
ACHE,active,2325029,COc1ccc2nc3c(c(NCCNC(=O)c4sc(-c5ccnc(NC(=O)C6CC6)c5)nc4OC)c2c1)CCCC3,7.64,0.1931818181818181,0.935064935064935,5.005910396575928
ACHE,active,207212,CN(CCCOc1ccc2c(=O)c3ccccc3oc2c1)Cc1cccc(OC(=O)NCCCCCCCCN2CCOCC2)c1,7.56,0.2959183673469387,1.0,4.984890460968018
ACHE,active,322634,Cc1c(N2CCN(C)CC2)nc2ccccc2c1C(=O)NCCCCCCCNc1c2c(nc3ccccc13)CCCC2,8.39,0.2777777777777778,0.7424242424242424,5.011234760284424
ACHE,active,1336780,COc1cc2oc(C(=O)NCCCCCCCCCCNc3c4c(nc5ccccc35)CCCC4)cc(=O)c2cc1OC.Cl,8.74,0.2631578947368421,0.8450704225352113,4.971086502075195
ACHE,active,171081,[Br-].[Br-].c1ccc2c(c1)ccc[n+]2CCCCCCCCC[n+]1cccc2ccccc21,7.1,0.1,1.0,4.971956253051758
ACHE,active,2095666,CN(CCCOc1ccc2c3c(c(=O)oc2c1)CCCC3)Cc1cccc(OC(=O)NCCCCCc2ccccc2)c1,7.05,0.2783505154639175,0.8666666666666667,5.0478057861328125
ACHE,active,608439,COc1cc2cc(C(=O)C3CCC[N+](C)(Cc4ccc([N+](=O)[O-])o4)CC3)sc2cc1OC.[I-],7.5,0.1274509803921568,0.7027027027027027,5.0398383140563965
ACHE,active,631157,c1ccc2c(NCCCCCCCNc3ccncc3)c3c(nc2c1)CCCC3,7.89,0.3392857142857143,1.0,4.9551615715026855
ACHE,active,317769,CNC(=O)Oc1cccc(CN(C)CCCCCCCOc2ccc3c(=O)c4ccccc4oc3c2)c1,7.29,0.238095238095238,1.0,4.999237537384033
ACHE,active,2296980,O=C(CNCc1ccccc1[N+](=O)[O-])Nc1ccc2nc3n(c(=O)c2c1)CCC3,7.51,0.1868131868131868,0.7205882352941176,4.9298295974731445
ACHE,active,2079234,CN(C)S(=O)(=O)NC1CCc2ccc(O)cc2C1,9.14,0.1688311688311688,0.8974358974358975,4.9255523681640625
ACHE,active,387538,COc1cc2cc(-c3ccc(CN(CCO)Cc4ccccc4)cc3)c(=O)oc2cc1OC,7.98,0.1294117647058823,0.803921568627451,4.919222354888916
ACHE,active,631085,O=C(CCC1CCN(Cc2ccccc2)CC1)c1ccc2c(c1)CCN2c1ccccc1,7.17,0.1927710843373494,0.8888888888888888,4.92141580581665
ACHE,active,232782,O=c1[nH]c2cc(Cl)ccc2c(=O)n1CCC1CCN(Cc2ccccc2)CC1,8.35,0.1686746987951807,0.7843137254901961,4.96924352645874
ACHE,active,2343178,COc1ccc(C(=O)CNc2ccc3oc(=O)ccc3c2)cc1,7.26,0.1645569620253164,0.72,4.927558422088623
ACHE,active,374481,Cn1cc(C(=O)NCCCCCCCNc2c3c(nc4cc(Cl)ccc24)CCCC3)c2ccccc21,7.96,0.25,0.6986301369863014,4.966369152069092
ACHE,active,516855,CCN(CCCCCC(=O)N1Cc2ccc3c4c(ccc(c24)C1)CN(C(=O)CCCCCN(CC)Cc1ccccc1OC)C3)Cc1ccccc1OC,8.32,0.188235294117647,0.803921568627451,5.140267848968506
ACHE,active,2516590,Brc1ccc(-c2nnc(N3CCN(c4ccccn4)CC3)o2)cc1,7.13,0.109375,0.68,4.92768669128418
ACHE,active,138569,Cc1cc(C(=O)CCC2CC[N+](C)(Cc3ccccc3)CC2)nn1-c1ccccc1,7.66,0.180722891566265,0.5396825396825397,4.939459323883057
ACHE,active,552167,CNC(=O)Oc1cccc(CN(C)CCCOc2ccccc2)c1.Cl,7.1,0.2753623188405797,0.9772727272727272,4.923880577087402
ACHE,active,2900754,FC(F)(F)c1ccc(-c2nnc(NC3CCN(Cc4ccccc4)CC3)o2)cc1,7.26,0.127906976744186,0.6666666666666666,4.941707134246826
ACHE,active,302181,COc1cc2c(cc1OC)C(=O)C(Oc1cccc(CN3CCN(C)CC3)c1)C2,7.21,0.1724137931034483,0.7924528301886793,4.9590983390808105
ACHE,active,1974769,CC(=O)NCCc1c[nH]c2ccc(OC(=O)NCCCCCCCCCCNc3c4c(nc5cc(Cl)ccc35)CCCC4)cc12,8.09,0.26,1.0,5.089323997497559
ACHE,active,1608187,[Br-].[Br-].c1cc[n+](CCCCCCCCCCC[n+]2cccc3ccccc32)cc1,7.77,0.0892857142857142,1.0,4.946657180786133
ACHE,active,1063339,O=C(CCC1CCN(Cc2ccccc2O)CC1)c1cc2c3c(ccn3C(=O)CC2)c1,8.96,0.1397849462365591,0.8253968253968254,4.923045635223389
ACHE,active,290868,CC[N+](C)(CCCCCC(=O)N(CCCCCCCCN(C(=O)CCCCC[N+](C)(CC)Cc1ccccc1OC)C(C)C)C(C)C)Cc1ccccc1OC,8.09,0.1333333333333333,0.7592592592592593,5.117903709411621
ACHE,reference,9277,CNC(=O)Oc1ccc2c(c1)[C@]1(C)CCN(C)[C@@H]1N2C,9.37,1.0,0.7857142857142857,4.90755033493042
ACHE,reference,119802,CN1CC[C@@]2(C)c3cc(OC(=O)Nc4ccccc4)ccc3N(C)[C@@H]12,7.68,1.0,1.0,4.939123153686523
ACHE,reference,119833,CCCCCCCCNC(=O)Oc1ccc2c(c1)[C@]1(C)CCN(C)[C@@H]1N2C,7.82,1.0,1.0,4.927767753601074
ACHE,reference,119986,CNC(=O)Oc1ccc2c(c1)[C@]1(C)CCN[C@@H]1N2C,7.68,1.0,1.0,4.909579753875732
ACHE,reference,119988,C=CCN1CC[C@@]2(C)c3cc(OC(=O)NC)ccc3N(C)[C@@H]12,7.5,1.0,0.7454545454545455,4.905800819396973
ACHE,reference,95526,CCCCCCNC(=O)Oc1ccc2c(c1)[C@]1(C)CCN(CC)[C@@H]1C2,7.7,1.0,1.0,4.9253435134887695
ACHE,reference,219051,Nc1c2c(nc3cnccc13)OCCC2,7.38,1.0,0.3695652173913043,4.935998916625977
ACHE,reference,219122,Nc1c2c(nc3cccc(Cl)c13)CCCC2,8.03,1.0,0.9696969696969696,4.9582014083862305
ACHE,reference,219123,Nc1c2c(nc3cccc(F)c13)CCCC2,7.11,1.0,0.7027027027027027,4.966602325439453
ACHE,reference,219397,Cc1cccc2nc3c(c(N)c12)CCCC3,7.0,1.0,0.7027027027027027,4.9030985832214355
ACHE,negative,3183779,CCn1cc(-c2c(-c3ccc(F)cc3)nc(N)n3nc(Cc4ncccc4F)nc23)ccc1=O,,0.1518987341772152,,5.003392219543457
ACHE,negative,126314,C[C@H]1C[C@H](c2cc3cc(Cl)ccc3s2)CCN1C[C@H](O)COc1cccc2[nH]ccc12,,0.1226415094339622,,4.920475959777832
ACHE,negative,3243915,COc1ncc2c(n1)CCN(CCN1CCC(c3noc4ccccc34)CC1)C2=O,,0.1473684210526315,,4.9664835929870605
ACHE,negative,2511912,CNC(=O)[C@H](CCCNC(=N)N)NC(=O)[C@@H]1Cc2ccc(cc2)OCCC[C@H](C(=O)NO)[C@@H](CC(C)C)C(=O)N1,,0.1531531531531531,,5.004957675933838
ACHE,negative,23467,CNC(=O)[C@@H](NC(=O)[C@H](CCc1ccccc1)CC(=O)NO)c1ccccc1,,0.1818181818181818,,4.9285569190979
ACHE,negative,427171,CNCc1cnccc1Oc1ccc(Cl)cc1OC,,0.1746031746031746,,4.911812782287598
ACHE,negative,512615,COc1ccc([C@H]2C[C@H]3CC[C@H]([C@H]2C(=O)OC2CCC2)N3C)cc1.Cl,,0.1842105263157894,,4.928037643432617
ACHE,negative,2512411,CCCc1ccnc2c1CC[C@@H]1CNCCN21,,0.1585365853658536,,4.923379421234131
ACHE,negative,1174337,CN1CCN([C@H]2CC[C@@H](c3ccc(OCCCN4CCCCC4)cc3)CC2)CC1,,0.1728395061728395,,4.954630374908447
ACHE,negative,448523,CN1CCN(C[C@H](c2cccc(Cl)c2)C2(O)CCCCC2)CC1.Cl.Cl,,0.1707317073170731,,4.9791741371154785
ACHE,negative,3143624,Cc1cccc(C2CCN(CCNC(=O)C3CCOCC3)CC2)n1,,0.2023809523809523,,4.931024551391602
ACHE,negative,593297,CN1C2CCC1[C@@H](C(=O)OCCCCCn1ccnn1)[C@@H](c1ccc(Cl)cc1)C2,,0.1578947368421052,,4.987647533416748
ACHE,negative,1279727,C[C@H]1CC(=O)NN=C1c1ccc(OC2CCN(C3CCC3)CC2)cc1,,0.1688311688311688,,4.931124687194824
ACHE,negative,2175572,O=C(N[C@H]1CC[C@H](CCN2CCC(c3noc4cc(F)ccc34)CC2)CC1)c1ccc(N2CCOCC2)nc1,,0.15,,5.003604412078857
ACHE,negative,2232154,O=S(=O)(NCCCN1CC=C(c2c[nH]c3ccc(F)cc23)CC1)c1ccc2ccccc2c1,,0.1386138613861386,,5.00523042678833
ACHE,negative,335501,O=C(Nc1ccc(S(=O)(=O)C[C@@H](Cc2c[nH]c3ccccc23)C(=O)O)cc1)c1ccc(Br)cc1,,0.1555555555555555,,4.954607009887695
ACHE,negative,3234023,CC(C)c1nc2c(o1)C(=O)N(CCN1CCC(c3noc4ccccc34)CC1)CC2,,0.141025641025641,,5.012074947357178
ACHE,negative,3236203,O=c1[nH]c2ccc(-c3c(-c4ccccc4)nn4c(N5CCOCC5)nccc34)cc2s1,,0.1170212765957446,,4.971884727478027
ACHE,negative,467996,CN(C)Cc1cc(NS(C)(=O)=O)ccc1Sc1ccc(C(F)(F)F)cc1,,0.1162790697674418,,4.918394088745117
ACHE,negative,408544,COc1ccc(C2CN(C)Cc3cc(OCC4CCN(C(C)C)CC4)ncc32)cc1,,0.1647058823529411,,4.922409534454346
ACHE,negative,427385,Nc1nc(-c2ccco2)c2cnn(Cc3ccccc3)c2n1,,0.1666666666666666,,5.025233745574951
ACHE,negative,266462,C[C@@H](NC(=O)c1ccc(Cl)c(Cl)c1)C(=O)N1CCN(CCCOc2ccc(-c3noc(CC4CCCC4)n3)c(F)c2)CC1,,0.1801801801801801,,4.977121353149414
ACHE,negative,2245819,C[C@@H]1CCCN1[C@H]1CC[C@H](c2ccc(N3CCC4(CCN(C(=O)OC(C)(C)C)CC4)C3=O)c(F)c2)CC1,,0.1910112359550561,,4.9831390380859375
ACHE,negative,1625972,COc1ccc2c(C(=O)NC/C=C/CN3CCN(c4ccccc4OCCF)CC3)c[nH]c2c1.O=C(O)C(=O)O,,0.2164948453608247,,5.052240371704102
ACHE,negative,3078042,CNCC1(c2ccc3ccccc3c2)CCC(C)(O)CC1,,0.2,,4.904182434082031
ACHE,negative,90008,COc1ccc2[nH]cc(CCNCCCc3ccccc3)c2c1,,0.15,,4.909787654876709
ACHE,negative,618932,O=C(c1cccc(Cl)c1Cl)N(CCC1CC1)[C@H]1CCNC1,,0.1547619047619047,,4.961116790771484
ACHE,negative,1948982,C=CC[C@@H](C(=O)NO)N(Cc1cccnc1)S(=O)(=O)c1ccc(OC)cc1,,0.1910112359550561,,4.942126750946045
ACHE,negative,3181839,Cc1noc2c1C(=O)N(CCN1CCC(c3noc4ccccc34)CC1)CC2,,0.1477272727272727,,4.973862648010254
ACHE,negative,468127,CN(C)Cc1cc(C(=O)N(C)C)ccc1Oc1ccc(OC(F)(F)F)cc1,,0.1486486486486486,,4.917303085327148
ACHE,negative,134665,CN(C)CC1CC2c3cc(F)ccc3Cc3ccc(F)cc3N2O1,,0.1325301204819277,,4.933535099029541
ACHE,negative,2983305,COCC(C)(C)C(=O)NCCN1CCC(c2cccc(C(F)(F)F)n2)CC1,,0.1910112359550561,,4.93638801574707
ACHE,negative,2973627,C[C@H](Nc1nc(C(=O)N2CC[C@H](NC(=O)OC(C)(C)C)C2)c2sccc2n1)c1cccnc1,,0.145631067961165,,4.992910861968994
ACHE,negative,23255,CNC(=O)[C@@H](NC(=O)[C@H](CC(C)C)[C@H](C)C(=O)NO)c1ccccc1,,0.1891891891891892,,4.912452697753906
ACHE,negative,1056138,O=C(Nc1nnc(N2CCC(N3CCCCC3)CC2)s1)NC1CCCC1,,0.1219512195121951,,4.923425674438477
ACHE,negative,1785677,CN1Cc2ccccc2C(c2ccc3cnsc3c2)C1,,0.1392405063291139,,4.904971599578857
ACHE,negative,710111,CC(C)N1CCN(C(=O)c2ccc3c(CN4CCCCC4)c[nH]c3c2)CC1,,0.1363636363636363,,4.949108600616455
ACHE,negative,3123916,O=S(=O)(N[C@H]1CC[C@@H](CCN2CCN(c3nsc4ccccc34)CC2)CC1)c1ccco1,,0.1382978723404255,,4.966092586517334
ACHE,negative,591046,O=C1NCc2ccc3c(c21)CC(N(CCCc1c[nH]c2ccc(F)cc12)CC1CC1)CO3,,0.1111111111111111,,4.983195781707764
ACHE,negative,623028,S=c1sc2c(ncn3nc(-c4ccco4)nc23)n1-c1ccccc1,,0.0919540229885057,,4.958746433258057
ACHE,negative,1704403,Cc1cccc(N2CCN(CC(O)CNC(=O)c3nc(C)n(-c4ccccc4Cl)c3C)CC2)c1C.Cl.Cl.Cl,,0.1794871794871795,,5.001405239105225
ACHE,negative,350309,CCN1CCc2ccc(OCCCN3CCCCC3)cc2C1,,0.2236842105263158,,4.943732261657715
ACHE,negative,2037079,Fc1cc2c(cc1-c1ccc(OC(F)F)nn1)CNCC2c1ccc(Cl)c(Cl)c1,,0.1038961038961039,,4.953344821929932
ACHE,negative,453011,O=c1c2ccccc2nc(-c2ccc(OCCCN3CCCCC3)cc2)n1Cc1ccccc1,,0.1627906976744186,,4.972356796264648
ACHE,negative,356022,CO/N=C(\CCN1CCN(c2ccccn2)CC1C)c1ccc(Cl)cc1,,0.1477272727272727,,4.9737677574157715
ACHE,negative,521921,Cc1ccc2c(N3CCN(CCCc4cccc5c4OCC(=O)N5C)[C@H](C)C3)cc(F)cc2n1,,0.1333333333333333,,4.97970724105835
ACHE,negative,1839993,CCNC(=O)[C@H]1O[C@@H](n2cnc3c(N)nc(NCCN4CCN(c5cccc(Cl)c5)CC4)nc32)[C@H](O)[C@@H]1O,,0.1759259259259259,,5.044346332550049
ACHE,negative,27342,CNCC[C@@H](Oc1ccccc1C)c1ccccc1,,0.1454545454545454,,4.881921768188477
ACHE,negative,511379,CNC[C@H]1OCc2ccccc2[C@@H]1Oc1ccccc1C,,0.1451612903225806,,4.890305519104004
ACHE,negative,3057891,COc1cccc2c(C(=O)NCc3cccc(COCC4CCCC4)n3)nc(N)nc12,,0.1558441558441558,,4.961923122406006
ACHE,negative,1624299,CC(C)N1CCN(C(=O)[C@@H]2CC23CCN(C2CCOCC2)CC3)CC1,,0.1666666666666666,,4.980968475341797
ACHE,negative,2797906,COc1ccc(S(=O)(=O)N(C)c2c(CN3CCOCC3)cc(C)cc2C(=O)NO)cc1,,0.2048192771084337,,4.959739685058594
ACHE,negative,1271518,CCCCC(c1ccc(-c2ccc(CN3CCCCC3)cc2)cc1)N1CCCCC1,,0.1518987341772152,,4.9540605545043945
ACHE,negative,2155332,O=C(OC1CCN(c2ccn3ccnc3c2)CC1)N1CCN(C2CCC2)CC1,,0.1604938271604938,,4.969587326049805
ACHE,negative,2805610,CCCCCCCCCC[C@@H](CC(=O)NO)C(=O)N[C@H](C(=O)NC)c1ccccc1,,0.2125,,4.955511569976807
ACHE,negative,49986,O=C(c1ccccc1)c1ccc(S(=O)(=O)CC(CCCc2ccccc2)C(=O)NO)cc1,,0.1358024691358024,,4.945101737976074
ACHE,negative,2278909,COc1cccc(CNc2nc(N)c3nc(-c4cccs4)sc3n2)c1,,0.1408450704225352,,4.93840217590332
ACHE,negative,76440,COc1ccccc1N1CCN(CCCOc2ccc3c(C)cc(=O)oc3c2)CC1,,0.1839080459770115,,4.949529647827148
ACHE,negative,3076013,Cc1cc(-c2c(-c3ncco3)nc(N)n3nc(Cc4ncccc4F)nc23)cc(Cl)n1,,0.1463414634146341,,4.9906134605407715
ACHE,negative,1428548,Clc1cccc(N2CCCN(CCCCOc3ccc4scnc4c3)CC2)c1Cl,,0.1756756756756756,,4.927781581878662
ACHE,negative,311400,CN1C2CCC1C(C(=O)OCCF)C(c1ccc(Br)cc1)C2,,0.1538461538461538,,4.963165283203125
ACHE,negative,348112,O=S(=O)(c1ccccc1F)N1CCC(CCc2ccc(F)cc2F)CC1,,0.1518987341772152,,4.9630584716796875
ACHE,negative,2721471,O=C1CN(Cc2ccc(OCCCN3CCCCC3)cc2)C(=O)CN1,,0.1547619047619047,,4.9411396980285645
ACHE,negative,489803,O=c1c2ccccc2nc(-c2ccccc2)n1-c1ccc(OCCCN2CCCC2)cc1,,0.1686746987951807,,4.971199035644531
ACHE,negative,2376822,COc1ccc(-c2c(=O)n(CCCCN3CCCC(c4c[nH]c5ccccc45)C3)c(=O)n3ccccc23)cc1,,0.1515151515151515,,4.945828914642334
ACHE,negative,470539,CCOC(=O)c1oc2c(c1C)C(=O)CC(CN1CCC(C(=O)c3ccc(F)cc3)CC1)C2,,0.1578947368421052,,4.989883899688721
ACHE,negative,2984393,CCCC(C)c1ccnc2c1CC[C@@H]1CNCCN21,,0.1511627906976744,,4.926273345947266
ACHE,negative,1785676,CN1Cc2ccccc2C(c2ccc3ncsc3c2)C1,,0.1375,,4.902237415313721
ACHE,negative,408869,FC(F)(F)c1ccc(C2CN3CCCC3c3cc(OCCCN4CCCCC4)ccc32)cc1,,0.1505376344086021,,4.980669975280762
ACHE,negative,328986,CN(C)C[C@H]1C[C@@H]1c1c[nH]c2c(F)cccc12,,0.1694915254237288,,4.968498229980469
ACHE,negative,1613333,O=C(OCCF)[C@H]1[C@@H](c2ccc(I)cc2)C[C@@H]2CC[C@H]1N2C/C=C/I,,0.1444444444444444,,4.97111177444458
ACHE,negative,489248,N#Cc1c(-c2ccco2)cc(-c2ccco2)nc1N,,0.1428571428571428,,5.007890701293945
ACHE,negative,266773,CC(C)C[C@@H](N[C@H](CCN1C(=O)c2cc3ccccc3cc2C1=O)C(=O)O)C(=O)NC(C)c1ccccc1,,0.1764705882352941,,4.992398738861084
ACHE,negative,2054304,CCCn1c(-c2ccco2)nc2c(N)nc(NCCc3ccccc3)nc21,,0.136986301369863,,4.94507360458374
ACHE,negative,400116,CNCc1ccc(C#CCCN2CCOCC2)cc1Oc1ccc(SC)cc1,,0.1707317073170731,,4.9076642990112305
ACHE,negative,2180588,COc1cccc2c(C(=O)NCc3cccc(CO)n3)nc(N)nc12,,0.1470588235294117,,4.958957672119141
ACHE,negative,2463126,c1ccc2[nH]c(CNCC[C@@H]3C[C@H]3c3c[nH]cn3)nc2c1,,0.144927536231884,,4.942205905914307
ACHE,negative,572550,c1ccc(COc2ccccc2N2CCNCC2)cc1,,0.1571428571428571,,4.895055770874023
ACHE,negative,3175083,Fc1cccc(Oc2ccccc2N2CCC3(CC2)CNCCO3)c1,,0.1772151898734177,,5.072656631469727
ACHE,negative,2059782,CC(C)C(NS(=O)(=O)c1ccc(-c2ccc(OCCF)cc2)cc1)P(=O)(O)O,,0.1466666666666666,,4.948222637176514
ACHE,negative,1059289,O=[N+]([O-])c1cccc(O[C@@H]2C[C@H]3CC[C@@H](C2)N3)c1,,0.1571428571428571,,4.91279411315918
ACHE,negative,287800,COc1ccc(P(=O)(OCCc2ccccc2)N2Cc3ccccc3CC2C(=O)NO)cc1,,0.2235294117647059,,4.911021709442139
ACHE,negative,91047,CCNCCc1cc(OC)c(Br)cc1OC,,0.1216216216216216,,4.898236274719238
ACHE,negative,2199492,CCCN[C@@H]1Cc2cccc3c2n(c(=O)n3CCCCOCCCCc2ccccc2)C1,,0.1808510638297872,,4.955652236938477
ACHE,negative,1975533,CO[C@H](C)C(=O)N[C@H]1CC[C@H](CCN2CCN(c3nccc4c3CCO4)CC2)CC1,,0.1595744680851064,,4.961927890777588
ACHE,negative,603356,COc1ccc(NC(=O)Nc2cccc(F)c2)cc1-c1c(Br)cnn1C,,0.1927710843373494,,4.905312538146973
ACHE,negative,591905,CCn1ccnc1CNC(=O)c1cc(-c2ccc(C)o2)nc(N)n1,,0.1521739130434782,,4.934319019317627
ACHE,negative,52938,OC[C@H]1O[C@@H](n2cnc3c(NC4CCCC4)nc(Cl)nc32)[C@H](O)[C@@H]1O,,0.1081081081081081,,5.043022632598877
ACHE,negative,3115015,COc1cccc2c1nc(N)n1nc([C@@H]3CCCN(c4ncc(C)s4)C3)nc21,,0.1645569620253164,,5.06742525100708
ACHE,negative,2031232,O=C(CC1COCCO1)N[C@H]1CC[C@H](CCN2CCN(c3cccc4c3OCO4)CC2)CC1,,0.15625,,4.977260112762451
ACHE,negative,2028658,O=C(N[C@H]1CC[C@H](CCN2CCC(c3cccc4c3CCO4)CC2)CC1)C1CCOC1,,0.1630434782608695,,4.953850269317627
ACHE,negative,411972,CCN(CCc1ccc2cc(-c3ccc(C#N)cc3)ccc2c1)C(C)C,,0.1071428571428571,,4.897476673126221
ACHE,negative,3014952,O=C1c2cnc(C3CC3)nc2CCN1CCN1CCN(c2nsc3ccccc23)CC1,,0.1263157894736842,,4.951876640319824
ACHE,negative,3013038,Nc1nc(-n2nccn2)c(-c2ccc3nccn3c2)nc1C(=O)NCc1ncccc1F,,0.1645569620253164,,4.984617233276367
ACHE,negative,329270,c1cc2c(c(N3CCN(CCc4c[nH]c5ccccc45)CC3)c1)OCCO2,,0.1162790697674418,,4.9164652824401855
ACHE,negative,3024410,O=C1c2cnn(C3CC3)c2CCN1CCN1CCN(c2nsc3ccccc23)CC1,,0.1413043478260869,,4.952624797821045
ACHE,negative,1428555,CC(C)Oc1ccccc1N1CCN(CCCCOc2ccc3c(c2)NC(=O)CC3)CC1,,0.2183908045977011,,4.957461833953857
ACHE,negative,2838268,O=C(N[C@H]1CC[C@H](CCN2CCN(c3cccc(Cl)c3Cl)CC2)CC1)N1CCc2ncccc2C1,,0.1666666666666666,,5.009576797485352
ACHE,negative,28135,Nc1nc2c(cnn2CCCc2ccc([N+](=O)[O-])cc2)c2nc(-c3ccco3)nn12,,0.1204819277108433,,5.029391765594482
ACHE,negative,472281,Nc1nc(-c2ccco2)c2nnn(Cc3ccccc3)c2n1,,0.1384615384615384,,5.033738613128662
ACHE,negative,1560332,FCCn1ccc2ccc(-c3nnc(N4CCN5CCC4CC5)o3)cc21,,0.1195652173913043,,5.0474700927734375
ACHE,negative,2290481,O=C1/C(=C/c2ccccc2)Cc2cc(OCCCN3CCCCC3)ccc21,,0.2,,4.958381652832031
ACHE,negative,205706,COc1ccc(S(=O)(=O)N2CCN(C(=O)NCCc3ccccc3)CC2C(=O)NO)cc1,,0.2235294117647059,,4.944354057312012
ACHE,negative,2166971,c1cc2c(NC3=NC[C@@]4(CN5CCC4CC5)O3)ncnn2c1,,0.1136363636363636,,4.997987270355225
ACHE,negative,34684,CC1CCN(CCCOc2ccc(-c3ccc(C(=O)N4CCCC4)cc3)cc2)CC1,,0.2125,,4.927253723144531
ACHE,negative,3019810,Cc1cc(-c2nnc(N)nc2-c2ccccc2)cc(C(F)F)n1,,0.1896551724137931,,4.906499862670898
ACHE,negative,2986218,C[C@H]1CC[C@@H](c2nc3c4cc(F)cc(F)c4nc(N)n3n2)CN1c1cnn(C(C)(CO)CO)c1,,0.1294117647058823,,4.97448205947876
ACHE,negative,2084756,CC(C)CS(=O)(=O)n1ccc2c(-c3ccc(OCc4ccccc4)cc3)cc(N3CCN(C)CC3)nc21,,0.1702127659574468,,5.046137809753418
ACHE,negative,110323,O=C(NC/C=C/CN1CCN(c2cccc(Cl)c2Cl)CC1)c1ccccc1,,0.2025316455696202,,4.95369815826416
ACHE,negative,3072889,COc1cccc2c1nc(N)n1nc([C@@H]3CCCN(CCN(C)C)C3)nc21,,0.1578947368421052,,5.02016019821167
ACHE,negative,339481,CN(C)CCc1ccc(OCCCN2CCCCC2)cc1,,0.1710526315789473,,4.9049530029296875
ACHE,negative,347408,CC(C)CN(Cc1cccc(C(F)(F)F)c1)C1CCNCC1.O=C(O)/C=C/C(=O)O,,0.144578313253012,,5.028439521789551
ACHE,negative,1311558,COc1cccc2cc(C(N)=O)c(=N)oc12,,0.135593220338983,,4.926804542541504
ACHE,negative,302799,CCOc1ccccc1O[C@@H](c1ccccc1)[C@@H]1CNCCO1,,0.1375,,4.934727668762207
ACHE,negative,433000,O=C(CCc1ccccc1)Nc1nc2ccccc2n2nc(-c3ccco3)nc12,,0.1477272727272727,,4.9426069259643555
ACHE,negative,3236113,CC(O)C(C)n1cc(N2CCC[C@@H](c3nc4c5cc(F)cc(F)c5nc(N)n4n3)C2)cn1,,0.1294117647058823,,4.979875564575195
ACHE,negative,3218072,CNCc1cc(OCc2ccccc2)n(CCC2CCCC2)n1,,0.189873417721519,,4.915475845336914
ACHE,negative,560783,CC(C)c1ccccc1C(=O)N(C1CCCC1)[C@H]1CCNC1,,0.1710526315789473,,4.943844795227051
ACHE,negative,119993,CN(C)CC(CS(=O)(=O)c1ccc(Oc2ccc(OC(F)(F)F)cc2)cc1)N(O)C=O,,0.127906976744186,,5.0264434814453125
ACHE,negative,419352,CN(C)CC(=O)Nc1cc(-n2cccn2)nc(-c2ccco2)n1,,0.1494252873563218,,4.945809364318848
CHRNA7,active,1438948,N#Cc1cncc(C2=C[C@H]3CNC[C@@H](C2)C3)c1,7.14,0.1578947368421052,1.0,6.613969802856445
CHRNA7,active,2406907,COc1ccc(-c2cc(N(Cc3ccccn3)Cc3ccccn3)nc(N)n2)c(OC)c1,7.16,0.104,0.803921568627451,6.637022972106934
CHRNA7,active,2796508,c1ccc(-c2ccc(O[C@@H]3C4CCN(CC4)[C@H]3Cc3cccnc3)nn2)cc1,7.0,0.25,0.7333333333333333,6.609777450561523
CHRNA7,active,2328956,NS(=O)(=O)c1ccc([C@@H]2C[C@H]2c2nsc(-c3cccc(F)c3)n2)cc1,7.06,0.1470588235294117,0.4516129032258064,6.6291303634643555
CHRNA7,active,1438325,CN1C[C@@H]2C=C(c3cccnc3)C[C@@H](C2)C1,7.16,0.34,1.0,6.603723049163818
CHRNA7,active,600653,c1cnc2nc(N3CCN4CCC3CC4)oc2c1,7.52,0.2181818181818181,0.6511627906976745,6.62053108215332
CHRNA7,active,2370897,c1ccc(COc2cccc(-c3cn([C@H]4CN5CCC4CC5)nn3)c2)cc1,7.65,0.1688311688311688,1.0,6.618727207183838
CHRNA7,active,2161055,Brc1ccc2c(NC3=NC[C@@]4(CN5CCC4CC5)O3)nccn12,7.04,0.1428571428571428,0.6949152542372882,6.538400650024414
CHRNA7,active,2918225,CC[C@H](C)[C@H](NC(=O)[C@H](CCCNC(=N)N)NC(=O)[C@H](CCCNC(=N)N)NC(=O)[C@H](Cc1ccc(O)cc1)NC(=O)[C@H](CCCNC(=N)N)NC(=O)[C@H](CCCNC(=N)N)NC(=O)[C@H](CCCNC(=N)N)NC(=O)[C@H](CCCNC(=N)N)NC(=O)[C@H](CC(=O)O)NC(=O)[C@H](Cc1ccc(O)cc1)NC(=O)[C@@H]1CCCN1C(=O)[C@H](CO)NC(=O)[C@H](CCCNC(=N)N)NC(=O)[C@H](Cc1ccc(O)cc1)NC(=O)[C@H](CCCNC(=N)N)NC(=O)CN)C(=O)N[C@H](C(=O)N[C@@H](CC(=O)O)C(N)=O)[C@@H](C)O,7.36,0.559322033898305,0.5619834710743802,6.598846435546875
CHRNA7,active,684329,O=C(Cn1nc(C2CCCCC2)cc(Cc2ccco2)c1=O)NC1Cc2ccccc2C1,8.7,0.1578947368421052,0.746268656716418,6.613198280334473
CHRNA7,active,2127802,c1ccc2cc(NC3=NC[C@@]4(CN5CCC4CC5)O3)ncc2c1,8.89,0.171875,0.6206896551724138,6.629026889801025
CHRNA7,active,2873909,CC[N+](CC)(CC)CCOc1ccc(-c2nc3ccccc3[nH]2)cc1.[I-],7.47,0.1408450704225352,0.5625,6.688314914703369
CHRNA7,active,1440651,O=C(N[C@@H]1C2CCN(CC2)[C@H]1Cc1cccnc1)c1ccc(Cl)cc1,7.82,0.2741935483870967,0.8269230769230769,6.6314802169799805
CHRNA7,active,2379626,Oc1ccc(-c2cn(C3CN4CCC3CC4)nn2)cc1,8.02,0.1551724137931034,1.0,6.6084771156311035
CHRNA7,active,1972990,O=C(Nc1ccccc1)OC1C2CCN(CC2)C1Cc1cccnc1,8.15,0.2580645161290322,1.0,6.635871410369873
CHRNA7,active,1441069,Cc1c(C(=O)N[C@@H]2C3CCN(CC3)[C@H]2Cc2cccnc2)oc2c(F)cccc12,7.47,0.2465753424657534,0.7611940298507462,6.5691142082214355
CHRNA7,active,2762044,C[N+]1(CCOc2ccc(/C=C/c3ccccc3)cc2)CCCC1.[I-],8.69,0.1206896551724138,0.9722222222222222,6.656968116760254
CHRNA7,active,2748837,C(=C/c1ccc(OCC[N+]23CCC(CC2)CC3)cc1)\c1ccccc1.[I-],8.56,0.1343283582089552,0.6136363636363636,6.6717658042907715
CHRNA7,active,2360551,Oc1ccc(-c2cn([C@@H]3CN4CCC3CC4)nn2)cc1,7.53,0.1551724137931034,1.0,6.611889362335205
CHRNA7,active,1734020,[11CH3]c1ccc(OC(=O)N2CCN3CCC2CC3)cc1,7.85,0.2333333333333333,0.7435897435897436,6.608737945556641
CHRNA7,active,2570337,Cc1ccc(OCC2CN(C(=O)NCc3ccc4c(ccn4C)c3)C2)cc1,7.4,0.1645569620253164,0.8571428571428571,6.615093231201172
CHRNA7,active,1560205,Fc1ccc(-c2nnc(N3CCN4CCC3CC4)o2)cc1,7.94,0.1578947368421052,1.0,6.608206748962402
CHRNA7,active,1441067,O=C(N[C@@H]1C2CCN(CC2)[C@H]1Cc1cccnc1)c1cc2cc(F)ccc2o1,8.33,0.2394366197183098,0.8253968253968254,6.648218154907227
CHRNA7,active,2548772,Cc1ccc(CN2CCN(C(=O)C(=O)Nc3ccc4c(c3)c(F)cn4C)CC2)cc1,7.07,0.1358024691358024,0.6833333333333333,6.617753982543945
CHRNA7,active,2327104,CC[N+](CC)(CC)CCOc1ccc(/C=C/c2cc(OC)cc(OC)c2)cc1.[I-],7.33,0.0793650793650793,0.85,6.678023338317871
CHRNA7,active,1438951,COc1ccc(Oc2cncc(C3=CC4CNCC(C3)C4)c2)cc1,7.64,0.1538461538461538,0.8260869565217391,6.623153209686279
CHRNA7,active,2836258,Cn1ccc2cc(CNC(=O)N3CC(COc4ccc(Cl)c(Cl)c4)C3)ccc21,7.1,0.1585365853658536,0.8305084745762712,6.624178886413574
CHRNA7,active,1560206,[18F]c1ccc(-c2nnc(N3CCN4CCC3CC4)o2)cc1,7.94,0.1578947368421052,1.0,6.6038994789123535
CHRNA7,active,1438950,Clc1ccccc1Oc1cncc(C2=CC3CNCC(C2)C3)c1,7.41,0.1617647058823529,0.7777777777777778,6.633892059326172
CHRNA7,active,1440673,O=C(N[C@@H]1C2CCN(CC2)[C@H]1Cc1cccnc1)c1cc(Cl)co1,7.18,0.2575757575757575,0.7288135593220338,6.6528706550598145
CHRNA7,active,2542173,COc1ccc(OCC2CN(C(=O)NCc3ccc4c(ccn4C)c3)C2)cc1,7.22,0.1645569620253164,0.8571428571428571,6.6179633140563965
CHRNA7,active,2763441,CC[N+](C)(CC)CCOc1ccc(/C=C/c2ccccc2)cc1.[I-],7.47,0.106060606060606,0.7567567567567568,6.697719097137451
CHRNA7,active,1422107,O=C(N[C@@H]1CN2CCC1CC2)c1n[nH]c2ccccc12,8.22,0.265625,0.5178571428571429,6.618220329284668
CHRNA7,active,1573916,C[C@H]1C[C@H]1C(=O)N1CC2CNCC(C2)C1,7.0,0.1551724137931034,1.0,6.605985164642334
CHRNA7,active,1440692,CCOc1cccc2cc(C(=O)N[C@@H]3C4CCN(CC4)[C@H]3Cc3cccnc3)oc12,7.66,0.24,0.8507462686567164,6.625668525695801
CHRNA7,active,2795825,c1cncc(C[C@H]2[C@H](Oc3ccc(-c4ccc5[nH]ccc5c4)nn3)C3CCN2CC3)c1,9.0,0.2162162162162162,1.0,6.604261875152588
CHRNA7,active,1438332,CN1CC2C=C(c3cncc(Oc4ccccc4)c3)CC(C2)C1,7.77,0.2295081967213114,0.660377358490566,6.58944034576416
CHRNA7,active,684331,O=C(Cn1nc(C2CCCCC2)cc(Cc2ccoc2)c1=O)NC1Cc2ccccc2C1,8.5,0.1558441558441558,0.746268656716418,6.6149139404296875
CHRNA7,active,2032381,O=C(N[C@H]1CN2CCC1CC2)c1cc2cc(F)ccc2o1,7.43,0.1506849315068493,0.6730769230769231,6.622512340545654
CHRNA7,active,2325220,CC[N+](CC)(CC)CCCCCCCCOc1ccc(/C=C/c2ccccc2)cc1.[I-],7.04,0.1029411764705882,1.0,6.701319694519043
CHRNA7,active,2207357,Clc1ccc2nc(NC3=NCC4(CN5CCC4CC5)N3)sc2n1,7.25,0.1911764705882352,0.6724137931034483,6.609803199768066
CHRNA7,active,2566848,Cc1ccc(CN2CCN(C(=O)C(=O)Nc3ccc4c(ccn4C)c3)CC2)cc1,7.05,0.1269841269841269,0.6833333333333333,6.613053321838379
CHRNA7,active,1441065,Cc1ccc2cc(C(=O)N[C@@H]3C4CCN(CC4)[C@H]3Cc3cccnc3)oc2c1,8.26,0.2571428571428571,0.8709677419354839,6.624062538146973
CHRNA7,active,2100812,Cn1ccc2c(NC3=NC[C@@]4(CN5CCC4CC5)O3)ncnc21,7.51,0.1594202898550724,0.5967741935483871,6.627045154571533
CHRNA7,active,98684,Clc1ccc(C2=CCCC3CCC2N3)cn1,7.92,0.4444444444444444,0.4444444444444444,6.580183982849121
CHRNA7,active,684390,O=C(Cc1nc(C2CCCCC2)c2ccccc2n1)NC1Cc2ccccc2C1,8.2,0.1830985915492957,0.7037037037037037,6.627091407775879
CHRNA7,active,1440680,O=C(/C=C/c1ccccc1)N[C@@H]1C2CCN(CC2)[C@H]1Cc1cccnc1,8.37,0.2461538461538461,0.703125,6.639369964599609
CHRNA7,active,2244047,c1ccc2oc(NC3=NCC4(CN5CCC4CC5)N3)nc2c1,7.28,0.1492537313432835,0.75,6.619929313659668
CHRNA7,active,1972989,O=C(NC1CN2CCC1CC2)c1ccc(Sc2ccccc2)cc1,7.28,0.1969696969696969,0.6590909090909091,6.605567455291748
CHRNA7,active,2980113,Cc1c(Cl)ccc2cc(C(=O)N[C@@H]3C4CCN(CC4)C34CC4)sc12,7.33,0.1710526315789473,0.8113207547169812,6.60615873336792
CHRNA7,active,2772470,C[N+]1(C)CC[C@H](Oc2ccc(/C=C/c3ccccc3)cc2)C1.[I-],8.83,0.1746031746031746,1.0,6.673629283905029
CHRNA7,active,1438327,COc1cncc(C2=CC3CNCC(C2)C3)c1,8.34,0.1639344262295081,0.8260869565217391,6.6232733726501465
CHRNA7,active,2407883,COc1ccc(-c2cc(N(Cc3ccccn3)Cc3ccccn3)ncn2)c(F)c1,7.16,0.1014492753623188,0.7272727272727273,6.625227928161621
CHRNA7,active,1440656,O=C(N[C@@H]1C2CCN(CC2)[C@H]1Cc1cccnc1)c1ccc(O)c(F)c1,7.28,0.2537313432835821,0.7758620689655172,6.638703346252441
CHRNA7,active,3283358,c1ccc2c(N[C@@H]3CN4CCC3CC4)noc2c1,7.16,0.1785714285714285,0.6521739130434783,6.619640350341797
CHRNA7,active,2170495,Clc1ccc2c(NC3=NC[C@@]4(CN5CCC4CC5)O3)ncnn12,7.02,0.1428571428571428,0.7857142857142857,6.536172866821289
CHRNA7,active,2226134,Cc1ccc2nc(NC3=NCC4(CN5CCC4CC5)N3)oc2c1,7.46,0.1408450704225352,0.75,6.650892734527588
CHRNA7,active,2553300,Cc1ccc(Oc2ccc(C(=O)NCc3ccc4c(ccn4C)c3)cc2)cc1,7.4,0.1506849315068493,0.6,6.602440357208252
CHRNA7,active,325186,O=C(Nc1ccc(Br)cc1)OC1CN2CCC1CC2,7.4,0.2063492063492063,1.0,6.635225772857666
CHRNA7,active,2425693,N=C(N)NCCC[C@H](NC(=O)CNC(=O)C(CCCCNC(=O)CCCc1cn(CCOCCOCCOCCOCCOCCOCCOCCOCCOCCC(=O)NCC(=O)N[C@H]2CSSC[C@@H]3NC(=O)[C@H](CCCNC(=N)N)NC(=O)[C@@H]4CCCN4C(=O)[C@H](CC(=O)O)NC(=O)[C@H](CO)NC(=O)[C@H](CSSC[C@@H](C(N)=O)NC(=O)[C@H](CCCNC(=N)N)NC(=O)[C@H](Cc4ccc(O)cc4)NC(=O)[C@H](CCCNC(=N)N)NC3=O)NC2=O)nn1)NC(=O)CCCc1cn(CCOCCOCCOCCOCCOCCOCCOCCOCCOCCC(=O)NCC(=O)N[C@H]2CSSC[C@@H]3NC(=O)[C@H](CCCNC(=N)N)NC(=O)[C@@H]4CCCN4C(=O)[C@H](CC(=O)O)NC(=O)[C@H](CO)NC(=O)[C@H](CSSC[C@@H](C(N)=O)NC(=O)[C@H](CCCNC(=N)N)NC(=O)[C@H](Cc4ccc(O)cc4)NC(=O)[C@H](CCCNC(=N)N)NC3=O)NC2=O)nn1)C(=O)N[C@@H](CCCNC(=N)N)C(=O)N[C@@H](CCCNC(=N)N)C(=O)N[C@@H](CCCNC(=N)N)C(=O)NCC(N)=O,7.2,0.2275132275132275,0.490566037735849,6.782543182373047
CHRNA7,active,326779,c1ccc(-c2cnc3c(c2)C[C@@]2(CN4CCC2CC4)O3)cc1,8.7,0.180327868852459,0.74,6.621571063995361
CHRNA7,active,3083256,O=C(N[C@@H]1C2CCN(CC2)C12CC2)c1cc2cccc(C3CC3)c2s1,7.44,0.1733333333333333,0.7592592592592593,6.5924224853515625
CHRNA7,active,1438299,Fc1ccc(Oc2cncc(C3=CC4CNCC(C3)C4)c2)cc1,8.14,0.1428571428571428,0.8,6.634627342224121
CHRNA7,active,2032382,O=C(N[C@H]1CN2CCC1CC2)c1cc2cccc(Br)c2o1,7.24,0.1643835616438356,0.7647058823529411,6.608506202697754
CHRNA7,active,1734022,CN1C[C@H]2CN(c3ccc4c(c3)C(=O)c3cc(N5C[C@@H]6CN([11CH3])[C@@H]6C5)ccc3-4)C[C@H]21,10.04,0.1666666666666666,0.2884615384615384,6.568045139312744
CHRNA7,active,2155674,Cn1cnc2cnc(NC3=NC[C@@]4(CN5CCC4CC5)O3)cc21,7.16,0.1617647058823529,0.6206896551724138,6.636634826660156
CHRNA7,active,2727698,CC(C)C[C@@H]1NC(=O)[C@H](C)NC(=O)[C@H]2CSSC[C@H](NC(=O)CN)C(=O)N[C@@H](CSSC[C@@H](C(N)=O)NC(=O)[C@H](Cc3ccc(O)cc3)NC(=O)[C@H](CC(=O)O)NC(=O)[C@@H]3CCCN3C(=O)[C@H](CC(N)=O)NC(=O)[C@H](CC(N)=O)NC1=O)C(=O)N[C@@H](CO)C(=O)N[C@@H](CC(C)C)C(=O)N1CCC[C@H]1C(=O)N1CCC[C@H]1C(=O)N2,7.07,0.2088607594936709,0.490566037735849,6.680803298950195
CHRNA7,active,326793,O=C(NC1CN2CCC1CC2)c1ccc(-c2cccs2)s1,8.96,0.1690140845070422,0.7142857142857143,6.611948013305664
CHRNA7,active,1438331,C1=C(c2cncc(Oc3ccccc3)c2)CC2CNCC1C2,7.66,0.1774193548387097,0.7959183673469388,6.605264186859131
CHRNA7,active,326792,O=C(NC1CN2CCC1CC2)c1ccc(-c2ccccc2)s1,8.47,0.1911764705882352,1.0,6.603737831115723
CHRNA7,active,2032394,COc1cccc2cc(C(=O)N[C@@H]3CN4CCC3CC4)sc12,7.7,0.1917808219178082,1.0,6.626341819763184
CHRNA7,active,2218266,Clc1ccc2c(NC3=NCC4(CN5CCC4CC5)N3)ncnn12,7.21,0.1764705882352941,0.6229508196721312,6.522611141204834
CHRNA7,active,2172840,c1cc2c(NC3=NC[C@@]4(CN5CCC4CC5)O3)nccn2c1,7.75,0.1641791044776119,0.7017543859649122,6.628318786621094
CHRNA7,active,1438300,COc1ccccc1Oc1cncc(C2=CC3CNCC(C2)C3)c1,7.52,0.1641791044776119,0.7777777777777778,6.635349273681641
CHRNA7,active,1546271,CC[C@H](C)[C@H](N)C(=O)N[C@@H](CCCN=C(N)N)C(=O)N[C@@H](CC(=O)O)C(=O)N[C@@H](CCC(=O)O)C(=O)N[C@@H](CS)C(=O)N[C@@H](CS)C(=O)N[C@@H](CO)C(=O)N[C@@H](CC(N)=O)C(=O)N1CCC[C@H]1C(=O)N[C@@H](C)C(=O)N[C@@H](CS)C(=O)N[C@@H](CCCN=C(N)N)C(=O)N[C@H](C(=O)N[C@@H](CC(N)=O)C(=O)N[C@@H](CC(N)=O)C(=O)N1C[C@H](O)C[C@H]1C(=O)N[C@@H](Cc1c[nH]cn1)C(=O)N[C@H](C(=O)N[C@@H](CS)C(N)=O)C(C)C)C(C)C,8.3,0.6370967741935484,0.6370967741935484,6.642179012298584
CHRNA7,active,684330,O=C(Cn1nc(C2CCCCC2)cc(Cc2ccco2)c1=O)NCCc1cccc(F)c1,8.7,0.145985401459854,0.6266666666666667,6.6368536949157715
CHRNA7,active,1438310,Clc1ccc(C2=CC3CNCC(C2)C3)cn1,7.41,0.2941176470588235,0.7317073170731707,6.604931354522705
CHRNA7,active,1765948,COc1ccc(NC(=O)N2CCNC[C@@H]2COc2cccnc2)cc1,7.72,0.2727272727272727,1.0,6.618785858154297
CHRNA7,active,2330031,CC1(C)[C@@H](c2ccc(S(N)(=O)=O)cc2)[C@@H]1c1noc(C2CCCC2)n1,7.16,0.15625,0.7647058823529411,6.6001787185668945
CHRNA7,active,1438949,Clc1cccc(Oc2cncc(C3=CC4CNCC(C3)C4)c2)c1,7.89,0.1641791044776119,0.7884615384615384,6.632753849029541
CHRNA7,active,2402819,Cc1ccc(-c2ccc(O[C@H]3CN4CCC3CC4)cn2)cc1,7.41,0.1864406779661017,0.4166666666666667,6.584599494934082
CHRNA7,active,2350091,FCCOc1cccc(-c2cn([C@@H]3CN4CCC3CC4)nn2)c1,7.13,0.1710526315789473,1.0,6.630641460418701
CHRNA7,active,326785,O=C(NC1CN2CCC1CC2)c1cc(-c2ccccc2)sn1,8.39,0.1830985915492957,0.6415094339622641,6.595232963562012
CHRNA7,active,352768,O=C(N[C@H]1CN2CCC1CC2)c1ccc2ccoc2c1,7.9,0.1549295774647887,0.8260869565217391,6.606026649475098
CHRNA7,active,425914,O=C(N[C@@H]1C[C@H]2CCN(C2)C1)c1cc2ccoc2cn1,8.05,0.1709401709401709,0.6727272727272727,6.613682746887207
CHRNA7,active,1440655,O=C(N[C@@H]1C2CCN(CC2)[C@H]1Cc1cccnc1)c1ccc(CO)cc1,7.12,0.2741935483870967,0.8269230769230769,6.614258289337158
CHRNA7,active,1438323,C1=C(c2cccnc2)C[C@@H]2CNC[C@H]1C2,8.89,0.2916666666666667,1.0,6.612055778503418
CHRNA7,active,707249,O=C(Nc1ccc(Br)cc1)N[C@@H]1C2CCN(CC2)[C@H]1Cc1cccnc1,7.59,0.25,0.8301886792452831,6.6193461418151855
CHRNA7,active,1440674,O=C(N[C@@H]1C2CCN(CC2)[C@H]1Cc1cccnc1)c1occc1Br,8.21,0.2575757575757575,0.7166666666666667,6.636281490325928
CHRNA7,active,3192472,O=C(N[C@@H]1C2CCN(CC2)C12CC2)c1cc2ccc(Cl)c(Cl)c2s1,7.26,0.16,0.8113207547169812,6.605646133422852
CHRNA7,active,555345,O=C(Oc1ccc(Br)cc1)N1CCN2CCC1CC2,7.85,0.2131147540983606,0.7435897435897436,6.6187214851379395
CHRNA7,active,707367,O=C(N[C@@H]1C2CCN(CC2)[C@H]1Cc1cccnc1)Oc1ccccc1,7.43,0.2786885245901639,0.7407407407407407,6.612405300140381
CHRNA7,active,1438322,C1=C(c2cccnc2)CC2CNCC1C2,8.4,0.2916666666666667,1.0,6.612616062164307
CHRNA7,active,388367,C=CC[N+]12CC[C@@H]3[C@@H]4[C@@H]5[C@@H](OCC=C(C1)[C@@H]5C[C@@H]32)N1c2ccccc2[C@@]23CCN5CC6=CCO[C@H]([C@@H]([C@H]12)[C@H]6C[C@H]53)N4c1ccccc1.[Br-],7.3,0.1009174311926605,0.7816091954022989,6.637458801269531
CHRNA7,active,1438321,N#Cc1cncc(C2=C[C@@H]3CNC[C@H](C2)C3)c1,7.1,0.1578947368421052,1.0,6.612462997436523
CHRNA7,active,3283371,Clc1ccc2c(N[C@H]3CN4CCC3CC4)noc2c1Cl,7.22,0.1451612903225806,1.0,6.613370895385742
CHRNA7,active,2106401,Brc1ccc2c(NC3=NC[C@@]4(CN5CCC4CC5)O3)ncnn12,7.35,0.1267605633802817,0.7857142857142857,6.534939765930176
CHRNA7,active,2842037,Cc1cc2cc(CNC(=O)N3CC(COc4ccc(C(F)(F)F)cc4)C3)ccc2n1C,7.16,0.1547619047619047,0.765625,6.601590156555176
CHRNA7,active,2032395,O=C(N[C@H]1CN2CCC1CC2)c1cc2c(F)cccc2s1,7.1,0.1830985915492957,0.7115384615384616,6.6222357749938965
CHRNA7,active,1438338,Fc1cncc(C2=C[C@H]3CNC[C@@H](C2)C3)c1,8.48,0.1525423728813559,1.0,6.61857795715332
CHRNA7,active,1441063,Cc1c(C(=O)N[C@@H]2C3CCN(CC3)[C@H]2Cc2cccnc2)oc2ccccc12,8.66,0.2608695652173913,0.828125,6.599051475524902
CHRNA7,active,2032390,Nc1cccc2cc(C(=O)N[C@H]3CN4CCC3CC4)sc12,8.7,0.1643835616438356,0.7647058823529411,6.615909099578857
CHRNA7,active,2870707,Cc1cc2cc(CNC(=O)N3CC4(CC(=O)c5ccc(F)cc5O4)C3)ccc2[nH]1,7.0,0.1363636363636363,0.7536231884057971,6.619108200073242
CHRNA7,active,320583,O=C1O[C@]2(CN3CCC2CC3)CN1c1ccc(Cl)s1,8.05,0.1290322580645161,0.6458333333333334,6.593564033508301
CHRNA7,active,684392,O=C(Cn1nc(C2CCC(F)(F)CC2)c2cnccc2c1=O)NC1Cc2ccccc2C1,8.0,0.2083333333333333,0.6507936507936508,6.612390041351318
CHRNA7,active,1438952,COc1cccc(Oc2cncc(C3=CC4CNCC(C3)C4)c2)c1,7.89,0.1818181818181818,0.8235294117647058,6.6316962242126465
CHRNA7,active,2032393,COc1cccc2cc(C(=O)N[C@H]3CN4CCC3CC4)sc12,8.17,0.1917808219178082,1.0,6.622444152832031
CHRNA7,active,316518,O=C(NC1CN2CCC1CC2)c1ccc(-c2ccccn2)s1,8.16,0.1904761904761904,1.0,6.606745719909668
CHRNA7,active,1440682,O=C(N[C@@H]1C2CCN(CC2)[C@H]1Cc1cccnc1)c1ccc(Br)s1,8.96,0.2615384615384615,0.7931034482758621,6.624973297119141
CHRNA7,active,2833941,C[N+]1(C)CC[C@@H](Oc2ccc(-c3ccc4[nH]ccc4c3)cc2)C1.[I-],9.0,0.1594202898550724,0.48,6.667006492614746
CHRNA7,active,2224532,c1cn(-c2cc(NC3=NC[C@@]4(CN5CCC4CC5)O3)ncn2)cn1,8.09,0.1388888888888889,0.5645161290322581,6.595340251922607
CHRNA7,active,2032377,COc1cccc2cc(C(=O)N[C@H]3CN4CCC3CC4)oc12,7.38,0.1891891891891892,0.7222222222222222,6.617311477661133
CHRNA7,active,2323585,CC1(C)[C@@H](c2ccc(S(N)(=O)=O)cc2)[C@@H]1c1noc(-c2c(F)ccc(F)c2F)n1,7.08,0.1176470588235294,0.7307692307692307,6.624848365783691
CHRNA7,active,326788,CC(=O)O.O=C(N[C@@H]1CN2CCC1CC2)c1ccc(-c2ccccc2)s1,7.57,0.2,1.0,6.610551834106445
CHRNA7,active,2360224,FCCCOc1cccc(-c2cn(C3CN4CCC3CC4)nn2)c1,7.13,0.1594202898550724,1.0,6.624872207641602
CHRNA7,active,1573913,C[C@@H]1C[C@H]1C(=O)N1CC2CNCC(C2)C1,7.52,0.1551724137931034,1.0,6.602655410766602
CHRNA7,active,2318692,CC1(C)[C@@H](c2ccc(S(N)(=O)=O)cc2)[C@@H]1c1noc(-c2ccc(F)cc2)n1,7.03,0.1176470588235294,0.7307692307692307,6.610411167144775
CHRNA7,active,2992377,O=C(NC1C2CCN(CC2)C12CC2)c1cc2cccc(Cl)c2s1,7.43,0.1756756756756756,0.7735849056603774,6.597131729125977
CHRNA7,active,1438333,C1=C(c2cncc(OCc3ccccc3)c2)CC2CNCC1C2,7.36,0.15625,0.7307692307692307,6.608156681060791
CHRNA7,active,2220724,c1ccc2sc(NC3=NCC4(CN5CCC4CC5)N3)nc2c1,7.58,0.16,0.6724137931034483,6.614925384521484
CHRNA7,reference,675,Clc1ccc(C2CC3CCC2N3)cn1,8.97,1.0,1.0,6.589327812194824
CHRNA7,reference,86483,[N-]=[N+]=Nc1cc(C2CC3CCC2N3)cnc1Cl,8.01,1.0,0.5319148936170213,6.601007461547852
CHRNA7,reference,116,c1cncc([C@@H]2CCCN2)c1,8.97,1.0,0.4615384615384615,6.603182792663574
CHRNA7,reference,6228,CN1CCC[C@@H]1c1cccnc1,8.97,1.0,0.5526315789473685,6.632551193237305
CHRNA7,reference,25968,CC(C)C[C@H](NC(=O)[C@H](CC(N)=O)NC(=O)[C@H](CO)NC(=O)[C@H](Cc1c[nH]cn1)NC(=O)[C@H](CCC(=O)O)NC(=O)[C@H](CC(C)C)NC(=O)[C@H](Cc1c[nH]cn1)NC(=O)[C@H](CS)NC(=O)[C@@H](NC(=O)[C@@H]1CCCN1C(=O)[C@H](CC(N)=O)NC(=O)[C@H](CO)NC(=O)[C@H](CS)NC(=O)[C@H](CS)NC(=O)CN)C(C)C)C(=O)N[C@@H](CS)C(N)=O,8.1,1.0,0.6936936936936937,6.716876029968262
CHRNA7,reference,26559,CC[C@H](C)[C@H](NC(=O)[C@H](Cc1c[nH]cn1)NC(=O)[C@H](CCC(N)=O)NC(=O)[C@H](CC(N)=O)NC(=O)[C@H](CC(N)=O)NC(=O)CNC(=O)[C@H](C)NC(=O)[C@H](CS)NC(=O)[C@H](C)NC(=O)[C@@H]1CCCN1C(=O)[C@H](Cc1c[nH]cn1)NC(=O)[C@H](CO)NC(=O)[C@H](CS)NC(=O)[C@H](CS)NC(=O)CN)C(=O)N[C@@H](CS)C(N)=O,8.96,1.0,0.7610619469026548,6.6274027824401855
CHRNA7,reference,88800,CN1[C@@H]2CC[C@H]1C[C@@H](OC(=O)c1c[nH]c3ccccc13)C2,8.16,1.0,0.265625,6.642637252807617
CHRNA7,reference,246025,c1cc2c(cn1)C1CCC(CC2)N1,8.97,1.0,0.5897435897435898,6.622949600219727
CHRNA7,reference,300302,Cc1cc2c(cn1)C1CCC(CC2)N1,8.97,1.0,0.5897435897435898,6.6176042556762695
CHRNA7,reference,316164,CSCC[C@H](NC(=O)[C@H](CC(N)=O)NC(=O)[C@H](CS)NC(=O)[C@@H]1CCCN1C(=O)[C@H](CCCN=C(N)N)NC(=O)[C@H](CC(=O)O)NC(=O)[C@H](CO)NC(=O)[C@H](CS)NC(=O)[C@H](CS)NC(=O)CN)C(=O)N[C@@H](CC(N)=O)C(=O)N[C@@H](CC(N)=O)C(=O)N1CCC[C@H]1C(=O)N[C@@H](CC(=O)O)C(=O)N[C@@H](Cc1ccc(O)cc1)C(=O)N[C@@H](CS)C(N)=O,7.52,1.0,0.6822429906542056,6.6766743659973145
CHRNA7,negative,3136732,Nc1nc2c3c(ccc2c2nc(CCN4CCCC5(CCNCC5)C4)nn12)OC(F)(F)O3,,0.1071428571428571,,6.6044464111328125
CHRNA7,negative,280908,CNc1cc(OC)c(C(=O)NC[C@@H]2CCN(Cc3ccccc3)C2)cc1Cl,,0.2025316455696202,,6.622588157653809
CHRNA7,negative,1527289,Clc1cc(Cl)cc(O[C@H](c2ccccc2)[C@@H]2CCNC2)c1,,0.1666666666666666,,6.613860130310059
CHRNA7,negative,600243,CN1CC[C@H](Cc2ccccc2)C[C@@H]1CCc1c[nH]c2ccc(C#N)cc12,,0.25,,6.612422466278076
CHRNA7,negative,2755517,[11CH3]n1cc(Cc2ccc(OCF)c(-c3cccc(Cl)c3)n2)cn1,,0.144927536231884,,6.581806182861328
CHRNA7,negative,145768,CN1CCN(C2=Cc3ccccc3Oc3ccc(Cl)cc32)CC1,,0.1617647058823529,,6.619357585906982
CHRNA7,negative,2270346,COc1cccc(-c2ccc3c(c2)CN(Cc2ccccc2)C3)c1,,0.1333333333333333,,6.637510299682617
CHRNA7,negative,423830,Cc1ccc(Oc2ccc(N(C[C@H](NCc3cccnc3)C(=O)NO)S(C)(=O)=O)cc2)cc1,,0.1621621621621621,,6.610828399658203
CHRNA7,negative,690067,N#CCCc1ccc(OCc2cc(-c3cccc(OC(F)(F)F)c3)c3ncccc3c2)cc1,,0.1038961038961039,,6.606517314910889
CHRNA7,negative,126251,COc1ccc2cc([C@@H]3CCN(C[C@H](O)COc4cccc5[nH]ccc45)[C@@H](C)C3)sc2c1,,0.2134831460674157,,6.660545825958252
CHRNA7,negative,2342,Oc1c(-c2ccco2)nnc2nc3ccccc3n12,,0.1,,6.537997245788574
CHRNA7,negative,3226477,O=C(N[C@H]1CC[C@H](CCN2CCN(c3nsc4ccccc34)CC2)CC1)c1cc2cc([N+](=O)[O-])ccc2[nH]1,,0.2065217391304347,,6.598421096801758
CHRNA7,negative,2212718,CN(C)CCCC(=O)c1ccc2c(c1)COC2(CCCN(C)C)c1ccc(F)cc1,,0.1111111111111111,,6.656712532043457
CHRNA7,negative,223487,CC1CCC(C[C@@H](C(=O)N[C@@H](CCC/N=C(/N)NS(C)(=O)=O)C(=O)Nc2nccs2)[C@H](C(C)C)N(O)C=O)CC1,,0.2086330935251798,,6.6386542320251465
CHRNA7,negative,452512,CNC[C@]1(O)Cc2ccccc2[C@@H]1Oc1ccc(C)cc1C,,0.1515151515151515,,6.619032859802246
CHRNA7,negative,1594406,O[C@@]1(c2ccc(Cl)cc2)C[C@H]2CC[C@@H](C1)N2Cc1coc2ccccc12,,0.1971830985915492,,6.614356517791748
CHRNA7,negative,595510,CCn1c(=O)c2c(nc(Cc3ccccc3)n2C)n(Cc2ccco2)c1=O,,0.1126760563380281,,6.611514091491699
CHRNA7,negative,122428,COc1ccccc1N1CCN(Cc2nc3ccccc3[nH]2)CC1,,0.1714285714285714,,6.62819242477417
CHRNA7,negative,2915760,CCC[C@@H](C(=O)NO)N(Cc1cccnc1)S(=O)(=O)c1ccc(OC)cc1,,0.1714285714285714,,6.625166893005371
CHRNA7,negative,105642,CC(C)(C)OC(=O)N[C@H]1[C@@H]2CN(CCCNc3c4c(nc5ccccc35)CCCCC4)C[C@@H]21,,0.188235294117647,,6.633783340454102
CHRNA7,negative,114025,CNC(=O)[C@H](Cc1c[nH]c2ccccc12)NC(=O)[C@@H](CC(=O)O)CC(C)C,,0.2714285714285714,,6.61696195602417
CHRNA7,negative,3263519,COc1cccc2c1nc(N)n1nc([C@@H]3CCCN(C(=O)c4ocnc4C)C3)nc21,,0.1666666666666666,,6.635527610778809
CHRNA7,negative,383974,CC(C)c1cc2c(cc1NS(=O)(=O)c1ccc(-c3ccc(Cl)cc3)cc1)CCN(C)CC2,,0.1212121212121212,,6.6597089767456055
CHRNA7,negative,139462,C[N@+]1(Cc2ccccc2)CC[C@H](CCC(=O)c2ccc3c(c2)CCO3)CC1,,0.1518987341772152,,6.617446422576904
CHRNA7,negative,428065,CCOc1cc(Cl)ccc1OC(c1ccccc1)C1CNCCO1,,0.1428571428571428,,6.609877109527588
CHRNA7,negative,2056606,CC(C)c1ccccc1OCCN1CCC(N(C)S(=O)(=O)c2cccc(F)c2)CC1,,0.1875,,6.621613502502441
CHRNA7,negative,2736545,COC(=O)c1c(O)cccc1CCCCCCCCNc1c2c(nc3ccccc13)CCCC2,,0.1686746987951807,,6.67057991027832
CHRNA7,negative,3088683,COc1cc2nc(N)n3nc(C4CC(C)CN(c5cnn(C(C)C(C)O)c5)C4)nc3c2cc1F,,0.1122448979591836,,6.673430919647217
CHRNA7,negative,1164118,COc1cc(CN2CCN(c3ccccc3OC)CC2)ccc1OCc1cn(CCOCCOCCn2cc(COc3ccc(CN4CCN(c5ccccc5OC)CC4)cc3OC)nn2)nn1,,0.1428571428571428,,6.678384780883789
CHRNA7,negative,1559794,O=S(=O)(N[C@@H]1CCC[C@H]1S)c1ccc(Oc2ccccc2)cc1,,0.1551724137931034,,6.621436595916748
CHRNA7,negative,2571231,COc1cc2c(cc1O)CN(Cc1ccccc1CNC(=O)c1cccc(C#N)c1)CC2,,0.1363636363636363,,6.631496429443359
CHRNA7,negative,3272283,COc1cccc2c(C(=O)NCc3nc(C)ccc3C)nc(N)nc12,,0.141025641025641,,6.647948741912842
CHRNA7,negative,297224,CN1CCC(=Cc2c[nH]cn2)CC1,,0.2,,6.616569995880127
CHRNA7,negative,497394,O=C1c2ccccc2CCN1CCCCN1CCN(c2ccccc2Cl)CC1,,0.1428571428571428,,6.660309791564941
CHRNA7,negative,437761,CNCc1cc(C(=O)N2CCCN(C3CC3)CC2)ccc1Oc1ccc(Cl)cc1,,0.1728395061728395,,6.606198310852051
CHRNA7,negative,135573,CN(C)CC1CC2c3ccccc3Cc3cccc(Cl)c3N2O1,,0.1384615384615384,,6.605291843414307
CHRNA7,negative,34949,O=C(CCCN1CCC(O)(c2ccc(Br)cc2)CC1)c1ccc(F)cc1,,0.1216216216216216,,6.618499755859375
CHRNA7,negative,3101788,COc1cccc2c1nc(N)n1nc([C@@H]3CCCN(CC4CCCC4)C3)nc21,,0.1805555555555555,,6.646618366241455
CHRNA7,negative,2551121,Cc1cc(OCCCN2CCC(c3noc4cc(F)ccc34)CC2)ccc1CN1CCCC1,,0.1538461538461538,,6.629805564880371
CHRNA7,negative,1077207,CCCCCCCc1cn(CCCc2c[nH]cn2)nn1,,0.1651376146788991,,6.637611389160156
CHRNA7,negative,1502608,COc1cccc(N2CCN(CCOc3ccc4[nH]c(=O)[nH]c4c3)CC2)c1,,0.16,,6.6119914054870605
CHRNA7,negative,214651,CC(NC(=O)OCCCc1c[nH]cn1)C1CC1,,0.2571428571428571,,6.617610454559326
CHRNA7,negative,2028016,Nc1nc(-n2cccn2)nc(-n2cccn2)c1Br,,0.1132075471698113,,6.644888877868652
CHRNA7,negative,330377,CC1CC(=O)N(C)c2c(CCN3CCN(c4nsc5ccccc45)CC3)cccc21,,0.1728395061728395,,6.609719276428223
CHRNA7,negative,556427,Nc1nc(C(=O)NCc2ccccc2)cc(-c2ccco2)n1,,0.136986301369863,,6.593191146850586
CHRNA7,negative,707428,C=CCCOc1ccc(CCCn2ncc3c2nc(N)n2nc(-c4ccco4)nc32)cc1,,0.0941176470588235,,6.653573989868164
CHRNA7,negative,3049604,CNCC(c1ccc2ccccc2c1)[C@H](CO)c1ccccc1,,0.1212121212121212,,6.639736652374268
CHRNA7,negative,3190301,C[C@@H]1N(CCc2nc3c4ccc5c(c4nc(N)n3n2)OC(F)(F)O5)CCCC1(F)F,,0.141025641025641,,6.628751754760742
CHRNA7,negative,3024410,O=C1c2cnn(C3CC3)c2CCN1CCN1CCN(c2nsc3ccccc23)CC1,,0.2,,6.63416051864624
CHRNA7,negative,1271515,c1ccc(CC(c2ccc(-c3ccc(CN4CCCCC4)cc3)cc2)N2CCCCC2)cc1,,0.135593220338983,,6.635775566101074
CHRNA7,negative,2967160,CC1(C)CCCN(CCc2nc3c4ccc5c(c4nc(N)n3n2)OC(F)(F)O5)C1,,0.1265822784810126,,6.622624397277832
CHRNA7,negative,3235456,Brc1cncc2c1CC[C@@H]1CNCCN21,,0.1923076923076923,,6.610557556152344
CHRNA7,negative,2532347,CCn1nc2c(c1-c1ccccc1)CCNCC2,,0.1509433962264151,,6.626917362213135
CHRNA7,negative,408456,Clc1ccccc1C1CNCc2cc(OCCCN3CCCCC3)ncc21,,0.1714285714285714,,6.5927734375
CHRNA7,negative,437872,CNCc1cc(N2CCCS2(=O)=O)ccc1Oc1ccc(Cl)cc1C,,0.1126760563380281,,6.569594383239746
CHRNA7,negative,489691,CN(C)C(=O)N(Cc1ccccc1-c1ccccc1)[C@H]1CCNC1,,0.1857142857142857,,6.6258745193481445
CHRNA7,negative,3200938,CC(C)Oc1ccc(COC(=O)N(Cc2ccc(F)cc2OC(F)(F)F)C2CCN(C)CC2)cc1,,0.1590909090909091,,6.629611968994141
CHRNA7,negative,165160,COc1ccc(S(=O)(=O)N(C)c2c(CN3CCOCC3)cccc2C(=O)NO)cc1,,0.1463414634146341,,6.622782230377197
CHRNA7,negative,433554,C[C@H](N)Cn1ncc2ccc3sccc3c21,,0.1166666666666666,,6.635129451751709
CHRNA7,negative,1571725,CCOC(=O)C(c1ccc(Cl)c(Cl)c1)C1CCNCC1.Cl,,0.1911764705882352,,6.635994911193848
CHRNA7,negative,266581,C[C@@H](NC(=O)c1ccco1)C(=O)N1CCCN(CCCOc2ccc(-c3noc(C4CCCC4)n3)c(F)c2)CC1,,0.1655172413793103,,6.630367279052734
CHRNA7,negative,3225952,COc1ccccc1-c1nc(N)n2nc(Cc3ncccc3F)nc2c1-c1ccc(=O)n(C)c1,,0.1204819277108433,,6.645270347595215
CHRNA7,negative,2397063,C[C@@H]1CCCN1CCCOc1ccc2c(c1)CC[C@H]1[C@@H]3[C@@H](C(=O)NCC4CCC4)CC[C@@]3(C)CC[C@H]21,,0.1590909090909091,,6.6172051429748535
CHRNA7,negative,344232,N#Cc1c2ccccc2cn1CCCCCCN1CCCCC1,,0.1525423728813559,,6.634049892425537
CHRNA7,negative,22503,CC#CCOc1ccc(S(=O)(=O)N(C)c2c(C(=O)NO)cc(-c3ccccc3)cc2C2CCN(C)CC2)cc1,,0.1758241758241758,,6.613062381744385
CHRNA7,negative,2028647,Cc1cc(C(=O)N[C@H]2CC[C@H](CCN3CCC(c4cccc5c4CCO5)CC3)CC2)on1,,0.1625,,6.625910758972168
CHRNA7,negative,490900,CCCCCCC(=O)Oc1cccc2c1-c1cccc3c1[C@@H](C2)N(CCC)CC3,,0.175,,6.626591682434082
CHRNA7,negative,473914,CCN(CC)c1cc(NC(C)=O)nc(-n2nc(C)cc2C)n1,,0.106060606060606,,6.631058216094971
CHRNA7,negative,522886,Fc1ccc(-c2[nH]c3cc(F)ccc3c2[C@@H]2CNCC[C@H]2F)cc1,,0.1594202898550724,,6.623065948486328
CHRNA7,negative,551368,Br.Oc1cc2c(c(Br)c1O)CCNCC2c1ccccc1,,0.2,,6.647275924682617
CHRNA7,negative,1571731,COCC(c1cccc(Cl)c1)C1CCNCC1.Cl,,0.1641791044776119,,6.6491899490356445
CHRNA7,negative,1948973,CC[C@H](C(=O)NO)N(Cc1cccnc1)S(=O)(=O)c1ccc(OC)cc1,,0.1764705882352941,,6.618177890777588
CHRNA7,negative,631652,C[C@@H]1CCCN1CCc1ccc2nc(-c3cn4c(n3)SCC4)ccc2c1,,0.1857142857142857,,6.645898818969727
CHRNA7,negative,472281,Nc1nc(-c2ccco2)c2nnn(Cc3ccccc3)c2n1,,0.1081081081081081,,6.630537509918213
CHRNA7,negative,3037863,Nc1nc2c3c(ccc2c2nc(CCN4C[C@H](F)[C@@H](F)C4)nn12)OC(F)(F)O3,,0.1066666666666666,,6.61586856842041
CHRNA7,negative,1705952,COc1ccccc1-n1c(C)nc(C(=O)NCC(O)CN2CCN(c3cccc(Cl)c3C)CC2)c1C.Cl.Cl.Cl,,0.1428571428571428,,6.650559425354004
CHRNA7,negative,2283915,Cc1cc(=O)oc2cc(OCc3cc[n+](Cc4ccccc4F)cc3)ccc12.[Br-],,0.108433734939759,,6.695180416107178
CHRNA7,negative,1778794,Clc1ccc(C(CC2CNC2)Oc2ccccc2)cc1Cl,,0.1470588235294117,,6.616841793060303
CHRNA7,negative,1168090,C[C@@H]1CCCN1CCCOc1ccc(-c2ccc(=O)n(Cc3ccccc3)n2)cc1,,0.2,,6.637120723724365
CHRNA7,negative,1564086,CC1CCCN1C1CCN(c2ccc(NC(=O)Nc3cc(Cl)cc(Cl)c3)cc2)C1,,0.1818181818181818,,6.60281229019165
CHRNA7,negative,3055619,O=C(N[C@H](c1ccc2c(c1)OC(F)(F)O2)c1ccccn1)C1CCN(CCOc2ccccc2F)CC1,,0.1630434782608695,,6.625574588775635
CHRNA7,negative,2291193,c1ccc2c(NCCCCC[Se]CCCCCNc3c4c(nc5ccccc35)CCCC4)c3c(nc2c1)CCCC3,,0.1269841269841269,,6.6325297355651855
CHRNA7,negative,1145120,O=C1CCc2ccc(OCCCCN3CCN(c4cccc5c4CCC5)CC3)nc2N1,,0.1466666666666666,,6.602309703826904
CHRNA7,negative,1526019,O=C(/C=C/c1ccc(O)cc1)Nc1ccccc1Cl,,0.123076923076923,,6.627469062805176
CHRNA7,negative,2010955,CCCN1CCN(C(=O)[C@H]2CC2c2ccccc2)CC1,,0.2407407407407407,,6.5964131355285645
CHRNA7,negative,2325289,CNc1cc(Nc2cccc3c2OCCO3)nn2c(C(=O)NC3CC3)cnc12,,0.1621621621621621,,6.632616996765137
CHRNA7,negative,335901,COc1ccccc1N1CCN(CCCCNC(=O)c2ccc3c(c2)OCO3)CC1,,0.1604938271604938,,6.639206409454346
CHRNA7,negative,410303,COc1ccc([C@H]2CN(C)Cc3cc(OCCCN4CCOC[C@@H]4C)ccc32)cc1,,0.1333333333333333,,6.637766361236572
CHRNA7,negative,14224,COc1cc2c(cc1C(F)(F)F)N(C(=O)Nc1cncc(-c3cnccc3C)c1)CC2,,0.1538461538461538,,6.622293472290039
CHRNA7,negative,162067,Cc1oc(C)c2c1CCCc1cnn(C)c1-2,,0.1666666666666666,,6.622989177703857
CHRNA7,negative,2293602,Cl.NCc1ccc(Oc2ccc(S(=O)(=O)C[C@H]3CS3)cc2)cc1,,0.1120689655172413,,6.616934299468994
CHRNA7,negative,3103430,Cc1cc2nc(N[C@@H](C)c3cncc(F)c3)nc(C(=O)NCC(C)(C)O)c2s1,,0.1012658227848101,,6.616018772125244
CHRNA7,negative,438401,CN1C2CC[C@@H]1[C@@H](COC(=O)CCC(=O)OC[C@H]1[C@@H](c3ccc(Cl)c(Cl)c3)CC3CC[C@H]1O3)[C@@H](c1ccc(Cl)c(Cl)c1)C2,,0.225,,6.647222995758057
CHRNA7,negative,3209938,CC(C)Oc1ccc(COC(=O)N(Cc2ccc(F)cc2)[C@@H]2CCNC[C@@H]2F)cc1,,0.1604938271604938,,6.619475841522217
CHRNA7,negative,2481423,Cc1cc2c3c(c1Cl)C(C)CN3CCNC2,,0.1694915254237288,,6.615451335906982
CHRNA7,negative,2976495,CNC[C@H](c1ccc2ccccc2c1)[C@H](OCC(N)=O)c1ccccc1,,0.1527777777777778,,6.616569519042969
CHRNA7,negative,2054304,CCCn1c(-c2ccco2)nc2c(N)nc(NCCc3ccccc3)nc21,,0.1081081081081081,,6.622039794921875
CHRNA7,negative,1783495,O=C(CCN1CCN(CCC(=O)OC2(c3ccc(Cl)cc3)CCN(CCCC(=O)c3ccc(F)cc3)CC2)CC1)OC1(c2ccc(Cl)cc2)CCN(CCCC(=O)c2ccc(F)cc2)CC1,,0.125,,6.684519290924072
CHRNA7,negative,3146476,O=c1[nH]c2ccc(-c3c(-c4ccccc4)nc4cnc(C(F)(F)F)cn34)cc2s1,,0.1219512195121951,,6.609941482543945
CHRNA7,negative,1167772,COC(=O)[C@H]1[C@@H](c2ccc(Cl)c(C)c2)C[C@@H]2CC[C@H]1N2,,0.3888888888888889,,6.545068740844727
CHRNA7,negative,3220048,O=S1(=O)CCNCC12CCN(c1nc(Oc3cccc(F)c3)cc(C(F)(F)F)n1)CC2,,0.127906976744186,,6.641787052154541
CHRNA7,negative,3164780,CC1CN(CCN2CCC(c3noc4ccccc34)CC2)C(=O)c2ncccc21,,0.2112676056338028,,6.6116251945495605
CHRNA7,negative,1075959,CCCCC#Cc1nc(N)c2ncn([C@@H]3SC[C@@H](O)[C@H]3O)c2n1,,0.1119402985074626,,6.606020450592041
CHRNA7,negative,3099182,CNC[C@H](c1ccc(Br)c(Cl)c1)[C@H](O)c1ccccc1,,0.1159420289855072,,6.619973659515381
CHRNA7,negative,604538,CNC[C@@H](O)[C@H](c1cccc(F)c1)N1CCc2cc(Cl)ccc21.Cl,,0.1111111111111111,,6.6559224128723145
CHRNA7,negative,564442,CNC[C@@H](O)[C@H](c1ccccc1)n1c(=O)n(C2CCC2)c2ccccc21,,0.1971830985915492,,6.624569416046143
CHRNA7,negative,21938,CN1C[C@H](CNC(=O)OCc2ccccc2)C[C@@H]2c3cccc4c3c(cn4C)C[C@H]21,,0.180722891566265,,6.6009626388549805
CHRNA7,negative,2151934,O=C(OC1CCN(c2nncs2)CC1)N1CCN(C2CCC2)CC1,,0.1830985915492957,,6.6180524826049805
CHRNA7,negative,711666,CCN(CC)C1CCC(c2c[nH]c3ccc(F)cc23)C1,,0.2272727272727272,,6.617998123168945
CHRNA7,negative,424794,N#CC(C#N)=C1N(CCCN2CCCCC2)CCN1CCN1CCCCC1,,0.109090909090909,,6.628324508666992
CHRNA7,negative,2333421,Cc1cc(OCCCN2CCN(c3ccc(Cl)cc3)CC2)c2c(C)cc(=O)oc2c1,,0.1219512195121951,,6.6251630783081055
CHRNA7,negative,381914,CN1C[C@H](C(=O)N[C@@H](Cc2ccc([N+](=O)[O-])cc2)C(=O)N[C@@H](Cc2ccc(F)cc2)C(=O)N2CCCC(C(N)=O)C2)C=C2c3cccc4[nH]cc(c34)C[C@H]21,,0.2281879194630872,,6.599602699279785
CHRNA7,negative,170419,O=C1NCN(c2ccccc2)C12CCN(CC1COc3ccc4[nH]c(CO)cc4c3O1)CC2,,0.1428571428571428,,6.6329193115234375
CHRNA7,negative,3276603,CNCC[C@@H](Oc1cccnc1OCCO)c1ccccc1,,0.136986301369863,,6.627089500427246
CHRNA7,negative,653039,c1ccc(C(OCCCc2c[nH]cn2)c2ccccc2)cc1,,0.15625,,6.620570659637451
CHRNA7,negative,1077247,O=C(NC/C=C/CN1CCN(c2ccccc2OCCF)CC1)c1ccc(OCCOCCF)cc1.O=C(O)C(=O)O,,0.1348314606741573,,6.6630144119262695
CHRNA7,negative,343046,CN(C)CCCCCc1c[nH]cn1,,0.145631067961165,,6.612280368804932
CHRNA7,negative,580859,O=C1Cc2c(ccc3c2OC[C@H](CNCC2CCc4c([nH]c5ccc(F)cc45)C2)O3)N1,,0.1413043478260869,,6.617069721221924
CHRNA7,negative,2492997,COc1ccc(-c2ccc3c(c2)COC3=O)n2nc(C3(C(=O)O[C@@H]4CCOC4)CC3)nc12,,0.1630434782608695,,6.626376628875732
CHRNA7,negative,51513,COc1ccc(S(=O)(=O)N(Cc2ccccc2)c2c(C(=O)NO)cnc3cc(Br)ccc23)cc1,,0.1395348837209302,,6.63248872756958
GRIA1,active,3097675,CC(=O)N[C@@H]1CCN(c2nccn3c(-c4ccc5[nH]c(=O)[nH]c5c4)c(-c4ccc(F)cc4)nc23)C1,7.89,0.127906976744186,1.0,6.244462490081787
GRIA1,active,2453356,O=C1Cc2cc(-c3c(-c4ccc(F)cc4)nn4c(N5CCC(F)CC5)nccc34)ccc2N1,9.7,0.0975609756097561,0.8709677419354839,6.148369789123535
GRIA1,active,256117,CCCC(=O)NC(Cc1ccc(O)cc1)C(=O)NCCCCNCCCCCCCN,7.42,0.9583333333333334,1.0,6.207465648651123
GRIA1,active,3018724,COC1CCN(c2nccn3c(-c4ccc5c(c4)CC(=O)N5)c(-c4ccc(F)cc4)nc23)CC1,9.89,0.1034482758620689,0.8333333333333334,6.250949859619141
GRIA1,active,3236203,O=c1[nH]c2ccc(-c3c(-c4ccccc4)nn4c(N5CCOCC5)nccc34)cc2s1,10.3,0.1265822784810126,0.7575757575757576,6.0962724685668945
GRIA1,active,3150523,O=C1Cc2cc(-c3c(C4CCCC4)nc4c(N5CCOCC5)nccn34)ccc2N1,7.8,0.09,0.9833333333333332,6.0522074699401855
GRIA1,active,3026126,Cc1cnc(N2CCOCC2)n2nc(C(C)C)c(-c3ccc4[nH]c(=O)sc4c3)c12,8.4,0.1234567901234567,0.7272727272727273,6.1073384284973145
GRIA1,active,2092899,CCOCCN(c1ccc2[nH]c(=O)sc2c1)c1nc(-c2ccccn2)cs1,7.66,0.1,0.6774193548387096,6.132630348205566
GRIA1,active,2373368,O=C1Cc2cc(-c3c(-c4ccc(F)cc4)nc4c(N5CCC(O)CC5)nccn34)ccc2N1,9.49,0.1071428571428571,0.90625,6.12758207321167
GRIA1,active,3040048,O=S1(=O)Cc2cc(-c3c(-c4ccc(F)cc4)nc4c(N5CC6(COC6)C5)nccn34)ccc2N1,7.8,0.0941176470588235,0.7727272727272727,6.1793317794799805
GRIA1,active,3077223,CC(C)(C)c1nn2c(N3CC(F)(F)C3)nccc2c1-c1ccc2c(c1)CC(=O)N2,7.2,0.0875,0.7741935483870968,6.217568397521973
GRIA1,active,3224427,CN(C)c1nccn2c(-c3ccc4c(c3)CC(=O)N4)c(-c3ccc(F)cc3)nc12,9.1,0.1012658227848101,0.8225806451612904,6.174703121185303
GRIA1,active,3119780,N#Cc1ccc(-c2nc3c(N4CCNC(=O)C4)nccn3c2-c2ccc3[nH]c(=O)[nH]c3c2)cc1,8.4,0.0952380952380952,0.8125,6.157736778259277
GRIA1,active,3139170,COC1CCN(c2nccc3c(-c4ccc5[nH]c(=O)sc5c4)c(-c4ccccc4)nn23)CC1,10.22,0.1204819277108433,0.7575757575757576,6.24564790725708
GRIA1,active,3175266,CC(=O)N1CCN(c2nccn3c(-c4ccc5c(c4)CC(=O)N5)c(C(=O)c4ccccc4)nc23)CC1,8.3,0.125,0.8,6.267486572265625
GRIA1,active,3240542,c1ccc(-c2nn3c(N4CCOCC4)nccc3c2-c2ccc3[nH]ncc3c2)cc1,9.4,0.0808080808080808,0.75,6.124699115753174
GRIA1,active,3214544,CC1(C)COCCN1c1nccn2c(-c3ccc4c(c3)CC(=O)N4)c(-c3ccc(F)cc3)nc12,7.5,0.0909090909090909,0.7794117647058824,6.186556816101074
GRIA1,active,3157377,CC(=O)NC1CCN(c2nccn3c(-c4ccc(O)cc4)c(-c4ccc(Cl)cc4)nc23)CC1,7.5,0.1538461538461538,0.7377049180327869,6.248576641082764
GRIA1,active,3040618,Oc1ccc(-c2c(Cc3cccc(F)c3)nc3c(N4CCOCC4)nccn23)cc1,7.7,0.1473684210526315,0.7966101694915254,6.163005828857422
GRIA1,active,2984237,O=C1Cc2cc(-c3c(-c4ccc(F)cc4)nc4c(N5CCOCC5)ncc(F)n34)ccc2N1,8.2,0.0963855421686747,0.84375,6.1063032150268555
GRIA1,active,3131278,Cc1cc(O)ccc1-c1c(-c2ccc(F)cc2)nc2c(N3CCOCC3)nccn12,7.5,0.108695652173913,0.7586206896551724,6.087807655334473
GRIA1,active,3282236,Oc1ccc(-c2c(Cc3ccccc3)nc3c(N4CCOCC4)nccn23)cc1,7.6,0.1573033707865168,0.7966101694915254,6.160299301147461
GRIA1,active,3021633,CN(C)c1nccn2c(-c3ccc4c(c3)CC(=O)N4)c(C(=O)c3ccccc3)nc12,8.4,0.11,0.7761194029850746,6.190304756164551
GRIA1,active,3213038,CC(=O)N[C@@H]1CCN(c2nccn3c(-c4ccc5c(c4)CC(=O)N5)c(-c4ccc(F)cc4)nc23)C1,8.49,0.1098901098901098,0.7808219178082192,6.248711109161377
GRIA1,active,3078167,O=C1Cc2cc(-c3c(-c4ccccc4)nn4c(N5CCC(O)CC5)nccc34)ccc2N1,9.8,0.1097560975609756,0.8571428571428571,6.134339332580566
GRIA1,active,3046828,CC(C)(C)OC(=O)N1CCN(c2ncc(Br)n3c(-c4ccc5c(c4)CC(=O)N5)c(Cc4ccccc4)nc23)CC1,9.1,0.1397849462365591,0.8181818181818182,6.2329511642456055
GRIA1,active,2986948,O=C1Cc2cc(-c3c(-c4ccc(F)cc4)nc4c(N5CCCC(O)C5)nccn34)ccc2N1,9.49,0.1022727272727272,0.9090909090909092,6.113858699798584
GRIA1,active,3034014,CC(C)Oc1nccc2c(-c3ccc4c(c3)CC(=O)N4)c(-c3ccccc3)nn12,7.5,0.1153846153846153,0.71875,6.2509589195251465
GRIA1,active,3066168,O=C1Cc2cc(-c3c(-c4ccc(F)cc4)nc4c(N5CCOCC5)ncc(Cl)n34)ccc2N1,9.89,0.0941176470588235,0.84375,6.095509052276611
GRIA1,active,2984382,O=C1Cc2cc(-c3c(-c4ccccc4)nc4c(N5CCC(F)CC5)nccn34)ccc2N1,10.22,0.0963855421686747,0.8709677419354839,6.1363115310668945
GRIA1,active,3160949,O=C(NCc1ccccc1)c1nc2c(N3CCOCC3)nccn2c1-c1ccc2[nH]c(=O)[nH]c2c1,7.6,0.145631067961165,0.7887323943661971,6.155961990356445
GRIA1,active,3116267,CNc1nccn2c(-c3ccc4[nH]c(=O)[nH]c4c3)c(-c3ccc(F)cc3)nc12,8.2,0.1216216216216216,0.7241379310344828,6.152448654174805
GRIA1,active,3089400,O=S1(=O)Cc2cc(-c3c(-c4ccc(F)cc4)nc4c(N5CCOCC5)nccn34)ccc2N1,8.4,0.0843373493975903,0.7846153846153846,6.12117862701416
GRIA1,active,3119821,Fc1ccc(-c2nc3c(N4CCOCC4)nccn3c2-c2ccc3[nH]cc(F)c3c2)cc1,8.49,0.0864197530864197,0.7580645161290323,6.204450607299805
GRIA1,active,3160103,CC(=O)N1CCN(c2nccn3c(-c4ccc(O)cc4)c(-c4ccc(F)cc4)nc23)CC1,8.2,0.1555555555555555,0.8214285714285714,6.256302833557129
GRIA1,active,2964701,CC(C)(C)OC(=O)N1CCN(c2nccn3c(-c4ccc5c(c4)CC(=O)N5)c(Cc4ccccc4)nc23)CC1,9.49,0.1182795698924731,0.8133333333333334,6.214709758758545
GRIA1,active,3249565,O=C(Nc1ccccc1)c1nc2c(N3CCOCC3)nccn2c1-c1ccc2[nH]c(=O)[nH]c2c1,7.7,0.1309523809523809,0.8260869565217391,6.162652969360352
GRIA1,active,2394036,CC(=O)N1CCN(c2nccn3c(-c4ccc5c(c4)CC(=O)N5)c(-c4ccc(F)cc4)nc23)CC1,9.4,0.1176470588235294,0.8142857142857143,6.282835006713867
GRIA1,active,3257604,O=C(Nc1ccccc1)c1nc2c(N3CCOCC3)nccn2c1-c1ccc(O)cc1,7.7,0.1758241758241758,0.75,6.187672138214111
GRIA1,active,3171085,O=C1Cc2cc(-c3c(-c4ccc(F)cc4)nc4c(N5CCC5)nccn34)ccc2N1,8.8,0.1,0.9642857142857144,6.0748724937438965
GRIA1,active,3245459,O=C1Cc2cc(-c3c(C4CCCCC4)nc4c(N5CCOCC5)nccn34)ccc2N1,8.1,0.1,0.9833333333333332,6.0697245597839355
GRIA1,active,3178601,N#Cc1ccc(-c2nc3c(N4CCNC(=O)C4)nccn3c2-c2ccc3[nH]ncc3c2)cc1,8.7,0.0754716981132075,0.8181818181818182,6.150466442108154
GRIA1,active,3229037,Fc1ccc(-c2nc3c(N4CCOCC4)nccn3c2-c2ccc3[nH]ccc3c2)cc1,7.8,0.074074074074074,0.7619047619047619,6.201906204223633
GRIA1,active,3194524,O=c1[nH]c2ccc(-c3c(-c4ccc(F)cc4)nc4c(N5CCOCC5)nccn34)cc2o1,8.49,0.1097560975609756,0.765625,6.108670711517334
GRIA1,active,3053223,O=c1[nH]c2ccc(-c3c(-c4ccc(F)cc4)nn4c(N5CCOCC5)nccc34)cc2o1,8.89,0.1111111111111111,0.6521739130434783,6.134160995483398
GRIA1,active,3082771,O=C1CN(c2nccn3c(-c4ccc5c(c4)CC(=O)N5)c(C(=O)Nc4ccccc4)nc23)CCN1,7.7,0.1121495327102803,0.7945205479452054,6.167056083679199
GRIA1,active,2989388,CC(C)c1nn2cnc(C(F)(F)F)cc2c1-c1ccc2[nH]c(=O)sc2c1,7.2,0.136986301369863,0.711864406779661,6.146348476409912
GRIA1,active,3104055,O=C1NCc2cc(-c3c(-c4ccc(F)cc4)nc4c(N5CCOCC5)nccn34)ccc2N1,7.0,0.0952380952380952,0.8,6.0922369956970215
GRIA1,active,3057695,O=C1Cc2cc(-c3c(-c4ccc(F)cc4)nn4c(N5CC(O)C5)nccc34)ccc2N1,8.2,0.1111111111111111,0.8412698412698413,6.098661422729492
GRIA1,active,256576,CCCC(=O)NC(Cc1ccc(O)cc1)C(=O)NCCCCCNCCCCCCN,8.48,0.9583333333333334,1.0,6.199652194976807
GRIA1,active,256075,CC(C)(C)C(=O)NC(Cc1ccc(O)cc1)C(=O)NCCCCCCCCNCCCN,7.05,0.7222222222222222,0.75,6.192767143249512
GRIA1,active,3251217,CC(=O)N1CCN(c2nccn3c(-c4ccc5[nH]ncc5c4)c(-c4ccc(C#N)cc4)nc23)CC1,9.1,0.1047619047619047,0.8088235294117647,6.277816295623779
GRIA1,active,3144078,O=C1Cc2cc(-c3c(-c4ccc(F)cc4)nc4c(N5CCO[C@@H](C(F)(F)F)C5)nccn34)ccc2N1,7.89,0.0869565217391304,1.0,6.194174766540527
GRIA1,active,3138420,O=c1[nH]c2ccc(-c3c(-c4ccc(F)cc4)nc4c(N5CC6(COC6)C5)nccn34)cc2[nH]1,8.3,0.1111111111111111,0.7777777777777778,6.124454498291016
GRIA1,active,3015038,CC1C(=O)N(C)CCN1c1nccn2c(-c3ccc4c(c3)CC(=O)N4)c(-c3ccc(F)cc3)nc12,8.8,0.1022727272727272,0.726027397260274,6.186729431152344
GRIA1,active,3016671,O=C1CN(c2nccn3c(-c4ccc5[nH]ncc5c4)c(-c4ccc(F)cc4)nc23)CCN1,9.7,0.0952380952380952,0.8181818181818182,6.168204307556152
GRIA1,active,2361266,O=C1Cc2cc(-c3c(-c4ccc(F)cc4)nn4c(N5CCOCC5)nccc34)ccc2N1,9.3,0.0975609756097561,0.8524590163934426,6.0942277908325195
GRIA1,active,3258260,O=C1CCN(c2nccn3c(-c4ccc5c(c4)CC(=O)N5)c(-c4ccc(F)cc4)nc23)CC1,10.22,0.1111111111111111,0.8666666666666667,6.212673664093018
GRIA1,active,3003220,O=c1[nH]c2ccc(-c3c(Cc4ccccc4)nc4c(N5CCOCC5)nccn34)cc2[nH]1,8.8,0.1234567901234567,0.7647058823529411,6.048856735229492
GRIA1,active,3063835,CO[C@@H]1CCN(c2nccc3c(-c4ccc5c(c4)CC(=O)N5)c(-c4ccccc4)nn23)C1,8.6,0.0909090909090909,1.0,6.216141700744629
GRIA1,active,3089583,CCN(CC)c1nccn2c(-c3ccc4c(c3)CC(=O)N4)c(-c3ccc(F)cc3)nc12,8.4,0.1111111111111111,0.819672131147541,6.232026100158691
GRIA1,active,3073495,O=C1Cc2cc(-c3c(-c4ccc(F)cc4)nc4c(N5CC(F)C5)nccn34)ccc2N1,9.3,0.0975609756097561,0.8688524590163934,6.139787673950195
GRIA1,active,255736,CCCCCC(=O)NC(Cc1ccc(O)cc1)C(=O)NCCCCCCCCNCCCN,7.17,0.8823529411764706,0.8823529411764706,6.20907735824585
GRIA1,active,3098589,O=C1CCN(c2nccc3c(-c4ccc5c(c4)CC(=O)N5)c(-c4ccc(F)cc4)nn23)CC1,10.1,0.1125,0.8225806451612904,6.226694583892822
GRIA1,active,3081574,O=C(c1ccccc1)c1nc2c(N3CCOCC3)nccn2c1-c1ccc(O)cc1,7.89,0.1818181818181818,0.8245614035087719,6.200816631317139
GRIA1,active,3041496,O=c1[nH]c2ccc(-c3c(-c4ccc(F)cc4)nc4c(N5CCOCC5)nccn34)cc2s1,9.49,0.1097560975609756,0.765625,6.0961222648620605
GRIA1,active,2346886,Fc1ccc(-c2nc3c(N4CCOCC4)nccn3c2-c2ccc3[nH]ncc3c2)cc1,9.2,0.073170731707317,0.7936507936507936,6.2052178382873535
GRIA1,active,2976090,O=C1Cc2cc(-c3c(Cc4ccccc4)nc4c(N5CCOCC5)nccn34)ccc2N1,9.0,0.0961538461538461,0.782608695652174,6.059351444244385
GRIA1,active,3007215,CC(C)(C)c1nc2c(N3CCC(=O)CC3)nccn2c1-c1ccc2c(c1)CC(=O)N2,7.2,0.0853658536585365,0.7121212121212122,6.215656757354736
GRIA1,active,2452206,CC(=O)N1CCN(c2nccc3c(-c4ccc5c(c4)CC(=O)N5)c(-c4ccc(F)cc4)nn23)CC1,9.8,0.119047619047619,0.7910447761194029,6.291374683380127
GRIA1,active,2092888,CN(c1ccc2[nH]c(=O)sc2c1)c1nc(-c2ccccn2)cs1,7.16,0.0958904109589041,0.6774193548387096,6.1060285568237305
GRIA1,active,3079660,O=C1Cc2cc(-c3c(-c4ccccc4)nc4c(N5CCC(CCF)CC5)nccn34)ccc2N1,9.4,0.1047619047619047,0.8939393939393939,6.205686569213867
GRIA1,active,3123770,O=c1ccc2cc(-c3c(-c4ccc(F)cc4)nc4c(N5CCOCC5)nccn34)ccc2[nH]1,7.4,0.1111111111111111,0.7777777777777778,6.06680965423584
GRIA1,active,3228440,O=C1Cc2cc(-c3c(-c4ccc(F)cc4)nc4c(N5CCC(O)C(F)(F)C5)nccn34)ccc2N1,9.6,0.1011235955056179,0.8115942028985508,6.149460792541504
GRIA1,active,2985643,CNc1nccc2c(-c3ccc4c(c3)CC(=O)N4)c(-c3ccc(F)cc3)nn12,7.89,0.1038961038961039,0.75,6.211484909057617
GRIA1,active,2092893,C[C@@H](c1ccc2[nH]c(=O)sc2c1)c1ccn(-c2ccc(F)cn2)n1,7.27,0.1527777777777778,0.7333333333333333,6.140279293060303
GRIA1,active,3000428,O=C1Cc2cc(-c3c(-c4ccc(F)c(F)c4)nc4c(N5CCOCC5)nccn34)ccc2N1,9.3,0.1071428571428571,0.84375,6.078670024871826
GRIA1,active,2990335,O=S1(=O)Cc2cc(-c3c(-c4ccc(F)cc4)nn4c(N5CCOCC5)nccc34)ccc2N1,8.7,0.0853658536585365,0.7384615384615385,6.138551235198975
GRIA1,active,3203418,O=C1Cc2cc(-c3c(-c4ccccc4)nc4c(C5=CCOCC5)nccn34)ccc2N1,8.1,0.0813953488372093,0.6714285714285714,6.144073486328125
GRIA1,active,2957415,O=C1CN(c2nccn3c(-c4ccc5c(c4)CC(=O)N5)c(Cc4ccccc4)nc23)CCN1,9.0,0.0952380952380952,0.782608695652174,6.1726250648498535
GRIA1,active,3185830,CN(C)c1nccc2c(-c3ccc4c(c3)CC(=O)N4)c(-c3ccc(F)cc3)nn12,8.8,0.1025641025641025,0.75,6.219400405883789
GRIA1,active,3241025,CC(=O)N1CCN(c2ncc(Br)n3c(-c4ccc5c(c4)CC(=O)N5)c(Cc4ccccc4)nc23)CC1,9.49,0.1363636363636363,0.8472222222222222,6.271992206573486
GRIA1,active,3055357,CC(=O)N1CCN(c2nccn3c(-c4ccc5c(c4)CC(=O)N5)c(Cc4ccccc4)nc23)CC1,8.89,0.1313131313131313,0.8133333333333334,6.254820823669434
GRIA1,active,3185645,O=C1Cc2cc(-c3c(-c4ccc(F)cc4)nc4c(N5CCC6(CC5)OCCO6)nccn34)ccc2N1,9.7,0.0919540229885057,0.8181818181818182,6.153690814971924
GRIA1,active,3119894,O=C1Cc2cc(-c3c(-c4ccccc4)nn4c(N5CCC(F)CC5)nccc34)ccc2N1,9.3,0.0975609756097561,0.8688524590163934,6.143111705780029
GRIA1,active,2977322,CC1(O)CN(c2nccc3c(-c4ccc5c(c4)CC(=O)N5)c(-c4ccc(F)cc4)nn23)C1,8.49,0.1097560975609756,0.8571428571428571,6.241647720336914
GRIA1,active,3279044,Cc1cnc(N2CCOCC2)n2nc(C(C)C)c(-c3ccc4c(c3)CC(=O)N4)c12,7.1,0.0963855421686747,0.746268656716418,6.119124412536621
GRIA1,active,3156086,N#CC1CN(c2nccn3c(-c4ccc5c(c4)CC(=O)N5)c(-c4ccc(F)cc4)nc23)C1,8.4,0.0930232558139534,0.8153846153846154,6.2144341468811035
GRIA1,active,3076132,CC(=O)N1CCN(c2nccn3c(-c4ccc5c(c4)CC(=O)N5)c(-c4ccc(C#N)cc4)nc23)CC1,8.6,0.1089108910891089,0.8142857142857143,6.2852983474731445
GRIA1,active,2406057,O=C1CN(c2nccn3c(-c4ccc5c(c4)CC(=O)N5)c(-c4ccc(F)cc4)nc23)CCN1,9.3,0.0952380952380952,0.8181818181818182,6.188978672027588
GRIA1,active,3257713,O=C1Cc2cc(-c3c(-c4ccc(F)cc4)nc4c(N5CC[C@@H](O)[C@H](F)C5)nccn34)ccc2N1,9.8,0.1011235955056179,1.0,6.134840488433838
GRIA1,active,3213606,O=C(c1ccc(F)cc1)c1nc2c(N3CCOCC3)nccn2c1-c1ccc(O)cc1,8.4,0.1521739130434782,0.8245614035087719,6.167189121246338
GRIA1,active,3146476,O=c1[nH]c2ccc(-c3c(-c4ccccc4)nc4cnc(C(F)(F)F)cn34)cc2s1,7.89,0.1333333333333333,0.6153846153846154,6.122536659240723
GRIA1,active,3127352,O=C1Cc2cc(-c3c(-c4ccccc4)nc4cnc(C(F)(F)F)cn34)ccc2N1,7.0,0.1168831168831168,0.6153846153846154,6.1137542724609375
GRIA1,active,3212678,O=c1[nH]c2ccc(-c3c(-c4ccc(F)cc4)nc4c(N5CCOCC5)ncc(F)n34)cc2[nH]1,8.4,0.1139240506329113,0.8360655737704918,6.101615905761719
GRIA1,active,3081014,CC(C)(C)c1nn2c(N3CCOCC3)nccc2c1-c1ccc2c(c1)CC(=O)N2,7.2,0.0853658536585365,0.7741935483870968,6.209580421447754
GRIA1,active,3040975,CO[C@H]1CCN(c2nccc3c(-c4ccc5c(c4)CC(=O)N5)c(-c4ccccc4)nn23)C1,8.89,0.0909090909090909,1.0,6.220290660858154
GRIA1,active,3065547,O=C1Cc2cc(-c3c(-c4ccccc4)nc4c(N5CCC(CF)CC5)nccn34)ccc2N1,9.6,0.1046511627906976,0.8939393939393939,6.17218017578125
GRIA1,active,3037817,O=c1[nH]c2ccc(-c3c(-c4ccc(F)cc4)nc4c(N5CCOCC5)ncc(Cl)n34)cc2[nH]1,9.49,0.125,0.8360655737704918,6.093298435211182
GRIA1,active,2394219,O=C1Cc2cc(-c3c(-c4ccc(F)cc4)nc4c(N5CCC(F)CC5)nccn34)ccc2N1,10.1,0.0963855421686747,0.873015873015873,6.141173362731934
GRIA1,active,3269352,O=C1Cc2cc(-c3c(-c4ccncc4)nc4c(N5CCC(O)CC5)nccn34)ccc2N1,7.4,0.1020408163265306,0.859375,6.120005130767822
GRIA1,active,14864,Cc1onc(O)c1C[C@H](N)C(=O)O,7.66,0.26,1.0,6.03413724899292
GRIA1,active,3097617,N#Cc1ccc(-c2nc3c(N4CCOCC4)nccn3c2-c2ccc3c(c2)CC(=O)N3)cc1,8.7,0.0693069306930693,0.8153846153846154,6.1397576332092285
GRIA1,active,3085408,O=C1CN(c2nccn3c(-c4ccc(O)cc4)c(-c4ccc(F)cc4)nc23)CCN1,8.49,0.1290322580645161,0.7301587301587301,6.163052558898926
GRIA1,active,3020873,O=C1Cc2cc(-c3c(C(=O)c4ccccc4)nc4c(N5CCC(O)CC5)nccn34)ccc2N1,8.8,0.1153846153846153,0.8115942028985508,6.125284194946289
GRIA1,active,3269720,O=C1Cc2cc(-c3c(C(=O)c4ccccc4)nc4c(N5CCS(=O)(=O)CC5)nccn34)ccc2N1,8.6,0.1153846153846153,0.8115942028985508,6.117652416229248
GRIA1,active,3253170,O=C1Cc2cc(-c3c(-c4ccccc4)nc4c(N5CC6CC(C5)O6)nccn34)ccc2N1,9.3,0.087378640776699,0.8125,6.110063076019287
GRIA1,active,3210778,CC(=O)N1CCN(c2nccn3c(-c4ccc5[nH]c(=O)[nH]c5c4)c(-c4ccc(C#N)cc4)nc23)CC1,8.3,0.1176470588235294,0.8059701492537313,6.281682014465332
GRIA1,active,2973363,O=C1Cc2cc(-c3c(-c4ccc(F)cc4)nc4c(N5CC[C@@H](O)C5)nccn34)ccc2N1,8.8,0.1046511627906976,1.0,6.1371917724609375
GRIA1,active,3110568,COC1CCN(c2nccc3c(-c4ccc5c(c4)CC(=O)N5)c(-c4ccccc4)nn23)CC1,9.8,0.0930232558139534,0.9076923076923076,6.25327205657959
GRIA1,active,2984783,N#Cc1ccc(-c2nc3c(N4CCOCC4)nccn3c2-c2ccc(O)cc2)cc1,7.5,0.1195652173913043,0.7636363636363637,6.128600597381592
GRIA1,active,2986277,CC1(O)CCN(c2nccn3c(-c4ccc5c(c4)CC(=O)N5)c(-c4ccc(F)cc4)nc23)CC1,10.0,0.1071428571428571,0.859375,6.226668357849121
GRIA1,active,3097182,Oc1ccc(-c2c(-c3ccc(F)cc3)nc3c(N4CCCC(F)(F)C4)nccn23)cc1,7.5,0.1170212765957446,0.7777777777777778,6.193984508514404
GRIA1,active,2343037,O=C1Cc2cc(-c3c(-c4ccc(F)cc4)nn4c(N5CCC(O)CC5)nccc34)ccc2N1,9.7,0.108433734939759,0.8709677419354839,6.143590450286865
GRIA1,active,3089633,O=C1Cc2cc(-c3c(-c4ccc(F)cc4)nc4c(N5CC(CO)C5)nccn34)ccc2N1,9.1,0.1204819277108433,0.828125,6.155447006225586
GRIA1,active,2986052,CN(C)c1nccn2c(-c3ccc4[nH]c(=O)[nH]c4c3)c(-c3ccc(F)cc3)nc12,9.3,0.1216216216216216,0.7241379310344828,6.158811569213867
GRIA1,active,3253579,N#Cc1ccc(-c2nc3c(N4CCOCC4)nccn3c2-c2ccc3[nH]c(=O)[nH]c3c2)cc1,8.89,0.0963855421686747,0.7936507936507936,6.125026226043701
GRIA1,active,2970603,O=C1Cc2cc(-c3c(-c4ccc(F)cc4)nc4c(N5CC(O)(C(F)(F)F)C5)nccn34)ccc2N1,9.0,0.1058823529411764,0.8181818181818182,6.175775051116943
GRIA1,active,2999054,O=C1CN(c2nccn3c(-c4ccc5c(c4)CC(=O)N5)c(C(=O)c4ccccc4)nc23)CCN1,7.5,0.1153846153846153,0.7916666666666666,6.171056747436523
GRIA1,active,2979624,CC1COCCN1c1nccc2c(-c3ccc4c(c3)CC(=O)N4)c(-c3ccc(F)cc3)nn12,9.7,0.0898876404494382,0.7536231884057971,6.212488174438477
GRIA1,reference,198912,N[C@@H](Cn1cc(Cl)c(=O)[nH]c1=O)C(=O)O,7.19,1.0,0.6923076923076923,6.127889633178711
GRIA1,reference,198946,N[C@@H](Cn1cc(Br)c(=O)[nH]c1=O)C(=O)O,7.04,1.0,0.6923076923076923,6.089896202087402
GRIA1,reference,199443,N[C@@H](Cn1nc(Br)c(=O)[nH]c1=O)C(=O)O,7.54,1.0,0.6923076923076923,6.124435901641846
GRIA1,reference,199497,N[C@@H](Cn1cc(F)c(=O)[nH]c1=O)C(=O)O,7.83,1.0,0.6923076923076923,6.097931385040283
GRIA1,reference,199555,N[C@@H](Cn1nc(Cl)c(=O)[nH]c1=O)C(=O)O,8.15,1.0,0.6923076923076923,6.103751182556152
GRIA1,reference,199593,N[C@@H](Cn1nc(I)c(=O)[nH]c1=O)C(=O)O,7.13,1.0,0.6923076923076923,6.141599178314209
GRIA1,reference,248993,CCCC(=O)NC(Cc1ccc(O)cc1)C(=O)NCCCCCCCCNCCCN,7.19,1.0,0.9583333333333334,6.212886810302734
GRIA1,reference,255718,NCCCNCCCCCCCCNC(=O)C(Cc1ccc(O)cc1)NC(=O)C1CCCCC1,7.11,1.0,0.6666666666666666,6.111373424530029
GRIA1,reference,255719,NCCCNCCCCCCCCNC(=O)C(Cc1ccc(O)cc1)NC(=O)c1ccncc1,7.19,1.0,0.7894736842105263,6.09630823135376
GRIA1,reference,255720,NCCCNCCCCCCCCNC(=O)C(Cc1ccc(O)cc1)NC(=O)c1cccnc1,7.06,1.0,0.7894736842105263,6.110206604003906
GRIA1,negative,3229179,Cc1nc2ccc(S(F)(F)(F)(F)F)cc2c(=O)n1-c1ccc(OCCCN2CCC[C@H]2C)cc1,,0.1204819277108433,,6.245967388153076
GRIA1,negative,267141,CNC(=O)[C@H](C)NC(=O)[C@H](CC(C)C)N[C@H](CCN1C(=O)c2cc3ccccc3cc2C1=O)C(=O)O,,0.1785714285714285,,6.128847122192383
GRIA1,negative,2555881,CCOC(=O)NNC(=O)Cn1c(=O)c(Cc2ccccc2)nc2ccccc21,,0.1566265060240964,,6.036313533782959
GRIA1,negative,3215814,CC(C)COc1ccc(CC(=O)N(Cc2ccc(F)cc2F)C2CCN(C)CC2)cc1,,0.1648351648351648,,6.261863708496094
GRIA1,negative,629184,O=C1CCc2ccc(CC3CC4CCC(C3)N4C[C@@H]3COc4c(ccc5c4CC(=O)N5)O3)cc2N1,,0.0980392156862745,,6.303747653961182
GRIA1,negative,547025,CNC(=O)Oc1cccc(CN(C)CCCCCCCCCOc2ccc3c(=O)c4ccccc4oc3c2)c1.Cl,,0.1489361702127659,,6.187450408935547
GRIA1,negative,701223,Cc1ccc2c(N3CCN(CCc4cccc5c4OCc4c(C(=O)NC(C)C)ncn4-5)CC3)cccc2n1,,0.1226415094339622,,6.210024356842041
GRIA1,negative,2958176,c1ccc2cc(C3(C4CCCN4)CCCCC3)ccc2c1,,0.1038961038961039,,6.210649490356445
GRIA1,negative,346171,CC(C)NC(=O)N(Cc1cccc(-c2cc(C(C)(C)C#N)cc3cccnc23)c1)c1ccc(S(C)(=O)=O)cc1,,0.1509433962264151,,6.300219535827637
GRIA1,negative,711013,Cc1nc(C(=O)NCCCN2CCN(c3cccc(Cl)c3Cl)CC2)cc(-c2ccccc2)n1.Cl,,0.1666666666666666,,6.1945648193359375
GRIA1,negative,2290961,Cn1c(=O)n(CCN2CCN(c3nc(C(F)(F)F)cs3)CC2)c2nc(N)n3nc(-c4ccco4)nc3c21,,0.09009009009009,,6.2377495765686035
GRIA1,negative,202024,N#Cc1c(N)nc(SCc2ncc[nH]2)c(C#N)c1-c1ccccc1,,0.1011235955056179,,6.145125389099121
GRIA1,negative,20346,c1cc(CN2CCCNCCNCCCNCC2)ccc1CN1CCCNCCNCCCNCC1,,0.1176470588235294,,6.166846752166748
GRIA1,negative,2494399,COc1cc2c(cc1OCc1ccccc1)CCC(C)(CC(=O)NCCCCCCCNc1c3c(nc4cc(Cl)ccc14)CCCC3)O2,,0.1926605504587156,,6.304070949554443
GRIA1,negative,409593,O=S(=O)(c1ccc(/C=C/c2ccc(F)cc2O)nc1)c1ccccc1F,,0.1149425287356321,,6.379053115844727
GRIA1,negative,516860,CCN(CCCCCCN1C(=O)c2ccc(-c3ccc4c(c3)C(=O)N(CCCCCCN(CC)Cc3ccccc3OC)C4=O)cc2C1=O)Cc1ccccc1OC,,0.1162790697674418,,6.286455154418945
GRIA1,negative,452157,C[C@H]1[C@H]2CC[C@H]3[C@@H]4CC=C5C[C@@H](N(C)c6ccc(C#N)cc6)CC[C@]5(C)[C@H]4CC[C@]23CN1C,,0.0588235294117647,,6.244487762451172
GRIA1,negative,1266630,Br.Clc1ccc(C/N=C(/NCc2ccccc2)SCCCc2c[nH]cn2)cc1Cl,,0.125,,6.261153697967529
GRIA1,negative,3068135,CCNC(=O)CO[C@H](c1ccccc1)[C@H](CNC)c1ccc2ccccc2c1,,0.1772151898734177,,6.089302062988281
GRIA1,negative,3003858,FC(F)(F)c1ccc(COc2ccc(Br)cc2OC2CCNCC2)o1,,0.0972222222222222,,6.215692520141602
GRIA1,negative,2970482,COc1cc(OCCCN2CCCC2)ccc1-n1c(C)nc2ccc(S(F)(F)(F)(F)F)cc2c1=O,,0.1204819277108433,,6.168671607971191
GRIA1,negative,427383,Nc1nc(-c2ccco2)c2cnn(Cc3ccco3)c2n1,,0.1058823529411764,,6.055438041687012
GRIA1,negative,521470,F[C@H]1CCN(Cc2ccc(OCCCN3CCCCC3)cc2)C1,,0.1558441558441558,,6.263730049133301
GRIA1,negative,1339496,Nc1nnc(-c2cccc(Cl)c2)c(-c2ccccc2)n1,,0.1052631578947368,,6.15540885925293
GRIA1,negative,319022,CCOP(=O)(c1ccc(-c2ccccc2)cc1)N1Cc2ccccc2C[C@@H]1C(=O)NO,,0.1511627906976744,,6.233668327331543
GRIA1,negative,245433,O=C(CCCN1CCC(O)(c2ccc(Cl)cc2)C1)c1ccc(F)cc1,,0.1304347826086956,,6.179355621337891
GRIA1,negative,2796373,CCCN(CCCCCCCCCCN(CCC)[C@H]1CCc2c(O)cccc2C1)[C@@H]1CCc2c(O)cccc2C1,,0.1466666666666666,,6.225830554962158
GRIA1,negative,150076,COc1cccc2c(CCC3CCN(Cc4ccccc4)CC3)noc12,,0.1081081081081081,,6.154316425323486
GRIA1,negative,558965,CSc1ccccc1C(=O)N(C1CCC1)[C@H]1CCNC1,,0.1265822784810126,,6.169313907623291
GRIA1,negative,1174333,c1cc([C@H]2CC[C@@H](N3CCCC3)CC2)ccc1OCCCN1CCCCC1,,0.1282051282051282,,6.169389724731445
GRIA1,negative,3138125,CC(C)Oc1cccc(CNC(=O)c2nc(N)nc3c(F)cccc23)n1,,0.1685393258426966,,6.22219181060791
GRIA1,negative,1347408,CC1(C)C[C@@H](C(CS(=O)(=O)c2ccc(Oc3ccc(OC(F)(F)F)cc3)cc2)N(O)C=O)N(S(C)(=O)=O)C1,,0.108433734939759,,6.243611812591553
GRIA1,negative,310994,COC(=O)C1=C(c2ccc(I)cc2)CC2CCC1O2,,0.1282051282051282,,6.206609725952148
GRIA1,negative,3045217,COc1cc(F)cc2c1nc(N)n1nc([C@@H]3CCCN(c4cnn(CC5(O)CCC5)c4)C3)nc21,,0.1052631578947368,,6.256898880004883
GRIA1,negative,388386,O=C(OCCF)C1C2CCC(CC1c1ccc(/C=C\I)cc1)N2,,0.1264367816091954,,6.104475975036621
GRIA1,negative,18402,CCCCn1cc2c(nc(N)n3nc(-c4ccco4)nc23)n1,,0.119047619047619,,6.20278263092041
GRIA1,negative,2299037,COCCOc1cc(CC2CCN(CCc3ccc4c(c3)CCCO4)CC2)ccc1Br,,0.1122448979591836,,6.200923919677734
GRIA1,negative,2946771,COc1ccc(-c2ccncc2)c2cn(C3CC3)nc12,,0.1,,6.146372318267822
GRIA1,negative,361078,CN1CCCc2ccccc2Cc2[nH]c3ccccc3c2CC1,,0.09375,,6.084146976470947
GRIA1,negative,2752046,CCCCCc1nc(C2CCN(CCCCc3cn(C)c4ccc(C#N)cc34)CC2)cn1-c1ccc(Oc2ccc(Cl)cc2)cc1,,0.1111111111111111,,6.255410671234131
GRIA1,negative,200538,CCc1ccccc1NC(=O)Oc1ccc2c(c1)[C@]1(C)CCN(C)[C@@H]1N2C.O=C(O)C(O)C(O)C(=O)O,,0.1325301204819277,,6.25079345703125
GRIA1,negative,24971,Fc1ccc(C(OCCN2CCN(CCCc3ccccc3)CC2)c2ccc(F)cc2)cc1,,0.1451612903225806,,6.317293167114258
GRIA1,negative,493497,NC(=O)C1CCCN(CCCOc2ccc(-n3c(-c4ccccn4)nc4cc(F)ccc43)cc2)C1,,0.145631067961165,,6.187065124511719
GRIA1,negative,2176327,O=c1ccc2ccc(OCCCCN3CCN(c4cccc5c4OCCO5)CC3)cc2[nH]1,,0.1282051282051282,,6.106064796447754
GRIA1,negative,3263010,O=C(N[C@H]1CC[C@H](CCN2CCN(c3nsc4ccccc34)CC2)CC1)OC1CCCCC1,,0.1612903225806451,,6.118005275726318
GRIA1,negative,1173135,O=C(C1CC(Oc2ccc(F)cc2)CN1)N1CCCN(C2CCCC2)CC1,,0.1388888888888889,,6.22930383682251
GRIA1,negative,1077206,c1nc(CCCn2cc(CCC3CCCCC3)nn2)c[nH]1,,0.1219512195121951,,6.148005962371826
GRIA1,negative,80535,C[C@H](C(=O)NO)N1CCNc2cc(O)ccc2S1(=O)=O,,0.1842105263157894,,6.085323333740234
GRIA1,negative,650902,COC[C@@]12CNCC[C@]1(c1ccc(Cl)c(C(F)(F)F)c1)C2,,0.1142857142857142,,6.17465877532959
GRIA1,negative,184859,CCN(CCc1ccccn1)C(=O)c1cc(N)n2nc(-c3ccc(Br)o3)nc2c1,,0.1463414634146341,,6.149068832397461
GRIA1,negative,105607,CN(C)CCNc1c2c(nc3ccccc13)CCCCC2,,0.125,,6.195382118225098
GRIA1,negative,2426709,Cl.Cl.N[C@@H](Cc1c[nH]c2ccccc12)C(=O)NCCCCCCNc1c2c(nc3cc(Cl)ccc13)CCCC2,,0.2340425531914893,,6.276289939880371
GRIA1,negative,3257680,N#Cc1ccc2[nH]cc(CCCCN3CCN(c4cccc5sccc45)CC3)c2c1,,0.0721649484536082,,6.1301703453063965
GRIA1,negative,1785660,CN1Cc2ccccc2C(c2ccc3ccoc3c2)C1,,0.074074074074074,,6.1491289138793945
GRIA1,negative,117799,c1ccc2c(c1)Cc1ccccc1C21CCNC1,,0.0579710144927536,,6.136102676391602
GRIA1,negative,280005,Clc1ccc(Cc2n[nH]c(-c3ccc4c(c3)OCO4)n2)cc1Cl,,0.1029411764705882,,6.208192348480225
GRIA1,negative,1763440,COc1ccccc1N1CCN(CCCCCNC(=O)OC(C)(C)C)CC1,,0.189873417721519,,6.171860694885254
GRIA1,negative,412539,Cn1ncc2c1CC(CN1CCC(c3noc4cc(F)ccc34)CC1)CC2=O,,0.0975609756097561,,6.194531440734863
GRIA1,negative,425941,CCN(CC)C(=O)[C@@]1(c2cccs2)C[C@H]1CN,,0.1621621621621621,,6.132852554321289
GRIA1,negative,170867,COc1ccc(S(=O)(=O)N2CC(C)(C)C(CO)[C@@H]2C(=O)NO)cc1,,0.1309523809523809,,6.108259677886963
GRIA1,negative,3277078,Nc1nc2c(CCN3CCN(c4cccc5sccc45)CC3)cccc2s1,,0.0744680851063829,,6.161753177642822
GRIA1,negative,2293602,Cl.NCc1ccc(Oc2ccc(S(=O)(=O)C[C@H]3CS3)cc2)cc1,,0.1466666666666666,,6.171473026275635
GRIA1,negative,1559799,CN([C@H]1CN(C(N)=O)C[C@@H]1S)S(=O)(=O)c1ccc(Oc2ccccc2)cc1,,0.1470588235294117,,6.137531280517578
GRIA1,negative,135586,Cc1cccc2c1C1CC(CN(C)C)ON1c1ccccc1C2,,0.072289156626506,,6.16909646987915
GRIA1,negative,3171038,CNC[C@@H](c1ccc2ccccc2c1)[C@@H](O)c1cccs1,,0.1168831168831168,,6.038697719573975
GRIA1,negative,489209,CC(C)(C)C(=O)N(Cc1cccc(Cl)c1Cl)[C@H]1CCNC1,,0.1492537313432835,,6.2294464111328125
GRIA1,negative,352455,Cn1c(=O)c2nc(-c3ccc(S(=O)(=O)NCCc4ccccc4)cc3)[nH]c2n(C)c1=O,,0.1351351351351351,,6.109289646148682
GRIA1,negative,1728049,CC(C)N1CCC(Oc2ccc(C3(C(N)=O)CCOCC3)cc2)CC1,,0.1309523809523809,,6.254570960998535
GRIA1,negative,26735,CSc1c2c(nc(NC(=O)Cc3ccc(CC(C)C)cc3)n3nc(-c4ccco4)nc23)nn1C,,0.1584158415841584,,6.2723493576049805
GRIA1,negative,3017387,Nc1nc(-c2ccc(F)cc2)c(-c2ccc(=O)n(CCO)c2)c2nc(Cc3c(F)cccc3F)nn12,,0.1818181818181818,,6.302424907684326
GRIA1,negative,1760505,O=S(=O)(NCCN1CCN(c2nsc3ccccc23)CC1)c1ccc2ccccc2c1,,0.1011235955056179,,6.145524501800537
GRIA1,negative,1705518,Cc1cccc(N2CCN(CCCNC(=O)c3nc(C)n(-c4ccccc4F)c3C)CC2)c1C.Cl.Cl,,0.1702127659574468,,6.247823238372803
GRIA1,negative,2210002,COc1ccccc1N1CCN(CCCC(=O)Nc2ccn3ncc(C#N)c3c2)CC1,,0.1354166666666666,,6.146096229553223
GRIA1,negative,2298918,CCC(C)(C)c1ccc(OCCCCCN2CCCCCC2)cc1.O=C(O)C(=O)O,,0.1625,,6.263960838317871
GRIA1,negative,210358,COc1ccccc1N1CCN(CCCCNC(=O)c2ccccc2I)CC1,,0.1724137931034483,,6.27604341506958
GRIA1,negative,355345,CCOc1ccccc1CC(c1cccnc1)N1CCNCC1,,0.1647058823529411,,6.213073253631592
GRIA1,negative,2149832,COCCC(=O)N[C@H]1CC[C@H](CCN2CCC(c3noc4cc(F)ccc34)CC2)CC1,,0.1354166666666666,,6.165807723999023
GRIA1,negative,3229855,Cc1ccc2sc(S(=O)(=O)N[C@H]3CC[C@H](CCN4CCN(c5nsc6ccccc56)CC4)CC3)cc2c1,,0.0952380952380952,,6.206653118133545
GRIA1,negative,2010973,CC(C)N1CCN(C(=O)C2CC2c2ccccc2)CC1,,0.1333333333333333,,6.178164958953857
GRIA1,negative,2946925,COc1cc(-c2ccc(OC)c3nn(C4CC4)cc23)cc(OC)c1OC,,0.074074074074074,,6.2035980224609375
GRIA1,negative,3233471,COc1cccc2c1nc(N)n1nc([C@@H]3CCCN(CC4(C)COC4)C3)nc21,,0.0891089108910891,,6.268299102783203
GRIA1,negative,3148272,CNC[C@H](c1ccc2ccccc2c1)[C@@H](O)c1ccccc1F,,0.1333333333333333,,6.16666316986084
GRIA1,negative,410293,CN1Cc2cc(OCCCN3CCC(F)CC3)ccc2C(c2ccccc2)C1,,0.1081081081081081,,6.144937992095947
GRIA1,negative,264710,CNCCCC1c2ccccc2Cc2ccccc21,,0.1343283582089552,,6.056388854980469
GRIA1,negative,2558091,CCCN1C[C@H](OCCCCOc2ccc3c(c2)NC(=O)CC3)C[C@H]1CNC(=O)c1c(O)c(CC)cc(Cl)c1OC,,0.1428571428571428,,6.179904460906982
GRIA1,negative,1975526,O=C(N[C@H]1CC[C@H](CCN2CCN(c3nccc4c3CCO4)CC2)CC1)c1ccc2ncccc2c1,,0.1553398058252427,,6.166018009185791
GRIA1,negative,257965,COc1cccc2c1CC(C)C2=O,,0.0892857142857142,,6.177857875823975
GRIA1,negative,1429113,CN1CCN(c2cccc(Cl)c2Cl)CC1,,0.1132075471698113,,6.145328521728516
GRIA1,negative,113357,CC(C)C[C@H](CC(=O)NO)C(=O)N[C@@H](Cc1c[nH]c2ccccc12)C(=O)N1CCOCC1,,0.1758241758241758,,6.196916580200195
GRIA1,negative,2551689,CN1CCN(CCc2ccc(OCCCN3CCC(c4noc5cc(F)ccc45)CC3)cc2)CC1,,0.1063829787234042,,6.24540901184082
GRIA1,negative,3048062,CS(=O)(=O)Nc1ccc(-c2nc(NCC(Oc3ccccc3)c3ccccc3)c3ccccc3n2)cc1,,0.1170212765957446,,6.210019588470459
GRIA1,negative,438729,CSc1ccc([C@@H]2CN(C)Cc3cc(OCCCN4CCOCC4)ccc32)cc1,,0.0886075949367088,,6.171967029571533
GRIA1,negative,2028683,O=C(N[C@H]1CC[C@H](CCN2CCC(c3cccc4c3CCO4)CC2)CC1)c1ccc(N2CCS(=O)(=O)CC2)cc1,,0.1176470588235294,,6.215920448303223
GRIA1,negative,2388033,C[C@@H]1CCCN1[C@H]1C[C@H](c2ccc(-c3ccc(C#N)cc3)cc2)C1,,0.0864197530864197,,6.12206506729126
GRIA1,negative,145356,COc1ccc(S(=O)(=O)N2CCCN(C(=O)Nc3ccccc3)CC2C(=O)NO)cc1,,0.1208791208791208,,6.202085018157959
GRIA1,negative,511266,CNC[C@@H]1OCc2ccccc2[C@@H]1Oc1cccc(F)c1C,,0.0985915492957746,,6.121063709259033
GRIA1,negative,2091229,O=C1NCN(c2ccccc2)C12CCN(CCCCc1nc3cc(Cl)ccc3s1)CC2,,0.1219512195121951,,6.155492305755615
GRIA1,negative,73593,CNC(=O)[C@@H]1Cc2ccc(cc2)OCCC[C@H](C(=O)NO)[C@@H](CC(C)C)C(=O)N1,,0.1538461538461538,,6.178565979003906
GRIA1,negative,2437337,Nc1nc(-c2ccccc2)nc2sc(-c3ccccc3)nc12,,0.1216216216216216,,6.113778591156006
GRIA1,negative,499713,COc1ccc(CC(C)(C)NCC(O)COc2ccccc2C#N)cc1,,0.1309523809523809,,6.208110809326172
GRIA1,negative,3143971,C[C@H](Nc1nc(C(=O)N2CC(NC(=O)C3(C#N)CC3)C2)c2sccc2n1)c1cncc(F)c1,,0.1081081081081081,,6.252922058105469
GRIA1,negative,1567989,C#CC1=CC[C@@H](N(CCC)CCCCNC(=O)c2ccc(OCCCc3cnn(CCCC)n3)c(OC)c2)CC1,,0.1636363636363636,,6.228496551513672
GRIA1,negative,2031302,O=C(CF)N[C@H]1CC[C@H](CCN2CCN(c3cccc4c3OCO4)CC2)CC1,,0.1195652173913043,,6.181717395782471
GRIA1,negative,257908,COc1cc2c(cc1OC(C)C)CC(C)C2=O,,0.0983606557377049,,6.193891525268555
GRIA1,negative,316366,CC(C)C[C@H](NC(=O)[C@H](CO)NC(=O)[C@H](CS)NC(=O)[C@H](CS)NC(=O)CN)C(=O)N1CCC[C@H]1C(=O)N1CCC[C@H]1C(=O)N[C@@H](CS)C(=O)N[C@@H](C)C(=O)N[C@@H](C)C(=O)N[C@@H](CC(N)=O)C(=O)N[C@@H](CC(N)=O)C(=O)N1CCC[C@H]1C(=O)N[C@@H](CC(=O)O)C(=O)N[C@@H](Cc1ccc(O)cc1)C(=O)N[C@@H](CS)C(N)=O,,0.2803738317757009,,6.392075538635254
GRIA1,negative,423847,Cc1ccc(Oc2ccc(N(C[C@H](Nc3ccc(F)cc3)C(=O)NO)S(C)(=O)=O)cc2)cc1,,0.1411764705882353,,6.213484287261963
GRIA1,negative,1428555,CC(C)Oc1ccccc1N1CCN(CCCCOc2ccc3c(c2)NC(=O)CC3)CC1,,0.125,,6.2659831047058105
GRIA1,negative,3236684,COc1cc2nc(N)n3nc([C@@H]4CCCN(c5cn(CC(C)(C)O)nc5C)C4)nc3c2cc1F,,0.1195652173913043,,6.3559088706970215
GRIA1,negative,1502420,COc1ccccc1N1CCN(CCCc2ccc3nc[nH]c3c2)CC1,,0.1022727272727272,,6.150129318237305
GRIA1,negative,216033,OC[C@H]1O[C@@H](n2cnc3c(NCc4cccc5ccccc45)nc(NC4CCCC4)nc32)[C@H](O)[C@@H]1O,,0.1176470588235294,,6.294417858123779
GRIA1,negative,3196586,Cn1c(=O)n(Cc2ccc(F)cc2F)c2nc(N)nc(-c3ccco3)c21,,0.131578947368421,,6.205185413360596
GRIA1,negative,3251637,Cc1ccc(C(=O)N[C@H]2CC[C@H](CCN3CCN(c4nsc5ccccc45)CC3)CC2)[nH]1,,0.134020618556701,,6.11579704284668
GRIA1,negative,2763330,Nc1nc(C(=O)Nc2ccc(Cl)cc2)cn2c1nc1ccccc12,,0.1515151515151515,,6.134499549865723
GRIA1,negative,442091,O=[N+]([O-])OCCNCCCCNc1c2c(nc3ccccc13)CCCC2,,0.1764705882352941,,6.20195198059082
GRIA1,negative,317567,CNC(=O)Oc1cccc(CN(C)CCCCCCCOc2ccc3c(c2)O/C(=C\c2cccc4ccccc24)C3=O)c1,,0.1359223300970873,,6.2101826667785645
GRIA1,negative,676156,Br.COc1ccc(Cl)cc1N1CCN(C[C@H]2C[C@@H]2c2ccccc2)CC1,,0.1126760563380281,,6.167267799377441
GRIA1,negative,112609,CC(C)C[C@H](CC(=O)NO)C(=O)N[C@H](Cc1ccncc1)C(=O)NCc1ccccc1,,0.32,,6.196691036224365
GRIA1,negative,408491,CN1Cc2cc(OCCCN3CCCCC3)ncc2C(c2ccc(F)cc2)C1,,0.0978260869565217,,6.190364360809326
GRIA1,negative,1276627,COC(=O)[C@H]1[C@@H](c2ccc(Cl)c(Cl)c2)C[C@@H]2CC[C@H]1N2C/C=C/I,,0.1506849315068493,,6.155527591705322
GRIA1,negative,1074094,CN(C)CC1(c2ccc(F)c(F)c2)CCCCC1,,0.1095890410958904,,6.1086955070495605
PDE4D,active,2500717,COc1ccc(-c2ccc3c(c2)COC3=O)n2nc(C3(C(=O)OC(C)C)CC3)nc12,7.92,0.2247191011235955,0.8484848484848485,5.5443434715271
PDE4D,active,298602,COc1ccc(OCC(C)(C)c2nc3c(N)ncn(Cc4ccc(OC)c(OC5CCCC5)c4)c-3n2)cc1,8.25,0.3095238095238095,0.9230769230769232,5.535840034484863
PDE4D,active,594342,COc1ccc(C2=NN(Cc3ccc(CN4CCOCC4)cc3)C(=O)[C@@H]3CC=CC[C@H]23)cc1OC,9.05,0.253012048192771,0.9818181818181818,5.538206100463867
PDE4D,active,2947652,COc1ccc(-c2cccc(C(C)=O)c2)c2cn(C3CC3)nc12,7.64,0.2533333333333333,0.8301886792452831,5.470850944519043
PDE4D,active,2404752,CC(=O)Nc1cccc(-c2ccn(C(Cc3cc[n+]([O-])cc3)c3ccc(OC(F)F)c(OCC4CC4)c3)n2)c1,9.3,0.1941747572815534,0.4516129032258064,5.580654144287109
PDE4D,active,2923702,CCOc1nc(Cl)cc2nn(CCC(=O)NO)cc12,7.41,0.1975308641975308,0.8775510204081632,5.564635276794434
PDE4D,active,2501047,COc1ccc(-c2cccc(C#N)c2)n2nc(C3(CCC(=O)O)CC3)nc12,7.1,0.2068965517241379,0.8032786885245902,5.511516571044922
PDE4D,active,3249827,CCCNC(=O)c1nc2cccnn2c1-c1ccc(Cl)c(F)c1,7.86,0.1829268292682926,0.8518518518518519,5.486973762512207
PDE4D,active,1521135,COc1ccc(C2=NN(C3CCCCCC3)C(=O)[C@@H]3CC=CC[C@H]23)cc1OCCCCOc1ccc(-c2nnn[nH]2)cc1,9.2,0.2365591397849462,0.5616438356164384,5.548947334289551
PDE4D,active,458472,COc1ccc(F)c(CCCC2CCC(CCNCCCCCN3N=C(c4ccc(OC)c(OC)c4)[C@H]4CC=CC[C@H]4C3=O)O2)c1,8.92,0.2178217821782178,0.7682926829268293,5.535364627838135
PDE4D,active,1431879,CSc1cccc(-c2nc([C@H]3CC[C@H](C(=O)O)CC3)cc3cccnc23)c1,8.22,0.4057971014492754,0.7321428571428571,5.526772975921631
PDE4D,active,1162142,CC(C)(CC(=O)O)c1ccc(-c2cccc(-n3cc(C(=O)NC4CC4)c(=O)c4cccnc43)c2)cc1,9.07,0.1935483870967742,0.7534246575342466,5.529956817626953
PDE4D,active,333282,COc1cccc(-c2cc(Cc3ccncc3)cc3cccnc23)c1,8.6,0.25,0.6481481481481481,5.494158744812012
PDE4D,active,1177353,CCN(C)c1nc2oc3c(NCCCN4CCCC4=O)ncnc3c2c2c1CCC(C)(C)C2,7.77,0.1121495327102803,0.7866666666666666,5.569159507751465
PDE4D,active,2947418,CC(=O)c1cccc(-c2ccc(OC(F)F)c3nn(C4CC4)cc23)c1,7.87,0.2151898734177215,0.7857142857142857,5.519295692443848
PDE4D,active,333294,Cc1noc(/C(=C/c2cccc(-c3cc(C(C)C)cc4cccnc34)c2)c2ccc(S(C)(=O)=O)cc2)n1,9.7,0.2758620689655172,0.7567567567567568,5.514435291290283
PDE4D,active,2361974,CCn1ncc2c(NC3CCCCC3)c(C(=O)NCCCCNc3c4c(nc5cc(Cl)ccc35)CCCC4)cnc21,7.06,0.21,0.922077922077922,5.615696430206299
PDE4D,active,691178,COc1cccc(-c2cc(COc3cccc(Cl)c3)cc3cccnc23)c1,7.92,0.24,0.7407407407407407,5.498188495635986
PDE4D,active,520269,N#Cc1ccc(Oc2ccc3c(c2)COB3O)cc1,7.26,0.12,0.4285714285714285,5.498852729797363
PDE4D,active,2493232,COc1ccc(-c2ccc3c(c2)COC3=O)n2nc(C3(C(=O)OC4CCC4)CC3)nc12,8.1,0.2988505747126437,0.96875,5.542464256286621
PDE4D,active,691112,COc1cccc(-c2cc(C(C)(C)S(C)(=O)=O)cc3cccnc23)c1,8.03,0.2602739726027397,0.6727272727272727,5.492068767547607
PDE4D,active,601412,CCN(CC)C(=O)c1cccc(-c2cc3nccc(-c4ccc(OC(F)F)c(OCC5CC5)c4)n3n2)c1,7.17,0.21875,0.8571428571428571,5.551787853240967
PDE4D,active,1977245,COc1cccc2c1ncc1c(=O)n(-c3cccc(Cl)c3)c(=O)n(C3CCN(S(=O)(=O)CS(C)(=O)=O)CC3)c12,7.1,0.1914893617021276,0.8823529411764706,5.539443016052246
PDE4D,active,594388,COc1ccc(C2=NN(Cc3cccc(CN4CCOCC4)c3)C(=O)[C@@H]3CC=CC[C@H]23)cc1OC,8.85,0.2352941176470588,0.8813559322033898,5.5216498374938965
PDE4D,active,601860,FC(F)Oc1ccc(-c2ccnc3cc(-c4cccc(Br)c4)nn23)cc1OCC1CC1,7.89,0.2159090909090909,0.8253968253968254,5.530369758605957
PDE4D,active,2857857,CCOc1cc([C@H](Cc2c(Cl)c[n+]([O-])cc2Cl)OC(=O)c2ccc(CN[C@@](CO)(C(=O)O[C@H]3CN4CCC3CC4)c3ccccc3)s2)ccc1OC,9.4,0.188034188034188,0.2869565217391304,5.657092571258545
PDE4D,active,365916,CCc1nn(C2CCCC2)c2c1CCn1c(-c3cccs3)nnc1-2,7.89,0.1219512195121951,0.6610169491525424,5.53118371963501
PDE4D,active,602084,CC(C)Oc1cccc(-c2cc3nccc(-c4ccc(OC(F)F)c(OCC5CC5)c4)n3n2)c1,7.34,0.25,0.8656716417910447,5.535880088806152
PDE4D,active,594429,COc1ccc(C2=NN(Cc3ccc(CN4CCOCC4)cc3)C(=O)CC2)cc1OC,7.34,0.2857142857142857,0.6290322580645161,5.5114545822143555
PDE4D,active,2507751,COc1ccc(-c2ccc(C(=O)O)cc2)n2nc(C3CC3)nc12,7.0,0.2676056338028169,0.8163265306122449,5.486428260803223
PDE4D,active,346135,CC(=O)N(c1ccc(S(C)(=O)=O)cc1)C(C)c1cccc(-c2cc(C(C)(C)S(C)(=O)=O)cc3cccnc23)c1,8.17,0.2705882352941176,0.8382352941176471,5.562199115753174
PDE4D,active,458773,CCOc1cc([C@@H](CS(C)(=O)=O)N2C(=O)c3cccc(NC(C)=O)c3C2=O)ccc1OC,8.0,0.2,1.0,5.545963764190674
PDE4D,active,563539,COc1ccc(OC)c(-c2nnc3n2N=C(c2ccc(OC)c(O[C@@H]4CCOC4)c2)CS3)c1,8.72,0.3170731707317073,0.7377049180327869,5.534632205963135
PDE4D,active,1781811,COc1ccc(C(=O)Cc2c(Cl)cncc2Cl)c(OCC(=O)Nc2ccccc2)c1OC,9.0,0.3066666666666666,0.7796610169491526,5.511285305023193
PDE4D,active,3120548,O=C(c1nc2cccnn2c1-c1ccc2c(c1)OC(F)(F)O2)N1CCC1,7.6,0.1666666666666666,0.6551724137931034,5.515739917755127
PDE4D,active,346407,CC(C)NC(=O)N(Cc1cccc(-c2cc(C(C)(C)S(C)(=O)=O)cc3cccnc23)c1)c1ccc(S(C)(=O)=O)cc1,10.0,0.2555555555555555,0.8243243243243243,5.544113636016846
PDE4D,active,135196,COc1ccc(C2=NNC(=O)[C@@H]3CC=CC[C@H]23)cc1OC,7.07,0.2835820895522388,1.0,5.490720272064209
PDE4D,active,3172468,O=C(c1nc2cccnn2c1-c1cc(F)c(Cl)c(F)c1)N1CCC1,7.62,0.1645569620253164,0.8076923076923077,5.528038024902344
PDE4D,active,1162232,O=C(NC1CC1)c1cn(-c2cccc(-c3ccc([C@@H]4C[C@H]4C(=O)O)c(F)c3)c2)c2ncccc2c1=O,9.28,0.1914893617021276,1.0,5.572844982147217
PDE4D,active,2520712,COc1ccc(-c2ccc3c(c2)COC3=O)n2nc(C3(C(=O)NCC(C)C)CC3)nc12,9.17,0.2391304347826087,0.7638888888888888,5.530514717102051
PDE4D,active,2492997,COc1ccc(-c2ccc3c(c2)COC3=O)n2nc(C3(C(=O)O[C@@H]4CCOC4)CC3)nc12,7.77,0.2580645161290322,1.0,5.533843994140625
PDE4D,active,2755517,[11CH3]n1cc(Cc2ccc(OCF)c(-c3cccc(Cl)c3)n2)cn1,9.3,0.1666666666666666,0.5254237288135594,5.521753311157227
PDE4D,active,333273,CC(C)c1cc(-c2cccc(C(Cc3ccncc3)c3ccc(Cl)cc3)c2)c2ncccc2c1,7.42,0.2531645569620253,0.8,5.526576995849609
PDE4D,active,2990509,CC[C@@H](C)Nc1nc(N(C)CCC2CCOCC2)nc2c1[S@+]([O-])CC2,7.52,0.1063829787234042,1.0,5.561485290527344
PDE4D,active,3036093,CCNC(=O)c1nc2cccnn2c1-c1ccc(Cl)cc1,7.33,0.1688311688311688,0.7358490566037735,5.503149509429932
PDE4D,active,594381,COc1ccc(C2=NN(CCCCCNCC[C@@H](Oc3cccc4ccccc34)c3cccs3)C(=O)[C@@H]3CC=CC[C@H]23)cc1OC,7.35,0.2115384615384615,1.0,5.537827491760254
PDE4D,active,1781805,COc1ccc(C(=O)Cc2c(Cl)cncc2Cl)c(OCCCc2ccccc2)c1OC,7.35,0.28,0.903846153846154,5.503888130187988
PDE4D,active,2802996,O=C(NC1CC1)c1nc2cccnn2c1-c1cc(F)c(Cl)c(F)c1,8.33,0.2051282051282051,0.8148148148148148,5.495158672332764
PDE4D,active,333222,CC(C)NC(=O)/C(=C/c1cccc(-c2cc(C(C)(C)S(C)(=O)=O)cc3cccnc23)c1)c1ccc(S(C)(=O)=O)cc1,8.64,0.2873563218390804,0.821917808219178,5.542487144470215
PDE4D,active,2287262,NC(=O)Cc1ccc(Nc2cc(C(F)(F)F)nc(-c3cccc(Cl)c3)n2)cc1,8.1,0.1707317073170731,0.492063492063492,5.523150444030762
PDE4D,active,346164,Cc1cc(C(=O)N(Cc2cccc(-c3cc(C(C)(C)C#N)cc4cccnc34)c2)c2ccc(S(C)(=O)=O)cc2)no1,10.0,0.2268041237113402,0.782051282051282,5.536547660827637
PDE4D,active,241765,Nc1cc2c3c(c1)C(c1ccccc1)=N[C@@H](NC(=O)c1cccnc1)C(=O)N3CC2,7.05,0.1797752808988764,0.25,5.589495658874512
PDE4D,active,602085,C=CCOc1cccc(-c2cc3nccc(-c4ccc(OC(F)F)c(OCC5CC5)c4)n3n2)c1,7.5,0.2282608695652173,0.8115942028985508,5.565138816833496
PDE4D,active,1958558,O=C(O)[C@H]1CC[C@H](c2cc3cccnc3c(-c3cccc(Cl)c3)n2)CC1,7.52,0.4242424242424242,0.7735849056603774,5.497553825378418
PDE4D,active,1781812,COc1ccc(C(=O)Cc2c(Cl)cncc2Cl)c(OCC(=O)N(C)c2ccccc2)c1OC,7.21,0.2692307692307692,0.6949152542372882,5.512111663818359
PDE4D,active,1162141,CC(C)(Cc1ccc(-c2cccc(-n3cc(C(=O)NC4CC4)c(=O)c4cccnc43)c2)cc1)C(=O)O,9.06,0.1935483870967742,0.7534246575342466,5.540956974029541
PDE4D,active,136836,COc1ccc(C2=NNC(=O)C3CC=CCC23)cc1OC,8.2,0.2835820895522388,1.0,5.488786697387695
PDE4D,active,1431874,CSc1cccc(-c2nc(N3CCC(C(=O)O)CC3)cc3cccnc23)c1,7.29,0.3561643835616438,0.7413793103448276,5.496633052825928
PDE4D,active,1266546,CCOC(=O)c1c(NC(=O)Cc2cccs2)sc2c1CCN(C(=O)OCC)C2,7.66,0.1411764705882353,0.7666666666666667,5.545829772949219
PDE4D,active,601717,COc1ccc(-c2ccnc3cc(-c4ccccc4)nn23)cc1OC1CCCC1,7.16,0.4057971014492754,0.8490566037735849,5.512479782104492
PDE4D,active,308072,Cn1nc(-c2ccc(C(N)=O)cc2)s/c1=N\C1CCCCC1,7.21,0.2253521126760563,0.7843137254901961,5.4968438148498535
PDE4D,active,2848135,COc1c(OCC2CC2)cc2oc3cc4c(c(OCc5ccncc5)c3c(=O)c2c1CC=C(C)C)C=CC(C)(C)O4,8.46,0.2156862745098039,0.868421052631579,5.614656448364258
PDE4D,active,706900,CC1(C)CCc2c(N3CCOCC3)nc3sc4c(N(CCO)CCN5CCOCC5)ncnc4c3c2C1,8.74,0.1057692307692307,0.7837837837837838,5.569530963897705
PDE4D,active,189005,CCOC(=O)c1c(NC(=O)Cc2ccccc2)sc2c1CCN(C(=O)OCC)C2,7.0,0.144578313253012,0.8305084745762712,5.547484397888184
PDE4D,active,1781813,COc1ccc(C(=O)Cc2c(Cl)cncc2Cl)c(OCC(=O)NCCO)c1OC,7.77,0.2933333333333333,0.8545454545454545,5.5397796630859375
PDE4D,active,2848478,C[C@@H]1COCCN1c1cc(N2CCOC[C@@H]2C)cc2sc(-c3cc[nH]n3)nc12,7.38,0.1136363636363636,0.1851851851851851,5.511927127838135
PDE4D,active,2271783,CC(C)=C[C@H]1Oc2cc(O)ccc2-c2oc3c4c(cc(O)c3c(=O)c21)OC(C)(C)C=C4,8.27,0.1134020618556701,0.6231884057971014,5.582219123840332
PDE4D,active,1177344,CC1(C)CCc2c(N3CCOCC3)nc3oc4c(NCCN5CCOCC5)ncnc4c3c2C1,8.03,0.1224489795918367,0.8181818181818182,5.5585432052612305
PDE4D,active,2926797,COc1ccc(C(=O)Cn2ccc3ncccc32)c2cc(C3CC3)oc12,7.74,0.2352941176470588,0.6363636363636364,5.504755020141602
PDE4D,active,2155246,COc1cccc2c1ncc1c(=O)n(-c3cccc(Cl)c3)c(=O)n(C3CCC(NS(C)(=O)=O)CC3)c12,7.14,0.2111111111111111,0.7361111111111112,5.538330078125
PDE4D,active,706537,CC1(C)CCc2c(N3CCOCC3)nc3sc4c(NCc5cccnc5)ncnc4c3c2C1,7.5,0.1057692307692307,0.8333333333333334,5.540963649749756
PDE4D,active,601197,CC(C)(C)NC(=O)c1cccc(-c2cc3nccc(-c4ccc(OC(F)F)c(OCC5CC5)c4)n3n2)c1,7.36,0.2222222222222222,0.821917808219178,5.545027256011963
PDE4D,active,2518308,COc1ccc(-c2ccc3c(c2)CCC3=O)n2nc(C3CC3)nc12,7.85,0.2361111111111111,0.75,5.509518623352051
PDE4D,active,1782000,CCc1nc(Nc2ccc(CC#N)cc2)nc(-c2cccc(Cl)c2)n1,8.15,0.1666666666666666,0.7692307692307693,5.505438327789307
PDE4D,active,601127,CC(C)OC(=O)c1cccc(-c2cc3nccc(-c4ccc(OC(F)F)c(OCC5CC5)c4)n3n2)c1,7.4,0.2150537634408602,0.855072463768116,5.541830539703369
PDE4D,active,600976,CC(=O)Oc1cccc(-c2cc3nccc(-c4ccc(OC(F)F)c(OCC5CC5)c4)n3n2)c1,7.75,0.2417582417582417,0.8656716417910447,5.541519641876221
PDE4D,active,266287,N#Cc1cccc(-c2nc(-c3ccc(C(=O)O)cc3)cc3cccnc23)c1,8.4,0.6607142857142857,0.7115384615384616,5.495687484741211
PDE4D,active,2260172,COc1ccc2c(N[C@@H](C)Cc3cc(C)[nH]n3)ncnc2c1OC,7.58,0.1772151898734177,0.2361111111111111,5.47967529296875
PDE4D,active,2097555,O=C(Nc1cccnc1)c1ccc(OC(F)F)c(OCC2CC2)c1,7.15,0.3472222222222222,0.7241379310344828,5.518603324890137
PDE4D,active,298567,COc1ccc(Cn2cnc(N)c3nc(C(C)(C)COc4ccc(C(N)=O)cc4)nc2-3)cc1OC1CCCC1,8.31,0.3536585365853658,0.8904109589041096,5.525210857391357
PDE4D,active,602022,Fc1cccc(-c2cc3nccc(-c4ccc(OC(F)F)c(OCC5CC5)c4)n3n2)c1,7.0,0.2183908045977011,0.8387096774193549,5.559792995452881
PDE4D,active,1788143,O=C(Nc1c(Cl)cncc1Cl)c1ccc(OC(F)F)c(OCCCN[C@H]2CCOC2=O)c1,7.32,0.4533333333333333,1.0,5.545310020446777
PDE4D,active,594457,COc1ccc(C2=NN(Cc3ccc(CN4CCCCC4)cc3)C(=O)[C@@H]3CC=CC[C@H]23)cc1OC,8.09,0.2592592592592592,0.8421052631578947,5.53242301940918
PDE4D,active,197090,CCOc1ccc(-c2nc(-c3cccc(C(=O)O)n3)cs2)cc1OCC,7.16,0.2236842105263158,0.2619047619047619,5.563734531402588
PDE4D,active,704752,CC1(C)Cc2c(c(N3CCOCC3)nc3sc4c(N(CCN5CCOCC5)Cc5cccnc5)ncnc4c23)CO1,7.72,0.0990990990990991,0.7407407407407407,5.580089092254639
PDE4D,active,3282833,O=C(c1nc2cccnn2c1-c1ccc2ccnn2c1)N1CCC1,7.19,0.1625,0.6545454545454545,5.510778427124023
PDE4D,active,601719,COc1ccc(-c2ccnc3cc(-c4ccccc4OC)nn23)cc1OC1CCCC1,7.16,0.3888888888888889,0.8363636363636363,5.511371612548828
PDE4D,active,601198,CN(C)C(=O)c1cccc(-c2cc3nccc(-c4ccc(OC(F)F)c(OCC5CC5)c4)n3n2)c1,7.64,0.2150537634408602,0.8571428571428571,5.538697719573975
PDE4D,active,2559459,CCOc1cc2c(cc1OC)CCN(C=O)[C@H]2Cc1c[nH]c2ccccc12,7.38,0.2247191011235955,1.0,5.539344787597656
PDE4D,active,3052304,O=C(c1nc2cccnn2c1-c1ccc(Cl)c(F)c1)N1CCC1,7.76,0.175,0.8235294117647058,5.519869327545166
PDE4D,active,2341075,O=C(O)C1CCC(c2cc3cccnc3c(-c3cccc(F)c3)n2)CC1,7.5,0.4242424242424242,1.0,5.483248233795166
PDE4D,active,3029526,[O-][S@@+]1CCc2nc(N3CC(c4ccccn4)C3)nc(NC34CC(C3)C4)c21,7.52,0.1235955056179775,0.5138888888888888,5.5518693923950195
PDE4D,active,2386659,COc1c(OCCCCCCN2CCCC2)cc2oc3cc4c(c(O)c3c(=O)c2c1CC=C(C)C)C=CC(C)(C)O4,7.0,0.1509433962264151,0.7721518987341772,5.596285343170166
PDE4D,active,2503906,COc1ccc(-c2cccc(C#N)c2)n2nc(C3(CCO)CC3)nc12,7.0,0.2142857142857142,0.8947368421052632,5.510450839996338
PDE4D,active,2542221,CCOC(=O)/C=C/COc1c2c(cc3oc4cc(OCc5cccc(F)c5)c(OC)c(CC=C(C)C)c4c(=O)c13)OC(C)(C)C=C2,8.19,0.135593220338983,0.875,5.5774641036987305
PDE4D,active,1782002,CCc1nc(Nc2ccc(Cc3nnn[nH]3)cc2)nc(-c2cccc(Cl)c2)n1,7.2,0.1555555555555555,0.639344262295082,5.524965286254883
PDE4D,active,3030088,O=C(NC1CC1)c1nc2cccnn2c1-c1cc(F)c(Cl)cc1F,7.39,0.2,0.8,5.5308027267456055
PDE4D,active,1177350,CCN(C)c1nc2oc3c(NCCN4CCOCC4)ncnc3c2c2c1CCC(C)(C)C2,7.85,0.1067961165048543,0.7714285714285715,5.556747913360596
PDE4D,active,298640,COc1ccc(Cn2cnc(N)c3nc(C(C)(C)COc4ccc(C#N)cc4)nc2-3)cc1OC1CCCC1,7.71,0.2921348314606741,0.8695652173913043,5.516128063201904
PDE4D,active,3056574,CN(CCC1CCOCC1)c1nc2c(c(NC3(C)CCC3)n1)[S@+]([O-])CC2,7.52,0.1304347826086956,0.9272727272727272,5.615273952484131
PDE4D,active,458470,COc1ccc(C2=NN(CCCCCBr)C(=O)[C@@H]3CC=CC[C@H]23)cc1OC,8.7,0.2597402597402597,1.0,5.508502960205078
PDE4D,active,2330648,CNc1cc(Nc2c(F)c(F)cc(F)c2F)nn2c(C(=O)NC[C@](C)(O)CO)cnc12,7.89,0.1348314606741573,0.7164179104477612,5.55319356918335
PDE4D,active,2098119,O=C(Nc1ccccc1Cl)c1ccc(OC(F)F)c(OCC2CC2)c1,7.41,0.3571428571428571,0.7142857142857143,5.5358805656433105
PDE4D,active,602083,CCOc1cccc(-c2cc3nccc(-c4ccc(OC(F)F)c(OCC5CC5)c4)n3n2)c1,7.32,0.2840909090909091,0.8615384615384616,5.574390888214111
PDE4D,active,3035588,CC(C)CNc1nc(N(C)CCC2CCOCC2)nc2c1[S@+]([O-])CC2,7.52,0.1034482758620689,0.7894736842105263,5.564632415771484
PDE4D,active,2097084,O=C(Nc1ccccc1Cl)c1ccc(OC(F)F)c(OC2CCCC2)c1,7.66,0.5245901639344263,0.7142857142857143,5.519547939300537
PDE4D,active,346147,CC(c1cccc(-c2cc(C(C)(C)S(C)(=O)=O)cc3cccnc23)c1)N(C(=O)C1CC1)c1ccc(S(C)(=O)=O)cc1,8.85,0.2555555555555555,0.8142857142857143,5.553901672363281
PDE4D,active,1431869,COc1cccc(-c2nc(N3CCC(C(=O)O)CC3)cc3cccnc23)c1,7.35,0.3561643835616438,0.7833333333333333,5.497701644897461
PDE4D,active,2335498,O=C(Nc1c(Cl)c[n+]([O-])cc1Cl)c1ccc(OC(F)F)c2oc3ccncc3c12,8.57,0.2875,0.3544303797468354,5.514717102050781
PDE4D,active,690134,N#CCCc1ccc(OCc2cc(-c3cccc(OC(F)F)c3)c3ncccc3c2)cc1,9.05,0.2439024390243902,0.8032786885245902,5.529510021209717
PDE4D,active,2922506,CCOc1nc(Cl)cc2c1cnn2C1CCOCC1,7.03,0.2077922077922078,0.5272727272727272,5.547863960266113
PDE4D,active,2878327,COc1cc2oc3cc4c(c(OCc5ccncc5)c3c(=O)c2c(CC=C(C)C)c1OC)C=CC(C)(C)O4,7.93,0.16,0.9558823529411764,5.596065521240234
PDE4D,active,1976558,CCc1[nH]c(=O)c(Cc2ccc3oc4ccccc4c3c2)c2cc(OC)c(OC)cc12,9.05,0.1951219512195122,0.515625,5.531675815582275
PDE4D,active,365881,CCc1nn(C2CCCC2)c2c1CCn1c-2nnc1C(C)(C)C,8.05,0.1058823529411764,0.6428571428571429,5.450199127197266
PDE4D,active,1958559,N#Cc1cccc(-c2nc(N3CCC(C(N)=O)CC3)cc3cccnc23)c1,8.1,0.3333333333333333,0.8421052631578947,5.504693508148193
PDE4D,active,2874881,COc1c(OCc2ccncc2)cc2oc3cc4c(c(OCc5ccncc5)c3c(=O)c2c1CC=C(C)C)C=CC(C)(C)O4,7.97,0.1584158415841584,0.9558823529411764,5.627657890319824
PDE4D,active,1781810,COc1ccc(C(=O)Cc2c(Cl)cncc2Cl)c(OCC(=O)NCc2ccccc2)c1OC,8.52,0.2857142857142857,0.7796610169491526,5.523077487945557
PDE4D,active,1431875,COc1cccc(-c2nc([C@H]3CC[C@H](C(=O)O)CC3)cc3cccnc23)c1,7.19,0.4057971014492754,0.7758620689655172,5.529962062835693
PDE4D,active,2983288,O=C(c1nc2cccnn2c1-c1ccc(Cl)c(Cl)c1)N1CCC1,7.4,0.1794871794871795,0.84,5.5089874267578125
PDE4D,active,560049,COc1ccc(OC)c(-c2nnc3ccc(-c4ccc(OC)c(O[C@@H]5CCOC5)c4)nn23)c1,8.68,0.3048780487804878,0.6027397260273972,5.527561187744141
PDE4D,reference,4872,COc1ccc(C2CNC(=O)C2)cc1OC1CCCC1,7.5,1.0,0.4067796610169492,5.4926981925964355
PDE4D,reference,63401,COc1ccc(C(=O)Nc2c(Cl)cncc2Cl)cc1OC1CCCC1,10.7,1.0,0.8,5.504885673522949
PDE4D,reference,120796,COc1ccc(C2=NOC(C(=O)NO)C2)cc1OC1CCCC1,8.57,1.0,0.6065573770491803,5.511267185211182
PDE4D,reference,147567,COc1ccc(C(=O)NC(C)C(=O)NO)cc1OC1CCCC1,7.7,1.0,0.6415094339622641,5.502113342285156
PDE4D,reference,147661,COc1ccc(C2=NOC(C)(C(=O)NO)C2)cc1OC1CCCC1,8.0,1.0,0.6065573770491803,5.517839431762695
PDE4D,reference,147722,COc1ccc(C(=O)NCC(=O)NO)cc1OC1CCCC1,7.81,1.0,0.6415094339622641,5.502205848693848
PDE4D,reference,159825,COc1cc2c(-c3cc(OCC4CC4)cc(OCC4CC4)c3)nc(OCCO)nc2cc1OCCO,7.05,1.0,0.9056603773584906,5.582211971282959
PDE4D,reference,159887,CCOc1nc(-c2cc(OCC3CC3)cc(OCC3CC3)c2)c2cc(OC)c(OCCO)cc2n1,7.22,1.0,0.9056603773584906,5.606697082519531
PDE4D,reference,159917,CCc1nc(-c2cc(OCC3CC3)cc(OCC3CC3)c2)c2cc(OC)c(OCCO)cc2n1,7.66,1.0,0.7857142857142857,5.573564529418945
PDE4D,reference,121935,O=C(O)c1ccc(-c2cc3cccnc3c(-c3cccc([N+](=O)[O-])c3)n2)cc1,9.0,1.0,0.8125,5.531356334686279
PDE4D,negative,289666,CCOP(=O)(c1ccccc1)N1Cc2ccccc2CC1C(=O)NO,,0.2236842105263158,,5.590994834899902
PDE4D,negative,707199,CC(C)Oc1ccc(CCCn2ncc3c2nc(N)n2nc(-c4ccco4)nc32)cc1,,0.1020408163265306,,5.534780502319336
PDE4D,negative,1068958,CC(C)(C)CC(=O)Nc1ccc(C(=O)Nc2nccs2)cc1Cl,,0.2602739726027397,,5.500940799713135
PDE4D,negative,409590,O=S(=O)(c1ccc(/C=C/c2ccc(F)cc2Cl)nc1)c1ccccc1F,,0.125,,5.546911239624023
PDE4D,negative,7321,C=CCN1CCC2c3cccc(OC)c3CC[C@H]21,,0.1971830985915492,,5.554880619049072
PDE4D,negative,712934,CN(Cc1ccccc1)C1CCC(c2c[nH]c3ccc(C#N)cc23)C1,,0.1538461538461538,,5.5631632804870605
PDE4D,negative,3019671,O=c1c2cnccc2ccn1CCN1CCN(c2nsc3ccccc23)CC1,,0.0963855421686747,,5.527998447418213
PDE4D,negative,3234464,C[C@H](Nc1nc(C(=O)N2CC[C@H](F)C2)c2sccc2n1)c1ccccn1,,0.146067415730337,,5.575045585632324
PDE4D,negative,676157,Br.COc1ccc([C@H]2C[C@@H]2CN2CCN(c3ccc(Cl)cc3Cl)CC2)cc1,,0.1805555555555555,,5.509664535522461
PDE4D,negative,183892,CN(C)C[C@H]1C2CCC(CC2)[C@@H]1c1cccc(Cl)c1,,0.1594202898550724,,5.5051469802856445
PDE4D,negative,244263,OC1c2ccccc2CCC12CCN(CCc1ccccc1)CC2,,0.0987654320987654,,5.530795097351074
PDE4D,negative,2782247,COc1cccc2c1CCCC2NS(=O)(=O)NC(=O)OCc1ccccc1,,0.2337662337662337,,5.520474433898926
PDE4D,negative,2731144,Nc1nc2c(cnn2CCc2ccc(OCCCCCC(=O)NO)cc2)c2nc(-c3ccco3)nn12,,0.1443298969072164,,5.580974578857422
PDE4D,negative,2982722,O=c1ccc2ccc(CCCCCN3CCN(c4cccc5sccc45)CC3)cc2[nH]1,,0.1325301204819277,,5.5088887214660645
PDE4D,negative,2973627,C[C@H](Nc1nc(C(=O)N2CC[C@H](NC(=O)OC(C)(C)C)C2)c2sccc2n1)c1cccnc1,,0.15,,5.5523481369018555
PDE4D,negative,1750035,C=CCN1CCC[C@H]1CNC(=O)c1cc(CCCSC2CC(=O)N(CCCCCC(=O)N[C@@H](Cc3cnc[nH]3)C(=O)N[C@@H](C)C(=O)N[C@H](C(=O)N[C@@H](Cc3ccc(O)cc3)C(=O)N3CCC[C@H]3C(=O)N[C@@H](CCCNC(=N)N)C(=O)N[C@@H](Cc3cnc[nH]3)C(=O)O)[C@@H](C)CC)C2=O)cc(OC)c1OC,,0.1607142857142857,,5.894733428955078
PDE4D,negative,2073283,Cn1c(SCCCN2CC3CCN(c4ccccc4OC(F)(F)F)C3C2)nnc1-c1cnccn1,,0.1274509803921568,,5.524327278137207
PDE4D,negative,6059,Cc1ccc(OC2CCN(CCN3CCCc4ccccc4C3=O)CC2)cc1,,0.1973684210526315,,5.5066609382629395
PDE4D,negative,1347150,C[C@H](COc1ccc(-c2cn[nH]c(=O)c2)cc1)CN1CCC[C@H]1C,,0.1818181818181818,,5.491518974304199
PDE4D,negative,2286053,COc1ccc(N2CCN(CCn3c(=O)n(C)c4c3nc(N)n3nc(-c5ccco5)nc43)CC2)cn1,,0.134020618556701,,5.540213108062744
PDE4D,negative,2990749,CC1(C)CN(CCc2nc3c4ccc5c(c4nc(N)n3n2)OC(F)(F)O5)C1,,0.0957446808510638,,5.53814697265625
PDE4D,negative,2566238,COc1ccc(F)cc1C1CC1CNCCCCOc1ccc2ccc(=O)[nH]c2c1,,0.225,,5.484376430511475
PDE4D,negative,3252532,CNC[C@H](c1ccc2ccccc2c1)[C@H](OCc1cccc(=O)n1C)c1ccccc1,,0.1294117647058823,,5.513408184051514
PDE4D,negative,113200,CC(C)C[C@H](CC(=O)NO)C(=O)N[C@@H](Cc1c[nH]c2ccccc12)C(=O)NC1CCCC1,,0.275,,5.531023979187012
PDE4D,negative,77756,CCC(O)(C#Cc1nc(N)c2nc(-c3cccc(F)c3)n(C)c2n1)CC,,0.1411764705882353,,5.486927032470703
PDE4D,negative,145355,COc1ccc(S(=O)(=O)N2CCCN(C(=O)N[C@@H](C)c3ccccc3)CC2C(=O)NO)cc1,,0.2345679012345679,,5.538421154022217
PDE4D,negative,2529300,CC(=O)N(C)c1ccc(OCCCN2CCC(c3noc4cc(F)ccc34)CC2)cc1,,0.1595744680851064,,5.5138678550720215
PDE4D,negative,3018084,Nc1nc2c(O)cccc2c2nc([C@H]3CCC[C@H](CCC(F)(F)F)C3)nn12,,0.1182795698924731,,5.546376705169678
PDE4D,negative,189239,O=C(/C=C/c1ccc(O)cc1)NCCc1ccccc1,,0.1492537313432835,,5.515463352203369
PDE4D,negative,365778,CCCC(c1ccc(Cl)c(Cl)c1)C1CCCCN1,,0.1830985915492957,,5.502048015594482
PDE4D,negative,632147,c1ccc(C(Cc2ccccc2OC2CC2)N2CCNCC2)cc1,,0.1940298507462686,,5.491664886474609
PDE4D,negative,631568,Cc1c(-c2ccc(Cl)cc2)noc1-c1ccc2cc(CCN3CCC[C@H]3C)ccc2n1,,0.1473684210526315,,5.53140115737915
PDE4D,negative,543337,Cc1nc2cc(C(=O)CCC3CCN(Cc4ccccc4)CC3)ccc2[nH]1.Cl,,0.1927710843373494,,5.4974188804626465
PDE4D,negative,3108298,O=S(=O)(N[C@H]1CC[C@H](CCN2CCN(c3nsc4ccccc34)CC2)CC1)c1cc2ccccc2o1,,0.1326530612244898,,5.602497100830078
PDE4D,negative,1997762,O=C(C[C@@H]1COCCO1)N[C@H]1CC[C@H](CCN2CCC(c3cccc4c3OCO4)CC2)CC1,,0.1326530612244898,,5.541591167449951
PDE4D,negative,1588152,Cc1cc(N2CC[C@H](N3CCC[C@@H]3C)C2)ccc1NC(=O)C1CCOCC1,,0.188235294117647,,5.551740646362305
PDE4D,negative,62734,Cc1cc2c(cc1I)N(C(=O)Nc1cccnc1)CC2,,0.1794871794871795,,5.524484157562256
PDE4D,negative,208160,COc1ccccc1OCCNCCCc1c[nH]c2ccc(F)cc12,,0.1842105263157894,,5.546751976013184
PDE4D,negative,1566838,COc1ccc(Nc2nc(Cc3ccccc3)nc3c2CCNCC3)cc1.Cl,,0.1379310344827586,,5.498388290405273
PDE4D,negative,2503599,CCOC(=O)c1c(C)nc(N2CCN(S(=O)(=O)c3ccc(NC(C)=O)c(OC)c3)CC2)nc1-c1ccc(OC)cc1,,0.2142857142857142,,5.580670356750488
PDE4D,negative,1975507,Cc1cnc(N2CCN(CC[C@H]3CC[C@H](NC(=O)C4CCOCC4)CC3)CC2)c2c1OCC2,,0.1382978723404255,,5.562652111053467
PDE4D,negative,2285255,Cn1c(=O)n(CCN2CCN(c3ccc(C#N)c(F)c3)CC2)c2nc(N)n3nc(-c4ccco4)nc3c21,,0.1078431372549019,,5.551415920257568
PDE4D,negative,1622319,CCCCC#Cc1nc(N)c2ncn([C@H]3[C@H](O)[C@H](O)[C@@H]4C[C@@H]43)c2n1,,0.1333333333333333,,5.543303489685059
PDE4D,negative,2968958,Nc1ccc(-c2ccc3c(c2)CNCC3c2ccc(F)cc2)nn1,,0.136986301369863,,5.50162935256958
PDE4D,negative,119565,CNC(=O)Oc1ccc2c(c1)[C@]1(C)CCNC1N2C,,0.1875,,5.518393039703369
PDE4D,negative,3045540,COc1cc(OCCCN2CCC[C@H](C)C2)ccc1-n1c(C)nc2ccc(S(F)(F)(F)(F)F)cc2c1=O,,0.2061855670103092,,5.543756484985352
PDE4D,negative,453214,CNC(C)c1cc(C)ccc1Oc1ccc(Cl)c(Cl)c1,,0.1714285714285714,,5.494576454162598
PDE4D,negative,2810767,C[C@H]1CO[C@@H](c2ccc(N)nc2)CN1CCC1CCC(CNC(=O)c2cc3ccccc3[nH]2)C1,,0.1818181818181818,,5.530170917510986
PDE4D,negative,1179764,Cn1nc(-c2ccc(OCCCN3CCCC3)cc2)c2ccccc2c1=O,,0.1625,,5.515106201171875
PDE4D,negative,583030,CC(NC1CCC1)C(=O)c1cccc(Cl)c1,,0.2903225806451613,,5.502293109893799
PDE4D,negative,715681,Cc1ccc2c(N3CCN(CCc4c(C)ccc5c4ccc(=O)n5C)[C@H](C)C3)cccc2n1,,0.1145833333333333,,5.553370475769043
PDE4D,negative,630280,O=C(CCC1CCN(Cc2ccccc2)CC1)c1ccc2c(c1)CCCN2,,0.175,,5.4810967445373535
PDE4D,negative,2511912,CNC(=O)[C@H](CCCNC(=N)N)NC(=O)[C@@H]1Cc2ccc(cc2)OCCC[C@H](C(=O)NO)[C@@H](CC(C)C)C(=O)N1,,0.202020202020202,,5.565542221069336
PDE4D,negative,257910,COc1ccc2c(c1)C(=O)C(C)C2,,0.2321428571428571,,5.5475006103515625
PDE4D,negative,1164140,CCCCn1cc(CCCOc2ccc(CN3CCN(c4ccccc4OC)CC3)cc2OC)nn1,,0.2065217391304347,,5.474147319793701
PDE4D,negative,347203,CC(C)(C)CN(Cc1ccccc1C(F)(F)F)C1CCNCC1.O=C(O)/C=C/C(=O)O,,0.1392405063291139,,5.570998191833496
PDE4D,negative,2394562,O=C(NO)[C@@]1(NS(=O)(=O)c2ccc(Oc3ccc(F)cc3)cc2)C[C@H]2CC[C@@H](C1)O2,,0.2151898734177215,,5.577600955963135
PDE4D,negative,2955675,C=CCN1C[C@H](OC(=O)Nc2ccccc2C)C[C@H]1CNC(=O)c1cc(CCCF)cc(OC)c1OC,,0.2061855670103092,,5.509820461273193
PDE4D,negative,1074083,CN1CCN(CC2(c3ccc(Cl)c(Cl)c3)CCCCC2)CC1,,0.1388888888888889,,5.502706527709961
PDE4D,negative,1179828,C[C@@H]1CCCN1CCCOc1ccc(-c2nn(Cc3ccc(Cl)cc3)c(=O)c3ccccc23)cc1,,0.1612903225806451,,5.5051727294921875
PDE4D,negative,3119780,N#Cc1ccc(-c2nc3c(N4CCNC(=O)C4)nccn3c2-c2ccc3[nH]c(=O)[nH]c3c2)cc1,,0.1397849462365591,,5.519589424133301
PDE4D,negative,292963,CN1CCN(C2=Cn3cccc3Sc3ccccc32)CC1,,0.0694444444444444,,5.5196075439453125
PDE4D,negative,1346186,C[C@@H]1CCCN1CCCOc1ccc(C(=O)CN2CCN(C(=O)c3ccco3)CC2)cc1,,0.1744186046511628,,5.520474910736084
PDE4D,negative,582460,CCC(=O)N(Cc1ccc2ccccc2c1)[C@@H]1CCNC1,,0.1643835616438356,,5.532318592071533
PDE4D,negative,580408,CNC[C@H](O)[C@H](c1ccccc1)n1ccc2cc(Cl)ccc21,,0.1139240506329113,,5.524440288543701
PDE4D,negative,3074775,CCc1ncc2c(n1)CCN(CCN1CCN(c3nsc4ccccc34)CC1)C2=O,,0.1612903225806451,,5.5147175788879395
PDE4D,negative,350387,CC(C)NC(=O)N1CCc2ccc(OCCCN3CCCCC3)cc2CC1,,0.2,,5.585433006286621
PDE4D,negative,3068571,Cn1cc(-c2nc(N)n3nc(Cc4ncccc4F)nc3c2-c2ccc(=O)n(C)c2)cn1,,0.1505376344086021,,5.508940696716309
PDE4D,negative,288042,COC(=O)[C@@H]1C2CCC(C[C@@H]1c1ccc(/C=C\I)cc1)N2,,0.1944444444444444,,5.5137128829956055
PDE4D,negative,1785660,CN1Cc2ccccc2C(c2ccc3ccoc3c2)C1,,0.1267605633802817,,5.494887828826904
PDE4D,negative,97291,CCO[P@@](=O)(c1ccc(OC)cc1)N1Cc2ccccc2C[C@@H]1C(=O)NO,,0.240506329113924,,5.583970069885254
PDE4D,negative,327308,COc1ccccc1N1CCN(CCCCNS(=O)(=O)c2ccc(F)cc2)CC1,,0.1666666666666666,,5.545733451843262
PDE4D,negative,3171197,COc1cc2nc(N)n3nc([C@@H]4CCCN(c5cn(CC(C)(C)O)nc5C5CC5)C4)nc3c2cc1F,,0.2121212121212121,,5.5883307456970215
PDE4D,negative,3034385,O=C(Nc1cc2ccccc2s1)N[C@H]1CC[C@H](CCN2CCN(c3nsc4ccccc34)CC2)CC1,,0.1458333333333333,,5.538740634918213
PDE4D,negative,1144124,CCN(CC)CC.CCN(CC)CC.N=c1ccc2c(-c3ccc(C(=O)NCCNC(=O)COc4ccc(CCCn5ncc6c5nc(N)n5nc(-c7ccco7)nc65)cc4)cc3C(=O)O)c3ccc(N)c(S(=O)(=O)O)c3oc-2c1S(=O)(=O)O,,0.1313868613138686,,5.778331279754639
PDE4D,negative,1612169,CN1CCc2c(c3cccc4c3n2-c2ccccc2CC4)C1,,0.0833333333333333,,5.511353969573975
PDE4D,negative,632470,C[C@@H]1CCCN1CCc1ccc2nc(-c3ccsc3)ccc2c1,,0.1529411764705882,,5.502211570739746
PDE4D,negative,236655,CCC1=CC2Cc3nc4cc(F)cc(F)c4c(N)c3C(C1)C2,,0.1547619047619047,,5.5093793869018555
PDE4D,negative,330322,CC(=O)N1CCC(C)c2c(C)ccc(CCN3CCN(c4noc5ccccc45)CC3)c21,,0.1354166666666666,,5.5644307136535645
PDE4D,negative,3114737,Cc1cc(Oc2ccccc2)nc(N2CCC3(CC2)CNCCO3)n1,,0.125,,5.585772514343262
PDE4D,negative,2804390,COc1ccc(S(=O)(=O)N2CCCC(C)(C)CC2C(=O)NO)cc1,,0.2368421052631578,,5.52679443359375
PDE4D,negative,2797941,CN(CC(=O)NCc1ccccc1)C(=O)CCCN1CCN(c2cccc(Cl)c2Cl)CC1,,0.1395348837209302,,5.5630412101745605
PDE4D,negative,1950743,COc1ccc(CNCCc2cc(OC)c(Br)cc2OC)c(OC)c1,,0.1940298507462686,,5.4821295738220215
PDE4D,negative,210151,COc1ccccc1N1CCN(CCCCNC(=O)/C=C/c2ccc(OCc3ccccc3)cc2)CC1,,0.1976744186046511,,5.53071403503418
PDE4D,negative,2790912,O=C1[C@@H]2Cc3c([nH]c4ccccc34)[C@@H](c3ccc4c(c3)OCO4)N2C(=O)CN1CCC1CCN(Cc2ccccc2)CC1,,0.1546391752577319,,5.528866291046143
PDE4D,negative,516778,COCCN(C)c1cccc(-c2cc(NC(C)=O)nc(-n3nc(C)cc3C)n2)n1,,0.1590909090909091,,5.543210029602051
PDE4D,negative,1068957,Cc1cc(C(=O)Nc2nccs2)ccc1NC(=O)CC(C)(C)C,,0.2222222222222222,,5.465690612792969
PDE4D,negative,685856,COC(=O)[C@@H]1C2CCC(C[C@@H]1c1ccc(Br)cc1)N2C/C=C/CF,,0.2077922077922078,,5.542975425720215
PDE4D,negative,200918,COc1ccc(S(=O)(=O)NC(CC(C)C)C(=O)NO)cc1,,0.265625,,5.5029296875
PDE4D,negative,2758548,COc1ccccc1N1CCN(CCCCCNc2nc(N)nc(N)n2)CC1,,0.1604938271604938,,5.526628494262695
PDE4D,negative,313449,COc1cc2c(cc1OC)SC(C(=O)CCc1cc[n+](Cc3ccccc3)cc1)C2,,0.2207792207792207,,5.526881694793701
PDE4D,negative,603873,COc1ccc(NC(=O)Nc2cc(C(F)(F)F)cc(C(F)(F)F)c2)cc1-c1c(Br)cnn1C,,0.2278481012658227,,5.528842926025391
PDE4D,negative,3033573,CC(=O)Nc1nc2c(CCN3CCN(c4cccc5sccc45)CC3)cccc2s1,,0.1208791208791208,,5.549943923950195
PDE4D,negative,328686,CCCN(CCC)[C@H]1CCn2nccc2C1,,0.1388888888888889,,5.516743183135986
PDE4D,negative,2128126,O=C(Nc1ccccc1)N[C@H]1CC[C@H](CCN2CCN(c3nsc4ccccc34)CC2)CC1,,0.1428571428571428,,5.53875207901001
PDE4D,negative,1980446,C[C@@H](O)[C@@H]1NC(=O)[C@H](CCCCN)NC(=O)[C@@H](Cc2c[nH]c3ccccc23)NC(=O)[C@H](Cc2ccccc2)NC(=O)[C@H](Cc2ccccc2)NC(=O)[C@H](CCCNC(=N)N)NC(=O)[C@H](NCCCCC[C@@H]2C[C@@H]3c4cccc5[nH]cc(c45)C[C@H]3N(C)C2)CCCCNC(=O)[C@H](Cc2ccc(F)cc2)NC1=O,,0.1386861313868613,,5.70655632019043
PDE4D,negative,2286792,c1ccc2c(NCCCCCSSCCCCCNc3c4c(nc5ccccc35)CCCC4)c3c(nc2c1)CCCC3,,0.1097560975609756,,5.563991546630859
PDE4D,negative,582443,CC(C)CN(C(=O)c1ccc2ccccc2c1)[C@@H]1CCNC1,,0.2083333333333333,,5.535569190979004
PDE4D,negative,123379,Clc1ccc(Cl)c(-c2cc(Cl)cc3c2N2CCNCCC2C3)c1,,0.1408450704225352,,5.496756076812744
PDE4D,negative,454401,O=C(OCCCF)C1C2CCC(CC1c1cccc(/C=C\Br)c1)N2,,0.1395348837209302,,5.515371799468994
PDE4D,negative,2864409,CCc1cc(Cl)c(OC)c(N2CCN(CC[C@H]3CC[C@H](NC(=O)OC(C)(C)C)CC3)CC2)c1,,0.1976744186046511,,5.54871940612793
PDE4D,negative,196415,O=c1ccc2ccc(OCCCN3CCN(c4ccccc4)CC3)cc2o1,,0.119047619047619,,5.486853122711182
PDE4D,negative,119185,CNC(=O)[C@H](NC(=O)[C@H](CC(C)C)[C@@H](CN1C(=O)c2ccccc2C1=O)C(=O)NO)C(C)(C)C,,0.1923076923076923,,5.522790908813477
PDE4D,negative,210745,COc1ccccc1N1CCN(CCCCNC(=O)c2cc3ccccc3cn2)CC1.O=C(O)C(=O)O,,0.2195121951219512,,5.589283466339111
PDE4D,negative,2009980,Cc1ccc(C(=O)N[C@H]2CC[C@H](CCN3CCC(c4coc5ccccc45)CC3)CC2)cn1,,0.1758241758241758,,5.543152332305908
PDE4D,negative,336756,CCCn1c(=O)c2[nH]c(-c3ccc(OCC(=O)Nc4ccccc4)cc3)c(Br)c2n(CCC)c1=O,,0.1494252873563218,,5.55306339263916
PDE4D,negative,418384,Oc1ccc2c(c1)CC(N(CCc1cccs1)CCN1CCN(c3ccccc3)CC1)CC2,,0.1157894736842105,,5.540806293487549
PDE4D,negative,427522,Nc1nc(-c2ccco2)c2ncn(C(=O)NCc3ccccc3Cl)c2n1,,0.1363636363636363,,5.548997402191162
PDE4D,negative,2095688,CN(CCCCCOc1ccc2ccc(=O)oc2c1)Cc1cccc(OC(=O)NCCCCCc2ccccc2)c1,,0.1263157894736842,,5.542124271392822
PDE4D,negative,602494,O=S(=O)(c1ccc(F)cc1)N(CCCN1CCN(c2ccccc2)CC1)CC1CCCCC1,,0.1463414634146341,,5.5089111328125
PDE4D,negative,1168627,COc1ccc(N2CCN(CCCCOc3ccc4c(c3)NC(=O)CC4)CC2)c(OC)c1.O=C(O)C(=O)O,,0.1927710843373494,,5.537065029144287
PDE4D,negative,1438314,Cc1ccc(C2=CC3CNCC(C2)C3)cn1,,0.1506849315068493,,5.506324768066406
PDE4D,negative,3078849,COc1cccc2c1nc(N)n1nc([C@@H]3CCCN(c4nncs4)C3)nc21,,0.1764705882352941,,5.604151248931885
PDE4D,negative,2510223,Fc1ccc(-c2c3c(nn2C2CC2)CCNCC3)cc1,,0.1184210526315789,,5.519320487976074
PDE4D,negative,1975413,CS(=O)(=O)N[C@H]1CC[C@H](CCN2CCN(c3nccc4occc34)CC2)CC1,,0.1363636363636363,,5.517755031585693
PDE4D,negative,3160053,CNCc1cc(OCc2ccccc2)n(C(CF)C2CCCCC2)n1,,0.1625,,5.543326377868652
PDE4D,negative,123092,c1ccc(N2CCN(Cc3nc4ccccc4[nH]3)CC2)nc1,,0.1168831168831168,,5.501121997833252
PDE4D,negative,2296871,CC(=O)c1c(OCCCN2CCN(c3ccccc3Br)CC2)ccc2c(C)cc(=O)oc12,,0.1648351648351648,,5.512243747711182
PDE4D,negative,1527373,O=C(CNS(=O)(=O)c1ccc(OCc2ccccc2)cc1)NO,,0.2272727272727272,,5.498642921447754
PDE4D,negative,1276203,O=C(OCCF)[C@H]1[C@@H](c2ccc(/C=C\I)cc2)C[C@@H]2CC[C@H]1N2,,0.1518987341772152,,5.5250725746154785
MMP9,active,2228541,COc1ccc(S(=O)(=O)N2CCSC(C)(C)C2C(=O)NO)cc1,9.05,0.1235955056179775,1.0,5.1394476890563965
MMP9,active,83950,O=C(CN(Cc1ccc([N+](=O)[O-])cc1)S(=O)(=O)c1cccc(NC(=O)NS(=O)(=O)c2ccc(F)cc2)c1)NO,8.6,0.145631067961165,0.8870967741935484,5.231500148773193
MMP9,active,208129,O=C(O)[C@H]1[C@H](CN2C(=O)c3ccccc3C2=O)CC[C@@H]1SCc1ccc(-c2ccccc2)cc1,8.42,0.2317073170731707,0.88,5.12070369720459
MMP9,active,180273,CC(C)(NS(=O)(=O)c1ccccc1)C(=O)NC1=NN=C(c2ccc(Cl)cc2)CS1,7.05,0.1368421052631579,0.6666666666666666,5.355381011962891
MMP9,active,263890,CSc1ccc(-n2nnc(-c3ccc(S(=O)(=O)N[C@@H](C(=O)O)C(C)C)cc3)n2)cc1,8.23,0.2111111111111111,0.7962962962962963,5.158817768096924
MMP9,active,165736,N#Cc1ccc(-c2ccc(OCC(CCn3nnc4ccccc4c3=O)C(=O)NO)cc2)cc1,9.22,0.2105263157894736,0.847457627118644,5.205578804016113
MMP9,active,647131,Cc1ccccc1NC(=O)/C=C/c1ccc(O)c(O)c1,8.23,0.1447368421052631,0.7692307692307693,5.094297409057617
MMP9,active,1303268,O=C(/C=C/c1ccccc1)Nc1ccccc1Cl,7.86,0.141025641025641,0.8,5.148869514465332
MMP9,active,83688,CS(=O)(=O)N(CC(=O)NO)Cc1ccc([N+](=O)[O-])cc1,7.52,0.1325301204819277,0.7727272727272727,5.127265453338623
MMP9,active,2807505,O=C1NC(=O)C(O)(CC(=O)c2ccc(NS(=O)(=O)c3ccc(C(F)(F)F)cc3)cc2)C(=O)N1,8.08,0.146067415730337,0.4912280701754385,5.1317901611328125
MMP9,active,1263667,O=C1[C@H](N(CCN2CCOCC2)S(=O)(=O)c2ccc(-c3ccc(Cl)cc3)s2)CC=CCN1O,7.77,0.1192660550458715,0.8484848484848485,5.142438888549805
MMP9,active,263487,O=C(O)[C@@H](Cc1c[nH]c2ccccc12)NS(=O)(=O)c1ccc(C#Cc2ccc([N+](=O)[O-])cc2)s1,7.64,0.174757281553398,0.7910447761194029,5.174622058868408
MMP9,active,1835675,Cc1ccc(C(=O)NNC(=O)Cn2c(=O)c(Cc3ccccc3)nc3ccccc32)cc1,7.64,0.2111111111111111,0.7068965517241379,5.141120910644531
MMP9,active,2745511,O=C(CCC(NS(=O)(=O)c1ccc(-c2ccccc2)cc1)C(=O)O)NCc1ccccc1,9.15,0.2763157894736842,0.7777777777777778,5.177762508392334
MMP9,active,83949,O=C(CN(Cc1ccc([N+](=O)[O-])cc1)S(=O)(=O)c1cccc(NC(=O)NS(=O)(=O)c2ccc(Cl)cc2)c1)NO,8.8,0.1214953271028037,0.8870967741935484,5.241086006164551
MMP9,active,1167959,N#Cc1ccc(C(=O)N2CCCN(C3(c4ccc(Oc5ccccc5)cc4)C(=O)NC(=O)NC3=O)CC2)cc1,7.55,0.15625,0.9272727272727272,5.171384334564209
MMP9,active,19143,O=C(/C=C/c1ccc(O)c(O)c1)Nc1ccccc1,8.15,0.1690140845070422,0.7777777777777778,5.129545211791992
MMP9,active,2769694,O=C(NO)C1(S(=O)(=O)c2ccc(-n3cc(-c4ccc(-c5ccccc5)cc4)nn3)cc2)CCOCC1,7.01,0.15625,0.8166666666666667,5.14974308013916
MMP9,active,423821,Cc1ccc(Oc2ccc(N(C[C@H](NC(C)C)C(=O)NO)S(C)(=O)=O)cc2)cc1,9.28,0.2151898734177215,1.0,5.1742963790893555
MMP9,active,126242,O=C(NO)C1(S(=O)(=O)c2ccc(OCc3ccccc3)cc2)CCN(Cc2ccccc2)CC1,8.52,0.1894736842105263,0.8,5.158151149749756
MMP9,active,113383,CC(C)C[C@H](CC(=O)NO)C(=O)N[C@@H](Cc1c[nH]c2ccccc12)C(=O)NC1c2ccccc2C[C@@H]1O,8.42,0.2653061224489796,1.0,5.208755970001221
MMP9,active,1386529,CC1(C)OC[C@@H]([C@@H](CS(=O)(=O)c2ccc(Oc3ccc(OC(F)(F)F)cc3)cc2)N(O)C=O)O1,8.64,0.1037735849056603,1.0,5.226734161376953
MMP9,active,267081,CNC(=O)[C@H](Cc1ccccc1)NC(=O)[C@H](CC(C)C)N[C@H](CCN1Cc2cc3ccccc3cc2C1=O)C(=O)O,7.2,0.7611940298507462,0.7611940298507462,5.2777910232543945
MMP9,active,267013,CNC(=O)[C@H](Cc1ccccc1)NC(=O)[C@H](CC(C)C)N[C@H](CCNC(=O)c1ccc2ccccc2c1)C(=O)O,7.31,0.6376811594202898,0.6376811594202898,5.1840620040893555
MMP9,active,88163,NC(=O)[C@H](Cc1cccnc1)NC(=O)[C@H](CS)NC(=O)c1ccc2[nH]nnc2c1,7.38,0.231578947368421,0.819672131147541,5.117822647094727
MMP9,active,124815,COc1ccc(S(=O)(=O)N(Cc2ccccc2)c2c(C(=O)NO)cccc2N(C)C)cc1,7.19,0.1720430107526881,0.7857142857142857,5.216787338256836
MMP9,active,112719,CC(C)C[C@H](CC(=O)NO)C(=O)N[C@@H](Cc1c[nH]c2ccccc12)C(=O)NCc1ccncc1,8.82,0.2826086956521739,0.8688524590163934,5.162001132965088
MMP9,active,84758,CC(C)(C)OC(=O)Nc1ccc(S(=O)(=O)N(CC(=O)NO)Cc2ccc([N+](=O)[O-])cc2)cc1,8.0,0.1188118811881188,0.819672131147541,5.163544178009033
MMP9,active,2098700,COc1ccc(S(=O)(=O)N(CCCCCNC(=O)CCCCC(=O)NCCNC(=O)CCN(CCNC(=O)OC(C)(C)C)CCC(=O)NCCNC(=O)CCCCC(=O)NCCCCCN([C@H](CO)C(=O)NO)S(=O)(=O)c2ccc(OC)cc2)[C@H](CO)C(=O)NO)cc1,7.75,0.1271186440677966,0.4489795918367347,5.562832355499268
MMP9,active,1581058,CC(C)[C@H](C(=O)NO)N(CCn1cc(CNS(=O)(=O)c2ccc(F)cc2)nn1)S(=O)(=O)c1ccc(OCCF)cc1,8.52,0.2,0.8591549295774648,5.254505157470703
MMP9,active,438304,O=c1c(O)cccn1CS(=O)(=O)c1ccc(Oc2ccc(OC(F)(F)F)cc2)cc1,8.4,0.127906976744186,0.723404255319149,5.187012195587158
MMP9,active,140861,NC(=O)C(Cc1c[nH]c2ccccc12)NC(=O)C(CCCc1ccccc1)CP(=O)(O)C(Cc1ccccc1)NC(=O)COCc1ccccc1,8.0,0.2169811320754717,0.8157894736842105,5.190262317657471
MMP9,active,1799365,CC1(C)C(/C=C/C2=C(N3CCC(C(=O)NO)(S(=O)(=O)c4ccc(Oc5ccc(OC(F)(F)F)cc5)cc4)CC3)/C(=C/C=C3/N(CCCCS(=O)(=O)O)c4ccccc4C3(C)C)CCC2)=[N+](CCCCS(=O)(=O)[O-])c2ccccc21,8.8,0.1111111111111111,0.3981481481481481,5.81151008605957
MMP9,active,291904,CC1(c2ccc(Oc3ccccc3)cc2)C(=O)NC(=O)NC1=O,7.28,0.1506849315068493,0.5581395348837209,5.115407943725586
MMP9,active,1526013,Cc1ccccc1NC(=O)/C=C/c1ccc(O)cc1,8.22,0.1772151898734177,0.8,5.10913610458374
MMP9,active,123755,COc1ccc(S(=O)(=O)C(Cc2cccnc2)(CC(C)C)C(=O)NO)cc1,7.2,0.1958762886597938,0.7457627118644068,5.137101173400879
MMP9,active,1510808,O=C1NC(=O)C(c2ccc(Oc3ccccc3)cc2)(N2CCCN(C(=O)CCCCCCCCCCCCC(=O)N3CCCN(C4(c5ccc(Oc6ccccc6)cc5)C(=O)NC(=O)NC4=O)CC3)CC2)C(=O)N1,7.09,0.1555555555555555,1.0,5.474003791809082
MMP9,active,1510818,O=C1NC(=O)C(c2ccc(Oc3ccccc3)cc2)(N2CCCN(C(=O)CCCCCCC(=O)N3CCCN(C4(c5ccc(Oc6ccccc6)cc5)C(=O)NC(=O)NC4=O)CC3)CC2)C(=O)N1,7.1,0.1555555555555555,1.0,5.446783542633057
MMP9,active,170335,COc1ccc(S(=O)(=O)N(CC(C)C)C(CCSCc2cccnc2)C(=O)NO)cc1,8.52,0.2058823529411764,0.8360655737704918,5.119524955749512
MMP9,active,23446,CNC(=O)[C@@H](NC(=O)[C@H](CCCc1ccccc1)CC(=O)NO)C(C)C,8.55,0.2875,0.76,5.119734287261963
MMP9,active,2351386,O=C(NO)[C@H]1CCCC1S(=O)(=O)c1ccc(C#Cc2ccccc2)cc1,9.04,0.1309523809523809,0.673469387755102,5.188103199005127
MMP9,active,436886,CS(=O)(=O)N(C[C@H](O)C(=O)NO)c1ccc(C#Cc2ccc(Cl)cc2)cc1,7.33,0.1341463414634146,0.8043478260869565,5.187639236450195
MMP9,active,141353,NC(=O)C(Cc1c[nH]c2ccccc12)N(N)C(=O)C(CCCc1ccccc1)CP(=O)(O)C(Cc1ccccc1)NC(=O)CNc1cccc(Cl)c1,8.22,0.188034188034188,0.8765432098765432,5.252660274505615
MMP9,active,1617,COc1ccc(S(=O)(=O)N2CN(Cc3ccccc3)C(=O)C[C@@H]2C(=O)NO)cc1,8.17,0.1978021978021978,1.0,5.17214298248291
MMP9,active,113152,CC(C)C[C@H](CC(=O)NO)C(=O)N[C@H](Cc1ccc2ccccc2c1)C(=O)NCc1ccccc1,8.28,0.4025974025974026,0.7857142857142857,5.178044319152832
MMP9,active,1581050,Cc1ccc(S(=O)(=O)N(CCN=[N+]=[N-])[C@@H](C(=O)NO)C(C)C)cc1,8.4,0.144578313253012,0.803921568627451,5.171192646026611
MMP9,active,289399,COc1ccc(P(=O)(OCCc2ccccn2)N2Cc3ccccc3CC2C(=O)NO)cc1,8.47,0.1682242990654205,1.0,5.121245384216309
MMP9,active,17069,CCCCCCCC(C(=O)CS)C(=O)N[C@@H](CC1CCCCC1)C(=O)NCCc1ccc(S(N)(=O)=O)cc1,8.4,0.1666666666666666,0.7910447761194029,5.193352699279785
MMP9,active,1167953,CN1CCCN(C2(c3ccc(Oc4ccccc4)cc3)C(=O)NC(=O)NC2=O)CC1,8.72,0.1547619047619047,0.9047619047619048,5.163646697998047
MMP9,active,145124,CNC(=O)[C@@H]1CCCCNCCC[C@H](C(=O)NO)[C@@H](CC(C)C)C(=O)N1,7.89,0.1590909090909091,0.9791666666666666,5.181434631347656
MMP9,active,1158906,CCCCc1ccc(C#Cc2ccc(S(=O)(=O)N3Cc4ccccc4C[C@@H]3C(=O)NO)s2)cc1,8.37,0.1470588235294117,0.7101449275362319,5.201673984527588
MMP9,active,90335,O=C(NO)[C@H]1[C@@H](O)[C@H](O)[C@H](O)CN1S(=O)(=O)c1ccc(-c2ccccc2)cc1,7.33,0.1647058823529411,0.7708333333333334,5.142096519470215
MMP9,active,124231,COc1ccc(S(=O)(=O)C(C)(CC=C(C)C)C(=O)NO)cc1,7.96,0.1309523809523809,0.7555555555555555,5.132360935211182
MMP9,active,49394,CNC(=O)[C@@H]1CCCNCCCCO[C@H](C(=O)NO)[C@@H](CCCc2ccccc2)C(=O)N1,7.68,0.2040816326530612,0.7794117647058824,5.129912853240967
MMP9,active,84753,O=C(CN(Cc1ccc([N+](=O)[O-])cc1)S(=O)(=O)c1cccc(C(F)(F)F)c1)NO,9.1,0.1354166666666666,0.7777777777777778,5.217973709106445
MMP9,active,120194,CNC(=O)[C@@H](NC(=O)[C@H](CC(C)C)NC(=O)[C@@H](S)CCN1C(=O)N(C)C(C)(C)C1=O)C(C)(C)C,7.6,0.3733333333333333,1.0,5.1422882080078125
MMP9,active,287649,CCOP(=O)(c1ccc(Oc2ccccc2)cc1)N1Cc2ccccc2CC1C(=O)NO,10.1,0.1836734693877551,1.0,5.32108211517334
MMP9,active,353860,CC#CCOc1ccc(S(=O)(=O)CC2(C(=O)NO)CCN(S(=O)(=O)CCCC)CC2)cc1,7.72,0.1509433962264151,0.7424242424242424,5.27128791809082
MMP9,active,280895,CNC(=O)[C@H](CCCN)NC(=O)[C@H](CCCc1ccccc1)[C@@](C)(O)C(=O)NO,8.3,0.2926829268292683,0.7758620689655172,5.133627891540527
MMP9,active,208101,O=C(O)[C@H]1[C@H](CN2C(=O)c3ccccc3C2=O)CC[C@@H]1Sc1ccc(-c2ccccc2)cc1,7.12,0.225,0.7254901960784313,5.130541801452637
MMP9,active,170314,COc1ccc(S(=O)(=O)N(CC(=O)NCc2ccccc2)C(CCSCc2ccccc2)C(=O)NO)cc1,9.7,0.2258064516129032,0.9830508474576272,5.137800693511963
MMP9,active,112923,CC(C)C[C@H](CC(=O)NO)C(=O)N[C@H](Cc1ccc(-c2ccccc2)cc1)C(=O)NCc1ccccc1,8.52,0.3544303797468354,0.8148148148148148,5.2030816078186035
MMP9,active,113353,CCCCCO[C@H](CC(=O)NO)C(=O)N[C@@H](Cc1c[nH]c2ccccc12)C(=O)NC,7.58,0.2736842105263158,0.734375,5.292351722717285
MMP9,active,83985,O=C(O)CN(Cc1ccc([N+](=O)[O-])cc1)S(=O)(=O)c1cccc(NC(=O)NS(=O)(=O)c2ccc(Cl)cc2)c1,7.64,0.1346153846153846,0.8983050847457628,5.19708251953125
MMP9,active,1819853,CC(C)C[C@H](CC(=O)NO)C(=O)N[C@@H](Cc1ccccc1)C(=O)N[C@@H](CCCCN)C(N)=O,7.71,0.3703703703703703,0.7164179104477612,5.189349174499512
MMP9,active,17990,CNC(=O)[C@@H](NC(=O)[C@H](CC(C)C)C[C@H](O)CS)C(C)(C)C,8.1,0.2253521126760563,0.6888888888888889,5.075598239898682
MMP9,active,2801030,N=C(N)Nc1ccc(Oc2ccc(S(=O)(=O)CC3CS3)cc2)cc1,7.03,0.1162790697674418,0.6458333333333334,5.144784927368164
MMP9,active,80535,C[C@H](C(=O)NO)N1CCNc2cc(O)ccc2S1(=O)=O,7.0,0.1839080459770115,0.75,5.164468765258789
MMP9,active,2525274,O=C(Nc1ccc([N+](=O)[O-])cc1)C(c1ccc([N+](=O)[O-])cc1)N(C(=O)c1ccc(C(F)(F)F)cc1)c1ccccc1,8.13,0.1648351648351648,0.6229508196721312,5.228155136108398
MMP9,active,2804390,COc1ccc(S(=O)(=O)N2CCCC(C)(C)CC2C(=O)NO)cc1,9.3,0.1222222222222222,0.7346938775510204,5.122013092041016
MMP9,active,154749,CC#CCOc1ccc(S(=O)(=O)N(C)C(CSCc2cccnc2)C(=O)NO)cc1,7.85,0.1792452830188679,0.7571428571428571,5.17378044128418
MMP9,active,113461,CC(C)C[C@H](CC(=O)NO)C(=O)N[C@@H](Cc1c[nH]c2ccccc12)C(=O)N[C@@H](C)c1ccccc1,8.43,0.3103448275862069,0.7966101694915254,5.165306091308594
MMP9,active,126440,CCN1CCC(C(=O)NO)(S(=O)(=O)c2ccc(Oc3ccc(Cl)cc3)cc2)CC1,9.0,0.1443298969072164,0.8113207547169812,5.153604030609131
MMP9,active,559712,CC(C)CN(CC(=O)NO)S(=O)(=O)c1ccc(-c2ccccc2)cc1,7.47,0.2191780821917808,0.6888888888888889,5.146244525909424
MMP9,active,120795,CC1(C)C(=O)NC(=O)N1CC(CS(=O)(=O)c1ccc(-c2ccc(OC(F)(F)F)cc2)cc1)N(O)C=O,9.47,0.1212121212121212,0.7384615384615385,5.209346294403076
MMP9,active,152531,CNC(=O)[C@H](Cc1ccccc1)NC(=O)[C@H](CC(C)C)NC(=O)C(S)CCc1ccccc1,7.3,0.5151515151515151,0.8260869565217391,5.1410932540893555
MMP9,active,2776506,CCNC(=O)CCC(NS(=O)(=O)c1ccc(-c2ccccc2)cc1)C(=O)O,8.92,0.2435897435897435,0.7777777777777778,5.131398677825928
MMP9,active,112966,CC(C)C[C@H](CC(=O)NO)C(=O)N[C@@H](Cc1c[nH]c2ccccc12)C(=O)NCCc1ccc(O)cc1,8.96,0.3010752688172043,0.7846153846153846,5.239243984222412
MMP9,active,145347,O=C(NO)C1CN(C(=O)c2ccccc2)CCCN1S(=O)(=O)c1ccc(Oc2ccccc2)cc1,8.92,0.1555555555555555,0.8333333333333334,5.169904708862305
MMP9,active,647059,O=C(/C=C/c1ccc(O)c(O)c1)Nc1ccccc1F,8.11,0.1463414634146341,0.7692307692307693,5.209263801574707
MMP9,active,145315,COc1ccc(S(=O)(=O)N2CCCN(Cc3ccccc3)CC2C(=O)NO)cc1,7.51,0.1938775510204081,0.8888888888888888,5.174254894256592
MMP9,active,88083,NC(=O)[C@H](Cc1ccccc1)NC(=O)[C@H](CS)NC(=O)CCc1ccccc1,7.42,0.3333333333333333,0.6938775510204082,5.108991622924805
MMP9,active,1727585,O=CN(O)C(CS(=O)(=O)c1ccc(Oc2ccc(OC(F)(F)F)cc2)cc1)[C@H]1CCCO1,9.49,0.1134020618556701,1.0,5.2443084716796875
MMP9,active,267037,CNC(=O)[C@H](Cc1ccccc1)NC(=O)[C@H](CC(C)C)N[C@H](CCN1C(=O)c2cc3ccccc3nc2C1=O)C(=O)O,8.12,0.8181818181818182,0.8181818181818182,5.213268756866455
MMP9,active,423858,O=C(O[C@H]1CCOC1)N1CCC(CS(=O)(=O)N2CCN(c3ccccc3)CC2)(C(=O)NO)CC1,7.11,0.1320754716981132,0.7878787878787878,5.323367118835449
MMP9,active,142116,CC(NC(=O)OCc1ccccc1)P(=O)(O)CC(CCc1ccccc1)C(=O)NC(Cc1c[nH]c2ccccc12)C(N)=O,7.22,0.2376237623762376,0.9142857142857144,5.272187232971191
MMP9,active,243954,COc1ccc(S(=O)(=O)N2CCc3cc(OCc4ccccc4)ccc3C2C(=O)NO)cc1,7.52,0.21,0.8771929824561403,5.1847076416015625
MMP9,active,120725,COC(=O)c1ccc(CCC(CS(=O)(=O)c2ccc(Oc3ccc(OC(F)(F)F)cc3)cc2)N(O)C=O)cc1,9.01,0.1666666666666666,0.8333333333333334,5.231736660003662
MMP9,active,243925,COc1ccc(S(=O)(=O)N2CCc3cc(O)c(OC)cc3C2C(=O)NO)cc1,7.34,0.1276595744680851,0.8363636363636363,5.152750015258789
MMP9,active,348047,O=C(NO)C(CCN1C(=O)c2ccccc2C1=O)S(=O)(=O)c1ccc(-c2ccc(Cl)cc2)cc1,8.85,0.2972972972972973,0.7959183673469388,5.172942638397217
MMP9,active,1526456,Cc1ccccc1NC(=O)/C=C/c1cccc(O)c1,8.23,0.1566265060240964,0.75,5.118626594543457
MMP9,active,563240,CSc1ccc(-c2ccc(S(=O)(=O)N(CC(=O)NO)OC(C)C)cc2)cc1,7.11,0.1463414634146341,0.6792452830188679,5.147984027862549
MMP9,active,289903,CCOP(=O)(c1ccc(OC)cc1)N1CCN(C(=O)OCc2ccccc2)CC1C(=O)NO,8.28,0.1941747572815534,1.0,5.240574359893799
MMP9,active,1526462,O=C(/C=C/c1cccc(O)c1)Nc1ccccc1Cl,8.08,0.1428571428571428,0.75,5.1340203285217285
MMP9,active,205450,COc1ccc(S(=O)(=O)N2CCN(C(=O)OC(C)(C)C)CC2C(=O)NO)cc1,8.64,0.1318681318681318,0.8846153846153846,5.116069316864014
MMP9,active,263339,O=C(NO)[C@@H](Cc1ccccc1)NS(=O)(=O)c1ccc(-c2ccccc2)cc1,7.52,0.2777777777777778,0.7692307692307693,5.179945468902588
MMP9,active,543767,CNC(=O)[C@@H]1CCCCNCCC[C@H](C(=O)NO)[C@@H](CC(C)C)C(=O)N1.Cl,7.89,0.1573033707865168,0.9791666666666666,5.197371006011963
MMP9,active,68927,CC[C@@H](C(=O)NO)N(CC(C)C)S(=O)(=O)c1ccc(OC)cc1,8.15,0.2022471910112359,1.0,5.131959915161133
MMP9,active,453585,CC(C)[C@H](C(=O)NO)N(CC(=O)NCCc1ccc(S(N)(=O)=O)cc1)S(=O)(=O)c1ccc(Oc2ccccc2)cc1,9.68,0.2,0.6875,5.261542320251465
MMP9,active,22855,O=C(NO)[C@H]1CN(Cc2ccc(Oc3ccc4ccccc4c3)cc2)C(=O)N1,7.25,0.2261904761904762,0.7307692307692307,5.180373668670654
MMP9,active,266773,CC(C)C[C@@H](N[C@H](CCN1C(=O)c2cc3ccccc3cc2C1=O)C(=O)O)C(=O)NC(C)c1ccccc1,7.12,0.7966101694915254,1.0,5.2393717765808105
MMP9,active,149532,COc1ccc(S(=O)(=O)N2C[C@@H](O)[C@H](O)[C@@H](O)[C@@H]2C(=O)NO)cc1,7.09,0.1411764705882353,1.0,5.103745937347412
MMP9,active,84809,CC(=O)Nc1ccc(S(=O)(=O)N(CC(=O)NO)Cc2ccc([N+](=O)[O-])cc2)cc1,7.92,0.1263157894736842,0.8085106382978723,5.1641845703125
MMP9,active,84282,O=C(CN(Cc1ccc([N+](=O)[O-])cc1)C(=S)NC(=O)c1ccccc1)NO,8.85,0.1590909090909091,0.5862068965517241,5.168585777282715
MMP9,active,205779,COc1ccc(S(=O)(=O)N2CCN(C(C)=O)CC2C(=O)NO)cc1,8.74,0.1529411764705882,0.8125,5.117691993713379
MMP9,active,1526458,Cc1ccc(NC(=O)/C=C/c2cccc(O)c2)cc1,8.46,0.1585365853658536,0.8108108108108109,5.103693962097168
MMP9,active,151916,CNC(=O)[C@H](Cc1ccccc1)NC(=O)[C@H](CC(C)C)NC(=O)C(S)Cc1ccccc1,7.4,0.5238095238095238,0.8260869565217391,5.134147644042969
MMP9,active,123771,CCCCOc1ccc(S(=O)(=O)C(C)(Cc2ccc(OCCN3CCCCC3)cc2)C(=O)NO)cc1,8.52,0.2291666666666666,0.8596491228070176,5.166740417480469
MMP9,active,2368606,O=C(NO)[C@H]1CCCC1S(=O)(=O)c1ccc(-c2ccc(Cl)c(Cl)c2)cc1,9.12,0.1022727272727272,0.6,5.147907733917236
MMP9,active,50764,CN(c1c(C(=O)NO)cnc2ccccc12)S(=O)(=O)c1ccc(Oc2ccncc2)cc1,9.0,0.1485148514851485,0.6610169491525424,5.237748146057129
MMP9,active,1526028,Cc1ccc(NC(=O)/C=C/c2ccccc2)cc1,8.2,0.1739130434782608,0.7741935483870968,5.127735614776611
MMP9,active,170868,COc1ccc(CSCC2[C@H](C(=O)NO)N(S(=O)(=O)c3ccc(OC)cc3)CC2(C)C)cc1,8.36,0.1368421052631579,0.9107142857142856,5.135936260223389
MMP9,active,107572,CC(C)C[C@@H](C(=O)N[C@H](C(=O)Nc1nccs1)C(C)(C)C)[C@H](C)N(O)C=O,7.47,0.1724137931034483,0.8103448275862069,5.1513471603393555
MMP9,active,68707,COc1ccc(S(=O)(=O)N(CC(C)C)[C@@H](CCSCc2ccc(-c3ccccc3)cc2)C(=O)NO)cc1,9.7,0.23,0.8983050847457628,5.132848739624023
MMP9,active,2393532,O=C(NCc1ccc(C(=O)Nc2ccc(S(=O)(=O)C3CCC[C@@H]3C(=O)NO)cc2)cc1)OCc1ccccc1,7.46,0.1958762886597938,0.7,5.150956630706787
MMP9,active,393274,O=C(NO)C1(CS(=O)(=O)c2ccc(Oc3ccccc3)cc2)CCN(CCc2ccccc2)CC1,8.05,0.1979166666666666,0.5967741935483871,5.157747268676758
MMP9,active,97266,CCOP(=O)(N[C@H](CCC(=O)NCCc1ccccc1)C(=O)NO)c1ccc(OC)cc1,7.62,0.2346938775510204,0.4074074074074074,5.360293388366699
MMP9,active,267216,CC(C)C[C@H](N[C@H](CCN1C(=O)c2cc3ccccc3cc2C1=O)C(=O)O)C(=O)N1CCN(C)CC1,7.16,0.6612903225806451,0.8,5.287013053894043
MMP9,active,124544,COc1ccc(S(=O)(=O)C(C)(Cc2ccc(-c3ccccc3)cc2)C(=O)NO)cc1,7.64,0.2195121951219512,0.8666666666666667,5.1345319747924805
MMP9,active,84284,CN(C)S(=O)(=O)N(CC(=O)NO)Cc1ccc([N+](=O)[O-])cc1,7.37,0.1294117647058823,0.7727272727272727,5.128406047821045
MMP9,reference,72870,CNC(=O)[C@H](Cc1ccccc1)NC(=O)[C@H](CC(C)C)N[C@H](CCN1C(=O)c2cc3ccccc3cc2C1=O)C(=O)O,8.3,1.0,0.9016393442622952,5.243422508239746
MMP9,reference,266057,CC(C)C[C@H](N[C@H](CCN1C(=O)c2cc3ccccc3cc2C1=O)C(=O)O)C(=O)NCc1ccc(C(=O)O)cc1,7.13,1.0,0.8771929824561403,5.297151565551758
MMP9,reference,266139,CNC(=O)[C@H](Cc1ccccc1)NC(=O)[C@H](CC(C)C)N[C@H](CCN1C(=O)c2cc3c(cc2C1=O)OCO3)C(=O)O,8.3,1.0,0.8,5.230953693389893
MMP9,reference,266195,CCCOc1ccc2c(c1)C(=O)N(CC[C@@H](N[C@@H](CC(C)C)C(=O)N[C@@H](Cc1ccccc1)C(=O)NC)C(=O)O)C2=O,8.68,1.0,0.7794117647058824,5.3346662521362305
MMP9,reference,266243,CNC(=O)[C@H](Cc1ccccc1)NC(=O)[C@H](CC(C)C)N[C@H](CCn1c(=O)c2cc3c(=O)[nH]c(=O)c3cc2c1=O)C(=O)O,8.32,1.0,0.6567164179104478,5.2821364402771
MMP9,reference,266268,CNC(=O)[C@H](CC(C)C)NC(=O)[C@H](CC(C)C)N[C@H](CCN1C(=O)c2cc3ccccc3cc2C1=O)C(=O)O,7.96,1.0,0.8771929824561403,5.218270301818848
MMP9,reference,266331,CNC(=O)C(NC(=O)[C@H](CC(C)C)N[C@H](CCN1C(=O)c2cc3ccccc3cc2C1=O)C(=O)O)c1ccccc1,7.85,1.0,0.8275862068965517,5.281113624572754
MMP9,reference,266332,CNC(=O)[C@H](Cc1ccc(O)cc1)NC(=O)[C@H](CC(C)C)N[C@H](CCN1C(=O)c2cc3ccccc3cc2C1=O)C(=O)O,8.42,1.0,0.9016393442622952,5.202548027038574
MMP9,reference,266357,CC(C)C[C@H](N[C@H](CCN1C(=O)c2cc3ccccc3cc2C1=O)C(=O)O)C(=O)NCc1cccc(F)c1,7.82,1.0,0.847457627118644,5.325068950653076
MMP9,reference,266382,CC(C)C[C@H](N[C@H](CCN1C(=O)c2cc3ccccc3cc2C1=O)C(=O)O)C(=O)NCc1nnn(C)n1,7.52,1.0,0.7580645161290323,5.301294326782227
MMP9,negative,1948269,CC1(C)CCN(Cc2ccc(-c3cnc4[nH]c5cnc(C#N)cc5c4c3)cc2)CC1,,0.1263157894736842,,5.213860034942627
MMP9,negative,358003,C=C1CN2C3CCC2C1C(c1ccc(Br)cc1)C3,,0.0714285714285714,,5.210247993469238
MMP9,negative,218401,OC1(c2ccccc2)c2ccccc2C2=NCCN21,,0.1234567901234567,,5.216970443725586
MMP9,negative,1760529,O=S(=O)(NCCCCN1CCN(c2noc3ccccc23)CC1)c1cccs1,,0.1287128712871287,,5.118398189544678
MMP9,negative,1980451,C[C@@H](O)[C@@H]1NC(=O)[C@H](CCCCN)NC(=O)[C@@H](Cc2c[nH]c3ccccc23)NC(=O)[C@H](Cc2ccccc2)NC(=O)[C@H](Cc2ccccc2)NC(=O)[C@H](CCCNC(=N)N)NC(=O)[C@H](NCCSC[C@@H]2C[C@@H]3c4cccc5[nH]cc(c45)C[C@H]3N(C)C2)CCCCNC(=O)[C@H](Cc2cc(F)cc(F)c2)NC1=O,,0.1764705882352941,,5.523551940917969
MMP9,negative,2243090,COc1ccc(N2CCOCC2)c2sc(NC(=O)C(C)(C)Oc3ccc(F)cc3F)nc12,,0.1568627450980392,,5.217674255371094
MMP9,negative,46746,CCN1CC[C@@]2(C)c3cc(OC(=O)NC)ccc3CC12,,0.1935483870967742,,5.227206707000732
MMP9,negative,105934,NC[C@H]1O[C@@H](n2cnc3c(N)ncnc32)[C@H](O)[C@@H]1O,,0.0777777777777777,,5.161898136138916
MMP9,negative,1705294,CCCc1nc(C(=O)NCCCN2CCN(c3cccc(C)c3C)CC2)cn1-c1ccc(Cl)cc1.Cl.Cl.Cl,,0.1619047619047619,,5.214552879333496
MMP9,negative,2259070,c1ccc2cc(OCCCCCCN3CCCCCC3)ccc2c1,,0.2073170731707317,,5.1454291343688965
MMP9,negative,2140794,CC(=O)N[C@H]1CC[C@H](CCN2CCC(c3noc4cc(F)ccc34)CC2)CC1,,0.1770833333333333,,5.19619083404541
MMP9,negative,2369378,O=C(CCCCNc1c2c(nc3cc(Cl)ccc13)CCCC2)NC12CC3CC(F)(CC(C1)c1ccccc13)C2,,0.1171171171171171,,5.486402988433838
MMP9,negative,596734,CN(C)C[C@H]1[C@@H]2CNC[C@@]21c1ccc(Cl)c(Cl)c1,,0.0777777777777777,,5.181471347808838
MMP9,negative,629183,CS(=O)(=O)Nc1cc(OCCN2CCC(Oc3ccc4c(c3)NC(=O)CC4)CC2)ccc1F,,0.1759259259259259,,5.174014091491699
MMP9,negative,1731936,O=C(CCCN1CC[C@H]2c3cccc4c3N(CCO4)[C@H]2CC1)c1ccc(F)cc1,,0.1530612244897959,,5.274905204772949
MMP9,negative,182340,CC(C)(C)CCOCCCc1c[nH]cn1,,0.0975609756097561,,5.100186824798584
MMP9,negative,500259,CCn1c(=O)[nH]c2nc(-c3ccc(S(=O)(=O)N4CCN(Cc5cccc(C(F)(F)F)c5)CC4)cc3)[nH]c2c1=O,,0.160377358490566,,5.2751383781433105
MMP9,negative,3202171,O=C1CCc2cc(Cl)c(CCN3CCN(c4cccc5sccc45)CC3)cc2N1,,0.1359223300970873,,5.244123935699463
MMP9,negative,2531236,COc1cc2c(cc1O)CCC(C)(CCC(=O)NCCCCCCCCNc1c3c(nc4cc(Cl)ccc14)CCCC3)O2,,0.1176470588235294,,5.409220218658447
MMP9,negative,1523268,CN1CCC(COCc2cc(C(F)(F)F)cc(N3CCC(C#N)C3)n2)(c2ccc(F)cc2)CC1,,0.1203703703703703,,5.262016296386719
MMP9,negative,2349864,Oc1ccc(-c2ccc(CNCCc3c[nH]c4ncc(F)cc34)o2)cc1,,0.1122448979591836,,5.1710028648376465
MMP9,negative,2350091,FCCOc1cccc(-c2cn([C@@H]3CN4CCC3CC4)nn2)c1,,0.1632653061224489,,5.3060832023620605
MMP9,negative,2131231,COc1ccc(Br)c(CC2CCN(CCc3cccc4c3OCCO4)CC2)c1,,0.1632653061224489,,5.203068256378174
MMP9,negative,364098,CC(C)N1CCN(C(=O)N2CCC(c3ccccc3)CC2)CC1,,0.1866666666666666,,5.12909460067749
MMP9,negative,1272579,CC(C)N1N=C(c2ccc(OCCCN3CCC[C@H]3C)cc2)CCC1=O,,0.1717171717171717,,5.272918701171875
MMP9,negative,412779,Cc1cccc(CN(C2CCOCC2)[C@H]2CCNC2)c1C,,0.0967741935483871,,5.124743938446045
MMP9,negative,1562927,COc1ccc(O[C@@H](CC(C)C)[C@H]2CCNC2)c(C)n1.O=C(O)C(O)C(O)C(=O)O,,0.2065217391304347,,5.259066104888916
MMP9,negative,631735,CCOC(=N)c1ccc(-c2ccc3cc(CCN4CCC[C@H]4C)ccc3n2)s1,,0.13,,5.272112846374512
MMP9,negative,2776720,Nc1nn(-c2c3c(nc4ccc([N+](=O)[O-])cc24)CCCC3)c2ncccc12,,0.1111111111111111,,5.339944362640381
MMP9,negative,600318,CN1CCc2ccccc2C1CCc1c[nH]c2ccc(F)cc12,,0.1666666666666666,,5.211091995239258
MMP9,negative,3109946,Nc1nc2c3c(ccc2c2nc([C@@H]4CCCN(CC(F)F)C4)nn12)OC(F)(F)O3,,0.1037735849056603,,5.42263126373291
MMP9,negative,596667,Clc1ccc([C@@]23CNC[C@@H]2[C@H]3COC2CCC2)cc1Cl,,0.0659340659340659,,5.166236400604248
MMP9,negative,1603286,CN(C)C(=O)NC[C@H]1CC[C@H](CN2CCN(c3cccc(Cl)c3Cl)CC2)CC1,,0.1397849462365591,,5.133388996124268
MMP9,negative,2953404,C=CCN1C[C@H](OCc2cccnc2)C[C@H]1CNC(=O)c1cc(CCCF)cc(OC)c1OC,,0.1504424778761062,,5.130193710327148
MMP9,negative,2991676,CCCC1(O)CCC(CN(C)C)(c2ccc(Cl)c(Cl)c2)CC1,,0.0967741935483871,,5.128166198730469
MMP9,negative,1332546,CC1=CC2Cc3nc4cc(Cl)ccc4c(NCCCCCCCCNc4c5c(nc6cc(Cl)ccc46)CCCC5)c3C(C1)C2.Cl,,0.0841121495327102,,5.326065540313721
MMP9,negative,1704395,CCCc1nc(C(=O)NCCCN2CCN(c3cccc(C)c3C)CC2)c(C)n1-c1ccc(F)cc1.Cl.Cl,,0.1862745098039215,,5.210746765136719
MMP9,negative,1975407,COCC(=O)N[C@H]1CC[C@H](CCN2CCN(c3nccc4occc34)CC2)CC1,,0.1818181818181818,,5.1547040939331055
MMP9,negative,2516590,Brc1ccc(-c2nnc(N3CCN(c4ccccn4)CC3)o2)cc1,,0.1022727272727272,,5.1207451820373535
MMP9,negative,2534565,CCOC(=O)c1c(C)nc(N2CCN(S(=O)(=O)c3ccc(NC(C)=O)c(F)c3)CC2)nc1-c1ccc(OC)cc1,,0.146788990825688,,5.274834632873535
MMP9,negative,2974697,CNCc1cc(OCc2ccc(F)cc2F)n(C(C)C2CCCCC2)n1,,0.1578947368421052,,5.200478553771973
MMP9,negative,3117833,CNC[C@]1(c2ccc3ccccc3c2)CCCC[C@@H]1O,,0.1923076923076923,,5.127357006072998
MMP9,negative,3115143,Cc1ccc2c(c1)N=C(C1CCN(CC(C)(C)C(=O)O)CC1)c1cc(C)ccc1O2,,0.1578947368421052,,5.289061069488525
MMP9,negative,570278,CN1CCN(Cc2cccc(C#CCCN3CCCCC3)c2)CC1,,0.1529411764705882,,5.149894714355469
MMP9,negative,453209,CNCc1cc(F)c(Cl)cc1Oc1ccc(Cl)c(Cl)c1,,0.1325301204819277,,5.131677150726318
MMP9,negative,2032380,Nc1cccc2cc(C(=O)N[C@H]3CN4CCC3CC4)oc12,,0.1904761904761904,,5.203218936920166
MMP9,negative,706901,O=C(N[C@@H]1C2CCN(CC2)[C@H]1Cc1cccnc1)c1ccccc1,,0.2159090909090909,,5.1661176681518555
MMP9,negative,172918,COc1ccc(OC)c(CN2CCN(CC(=O)N3c4ccccc4C[C@H]3C)CC2)c1,,0.1630434782608695,,5.197616100311279
MMP9,negative,1343942,O=C(NC1CCCC1)c1ccc(-c2ccc3c(c2)CCN(CCN2CCCC2)C3=O)cc1,,0.2022471910112359,,5.166912078857422
MMP9,negative,580859,O=C1Cc2c(ccc3c2OC[C@H](CNCC2CCc4c([nH]c5ccc(F)cc45)C2)O3)N1,,0.1481481481481481,,5.273567199707031
MMP9,negative,3136990,CC(C)OCC(=O)NCC1(O)CCN(c2nc(Oc3cccc(F)c3)cc(C(F)(F)F)n2)CC1,,0.23,,5.252872467041016
MMP9,negative,708003,CN1CCN(C2Cc3ccccc3Sc3ccc(-c4cnn(C)c4)cc32)CC1,,0.1182795698924731,,5.224360942840576
MMP9,negative,1760516,O=S(=O)(NCCCN1CCN(c2nsc3ccccc23)CC1)c1cnc2ccccn12,,0.1313131313131313,,5.184099197387695
MMP9,negative,1430911,Cl.c1ccc(OC(c2ccc3ccccc3c2)C2CNC2)cc1,,0.1558441558441558,,5.099705696105957
MMP9,negative,433759,CNCc1cnc(C)cc1Oc1ccccc1Oc1ccccc1,,0.1645569620253164,,5.124022483825684
MMP9,negative,567042,Clc1ccccc1OC(c1cccnc1)C1CCNCC1,,0.1034482758620689,,5.120941638946533
MMP9,negative,2866695,COc1cccc2c1nc(N)n1nc(C3CCC(c4ccc(C(C)(C)N)cn4)C3)nc21,,0.0934579439252336,,5.4945549964904785
MMP9,negative,436532,COc1cc(CN2CCN(c3ccccc3OC)CC2)c(OCCF)cc1OC,,0.125,,5.12888765335083
MMP9,negative,388367,C=CC[N+]12CC[C@@H]3[C@@H]4[C@@H]5[C@@H](OCC=C(C1)[C@@H]5C[C@@H]32)N1c2ccccc2[C@@]23CCN5CC6=CCO[C@H]([C@@H]([C@H]12)[C@H]6C[C@H]53)N4c1ccccc1.[Br-],,0.0846153846153846,,5.744959831237793
MMP9,negative,2423544,C#CCNC1CCc2ccc(OCCCN3CCCCC3)cc21,,0.1770833333333333,,5.0955610275268555
MMP9,negative,341223,CNC(=O)c1ccc2c(c1)[C@@H](NC)CC[C@H]2c1ccc(Cl)c(Cl)c1,,0.1395348837209302,,5.130692481994629
MMP9,negative,452924,CC(c1ccccc1Oc1ccc(Cl)c(Cl)c1)N(C)C,,0.1558441558441558,,5.1171417236328125
MMP9,negative,2357321,Nc1nc(-c2cc(O)c(O)c(O)c2)cn2c(=O)n(-c3ccccc3)nc12,,0.160919540229885,,5.200118541717529
MMP9,negative,423210,CCCC(=O)NC1CCc2ccc(CCN3CCN(c4nsc5ccccc45)CC3)cc21,,0.19,,5.192918300628662
MMP9,negative,1077234,COc1ccccc1N1CCN(C/C=C/CNC(=O)c2cc(C)ccc2OCCF)CC1.O=C(O)C(=O)O,,0.174757281553398,,5.355678558349609
MMP9,negative,428327,COc1cc(Cl)ccc1O[C@@H](c1ccc(C)cc1)[C@@H]1CNCCO1,,0.0816326530612244,,5.122088432312012
MMP9,negative,3022468,O=C(N[C@H]1CC[C@H](CCN2CCN(c3nsc4ccccc34)CC2)CC1)c1sc2ccccc2c1Cl,,0.1632653061224489,,5.190908432006836
MMP9,negative,3161741,O=C(NC(c1ccc(Cl)cc1)c1ccccn1)C1CCN(CCOc2ccccc2)CC1,,0.2121212121212121,,5.180002212524414
MMP9,negative,2833941,C[N+]1(C)CC[C@@H](Oc2ccc(-c3ccc4[nH]ccc4c3)cc2)C1.[I-],,0.1046511627906976,,5.2212629318237305
MMP9,negative,342967,Cc1ccccc1NC(=O)Oc1ccc2c(c1)[C@]1(C)CCO[C@@H]1O2,,0.1578947368421052,,5.164744853973389
MMP9,negative,3240939,Nc1nnc(-c2cccc(C(F)(F)F)c2)c(-c2ccccc2)n1,,0.1358024691358024,,5.158373832702637
MMP9,negative,2009967,O=CN[C@H]1CC[C@H](CCN2CCC(c3coc4ccccc34)CC2)CC1,,0.1505376344086021,,5.151918411254883
MMP9,negative,2292581,COc1ccccc1C(=O)Nc1ccc2c(c1)CN(C(=O)c1cccc(Cl)c1)C(=O)C2,,0.1505376344086021,,5.142493724822998
MMP9,negative,1610278,CN(CCCCNc1c2c(nc3ccccc13)CCCC2)CCCNc1c2c(nc3c(NC(=O)CNC(=O)CC[C@H](NC(=O)CNC(=O)OCc4ccccc4)C(=O)N[C@@H](Cc4ccccc4)C(=O)OCc4ccccc4)cccc13)CCCC2,,0.2177419354838709,,5.537860870361328
MMP9,negative,323877,CN(C)C[C@H]1CC2c3ccccc3Oc3ccc(F)cc3[C@H]2O1,,0.1494252873563218,,5.164151191711426
MMP9,negative,2397063,C[C@@H]1CCCN1CCCOc1ccc2c(c1)CC[C@H]1[C@@H]3[C@@H](C(=O)NCC4CCC4)CC[C@@]3(C)CC[C@H]21,,0.1637931034482758,,5.390894889831543
MMP9,negative,3149046,O=c1[nH]c2ccc(-c3c(-c4ccccc4)nn4cnc(C(F)(F)F)cc34)cc2s1,,0.1473684210526315,,5.210749626159668
MMP9,negative,207230,CNC(=O)Oc1cccc(CN(C)CCCOc2ccc(-c3ccccc3)cc2)c1,,0.2696629213483146,,5.123459339141846
MMP9,negative,1974769,CC(=O)NCCc1c[nH]c2ccc(OC(=O)NCCCCCCCCCCNc3c4c(nc5cc(Cl)ccc35)CCCC4)cc12,,0.1293103448275862,,5.370266437530518
MMP9,negative,2556487,CC1=CC2Cc3nc4cc(Cl)ccc4c(NCCCCCCCCCNS(=O)(=O)c4cn[nH]c4)c3C(C1)C2,,0.0854700854700854,,5.239354610443115
MMP9,negative,2970587,COc1cc(F)c(F)cc1CN(C(=O)OCc1ccc(OCC(C)C)cc1)C1CCN(C)CC1,,0.1919191919191919,,5.221113681793213
MMP9,negative,2764751,O=C(COc1ccc([N+](=O)[O-])cc1)NCCN1CCN(Cc2ccccc2)CC1,,0.2150537634408602,,5.178224563598633
MMP9,negative,2729354,Nc1nc(-c2ccccc2)c2c(n1)-c1cc(OCCCN3CCCCC3)ccc1C2,,0.2210526315789473,,5.235860347747803
MMP9,negative,14700,CN(CCCN1CCCCC1)c1c2c(nc3ccccc13)CCCC2,,0.160919540229885,,5.229275703430176
MMP9,negative,187537,OCCOCCN1C2CCC1CC(OC(c1ccc(F)cc1)c1ccc(F)cc1)C2,,0.1235955056179775,,5.2169270515441895
MMP9,negative,2507741,COc1ccc(-c2ccc3c(c2)COC3=O)n2nc(C3(C(=O)OCC(C)(C)O)CC3)nc12,,0.1619047619047619,,5.332207679748535
MMP9,negative,1528856,NCCCCc1c[nH]c2c(F)cccc12,,0.1125,,5.209784507751465
MMP9,negative,1557427,OC1(c2ccc(OCCCN3CCCCC3)cc2)CCCCC1,,0.1627906976744186,,5.103305816650391
MMP9,negative,2073282,Cn1c(SCCCN2CC3CCN(c4cccc(OC(F)(F)F)c4)C3C2)nnc1-c1cnccn1,,0.125,,5.1895318031311035
MMP9,negative,265919,CCC(CC)c1nc(-c2ccc(OCCCN3CCCN(C(=O)[C@@H](C)NC(=O)c4ccco4)CC3)cc2F)no1,,0.2543859649122807,,5.245090484619141
MMP9,negative,1588182,COc1cccc(CCCCCc2cccc(OC)[n+]2C)[n+]1C.O=S(=O)([O-])C(F)(F)F.O=S(=O)([O-])C(F)(F)F,,0.1046511627906976,,5.3642497062683105
MMP9,negative,1785674,CN1Cc2ccccc2C(c2ccc3[nH]ncc3c2)C1,,0.1494252873563218,,5.089451313018799
MMP9,negative,631085,O=C(CCC1CCN(Cc2ccccc2)CC1)c1ccc2c(c1)CCN2c1ccccc1,,0.1648351648351648,,5.153118133544922
MMP9,negative,3251885,Nc1nc(-c2ccco2)c2c(n1)C(Cc1c(F)cccc1Cl)OC2=O,,0.1122448979591836,,5.1765336990356445
MMP9,negative,2098119,O=C(Nc1ccccc1Cl)c1ccc(OC(F)F)c(OCC2CC2)c1,,0.1538461538461538,,5.175681114196777
MMP9,negative,324820,OC[C@H]1O[C@@H](n2cnc3c(NCC(c4ccccc4)c4ccccc4)ncnc32)[C@H](O)[C@@H]1O,,0.1538461538461538,,5.131743431091309
MMP9,negative,409590,O=S(=O)(c1ccc(/C=C/c2ccc(F)cc2Cl)nc1)c1ccccc1F,,0.1208791208791208,,5.242989540100098
MMP9,negative,3268294,COc1ccc([C@@H](C)Nc2nc(C(=O)NCc3ccc(OC)nc3)c3sccc3n2)cc1,,0.2083333333333333,,5.198383331298828
MMP9,negative,3120128,Cc1cnc2ccc(-c3nc(C(=O)NC[C@@H]4CCCN4C)c(N)nc3-c3ccc(F)cc3)cn12,,0.1523809523809524,,5.265784740447998
MMP9,negative,2871642,COc1ccccc1N1CCN(CCCNC(=O)Nc2cccc(-c3ccccc3)c2)CC1,,0.2093023255813953,,5.1453752517700195
MMP9,negative,702247,Cc1ccccc1NC(=O)Oc1ccc2c(c1)[C@]1(C)CCN(C)[C@@H]1N2,,0.1739130434782608,,5.191917419433594
MMP9,negative,570881,N#Cc1cncc(-c2cnc3nc(N4CCC(N5CCCCC5)CC4)sc3c2)c1,,0.06,,5.197627544403076
MMP9,negative,3034020,O=C1c2ncccc2CCC1CCN1CCN(c2noc3ccccc23)CC1,,0.1386138613861386,,5.197730541229248
MMP9,negative,37476,C[C@@H]1c2cccc3c2-c2c1ccc1c2[C@@H](C3)N(C)CC1,,0.119047619047619,,5.146471977233887
MMP9,negative,1997764,CCC(=O)N[C@H]1CC[C@H](CCN2CCC(c3cccc4c3OCO4)CC2)CC1,,0.2391304347826087,,5.1881022453308105
MMP9,negative,14224,COc1cc2c(cc1C(F)(F)F)N(C(=O)Nc1cncc(-c3cnccc3C)c1)CC2,,0.1326530612244898,,5.187251567840576
MMP9,negative,619967,COc1cc(OC2CCC(C)(C)CC2)c(F)cc1CNC(=O)[C@@H]1CCCN1,,0.1428571428571428,,5.154226779937744
MMP9,negative,410284,CN(C)CCC(Oc1ccc(C#N)cc1)c1ccc(OCCCN2CCCCC2)cc1,,0.1632653061224489,,5.144829273223877
MMP9,negative,1620409,CC(C)N1CCC(Oc2ccc(C3=NN(C)C(=O)C4CC34)cc2)CC1,,0.1494252873563218,,5.330960273742676
MMP9,negative,2217447,O=C(NC[C@@H]1C[C@H]1CN1CCN(c2cccc(Cl)c2Cl)CC1)c1cc2ccccc2[nH]1,,0.1616161616161616,,5.201927661895752
MMP9,negative,487448,Fc1ccc(C(OCCN2CCN(C[C@@H](F)Cc3ccccc3)CC2)c2ccc(F)cc2)cc1,,0.1927710843373494,,5.3143720626831055
MMP9,negative,381672,COc1cc2c(cc1OC)C1=NOC(CN3CCN(C/C(C)=C/c4ccccc4)CC3)C1CN2,,0.1308411214953271,,5.265527725219727
MMP9,negative,2507077,Nc1nc(-c2ccc(NC(=O)c3ccc(C(=O)O)cc3)cc2)cn2c(=O)n(-c3ccccc3)nc12,,0.2,,5.226877212524414
MMP9,negative,1974770,CC(=O)NCCc1c[nH]c2ccc(OC(=O)NCCCCCCCCCCCCNc3c4c(nc5cc(Cl)ccc35)CCCC4)cc12,,0.1293103448275862,,5.370884895324707
MMP9,negative,2544293,COCCCC/C(=N\OCCN)c1ccc(I)cc1,,0.0941176470588235,,5.100583553314209
MMP9,negative,2357937,CCCN(CCC)CCCOc1ccc(-c2cn3cccc(C)c3n2)cc1C,,0.1287128712871287,,5.164640426635742
MMP9,negative,1426015,CC(C)c1ccccc1OCCN1CCC(NC(=O)c2ccc3ccccc3n2)C1,,0.2105263157894736,,5.198909282684326
MMP9,negative,2200314,O=Cc1cnn2ccc(NC(=O)CCCN3CCN(c4cccc(Cl)c4Cl)CC3)cc12,,0.1428571428571428,,5.166169166564941
MMP9,negative,480572,CNC[C@@H](O)[C@H](c1cccc(F)c1)N(C)c1ccccc1,,0.2278481012658227,,5.102915287017822
MMP9,negative,690774,CC(C)(C)CCC1(C(=O)c2ccc3[nH]ncc3c2)CCNC1,,0.146067415730337,,5.159476280212402
DRD2,active,25298,CNc1cc(OC)c(C(=O)NC2CCN(Cc3ccccc3)C2C)cc1Cl,9.52,0.2077922077922078,0.746031746031746,6.24461030960083
DRD2,active,1760544,Cc1cccc(S(=O)(=O)NCCCN2CCC(c3noc4cc(F)ccc34)CC2)c1,7.8,0.2111111111111111,0.9516129032258064,6.226803302764893
DRD2,active,706861,O=C1NCc2ccc(OCCCCN3CCN(c4cccc5c4COCC5)CC3)cc21,7.65,0.1951219512195122,0.873015873015873,6.225559711456299
DRD2,active,1077232,COc1ccccc1N1CCN(C/C=C/CNC(=O)c2ccc(OCCF)cc2)CC1.O=C(O)C(=O)O,7.26,0.2272727272727272,0.90625,6.321669101715088
DRD2,active,3269547,O=C(N[C@H]1CC[C@H](CCN2CCN(c3nsc4ccccc34)CC2)CC1)c1cc2ccccc2o1,9.49,0.1684210526315789,1.0,6.222961902618408
DRD2,active,2108488,CC(=O)Nc1cc(OCCCCN2CCN(c3cccc(Cl)c3Cl)CC2)ccc1C,7.14,0.1954022988505747,0.6153846153846154,6.231386661529541
DRD2,active,1594412,O[C@@]1(c2ccc(Cl)cc2)C[C@H]2CC[C@@H](C1)N2Cc1coc2ccc(F)cc12,8.92,0.1538461538461538,0.8181818181818182,6.1897501945495605
DRD2,active,196533,CCCN(CCC)C1COc2ccc3nc(N)sc3c2C1,7.33,0.131578947368421,0.4727272727272727,6.204863548278809
DRD2,active,601770,CN(C)c1ccc(-c2cccc3c2CC[C@H]2[C@H]3c3cc(O)c(Cl)cc3CCN2C)cc1,7.92,0.3823529411764705,0.8103448275862069,6.204763412475586
DRD2,active,240981,COc1ccc(S(=O)(=O)N(C)C)cc1-c1ccc(CN2CCCCCC2c2ccccc2)[nH]1,7.0,0.1785714285714285,0.8153846153846154,6.196601390838623
DRD2,active,2530199,O=S(=O)(N[C@@H]1CCN(CCCc2noc3ccccc23)C1)c1csc2ccccc12,7.7,0.1505376344086021,1.0,6.252078533172607
DRD2,active,582020,N#[11C]c1cccc(N2CCN(CCN3CCC(C(F)(F)F)CC3)C2=O)c1,7.38,0.2125,0.4915254237288136,6.259601593017578
DRD2,active,2219883,Cc1[nH]c2ccc(Cl)cc2c1C1=CCN(CCCCNS(=O)(=O)c2ccc3ccccc3c2)CC1,7.0,0.1648351648351648,0.9545454545454546,6.1923136711120605
DRD2,active,2303250,O=S(=O)(c1cncc2ccccc12)N1CCC[C@@H]1CCN1CCN(c2nsc3ccccc23)CC1,9.05,0.1368421052631579,1.0,6.283608913421631
DRD2,active,383964,CCCCc1ccc(S(=O)(=O)Nc2ccc3c(c2)CCN(C)CC3)cc1,7.5,0.2058823529411764,0.5614035087719298,6.195601940155029
DRD2,active,3127958,CCCN1CCC[C@@H]2Cc3c(ccc4c3OCO4)C[C@H]21,7.34,0.2028985507246377,0.6078431372549019,6.271907806396484
DRD2,active,2982722,O=c1ccc2ccc(CCCCCN3CCN(c4cccc5sccc45)CC3)cc2[nH]1,8.69,0.1839080459770115,0.9814814814814816,6.20697546005249
DRD2,active,2257174,Cc1nc2n(c(=O)c1CCN1CCC(c3cccc4sccc34)CC1)CCCC2,7.98,0.1521739130434782,0.7313432835820896,6.320557594299316
DRD2,active,3255186,CCc1cccc(N2CCN(CCCCCNC(=O)c3cn4ccccc4n3)CC2)c1Cl,8.25,0.1978021978021978,0.9833333333333332,6.215090751647949
DRD2,active,1355087,O=C1CCc2c(F)cccc2N1CCCN1CCC(n2c(=O)[nH]c3ccccc32)CC1,7.22,0.2209302325581395,0.75,6.263670921325684
DRD2,active,564087,CC1(C)C[C@@H]2C[C@@](C)(CN2CCN2CCN(c3cccc(Cl)c3)C2=O)C1,7.0,0.1785714285714285,0.6935483870967742,6.212090492248535
DRD2,active,1783501,O=C(CCc1cn(CCOCCOCCOCCOCCn2cc(CCC(=O)OC3(c4ccc(Cl)cc4)CCN(CCCC(=O)c4ccc(F)cc4)CC3)nn2)nn1)OC1(c2ccc(Cl)cc2)CCN(CCCC(=O)c2ccc(F)cc2)CC1,8.8,0.369047619047619,1.0,6.487658500671387
DRD2,active,274597,FC(F)(F)c1cccc(N2CCN(CC[C@H]3CC[C@H](Nc4ncccn4)CC3)CC2)c1,8.22,0.1785714285714285,0.7307692307692307,6.281798839569092
DRD2,active,1347071,O=C(CCCCN1CCC2(CC1)C(=O)NCN2c1ccccc1)c1nc2ccccc2s1,7.6,0.5970149253731343,0.71875,6.2606964111328125
DRD2,active,1051166,Cl.O=C1[C@@H]2[C@H]3CC[C@H](C3)[C@@H]2C(=O)N1CCCCN1CCN(c2ncccn2)CC1,7.55,0.1973684210526315,0.6153846153846154,6.3411407470703125
DRD2,active,2209148,O=S(=O)(NCCCN1CC=C(c2c[nH]c3ccc(Cl)cc23)CC1)c1cccc2ccccc12,8.55,0.1573033707865168,0.953125,6.279892921447754
DRD2,active,357250,Cc1ccccc1S(=O)(=O)N1c2ccc(Cl)cc2N=C(N2CCN(C)CC2)c2ccccc21,7.2,0.2,0.5081967213114754,6.183931827545166
DRD2,active,2364118,O=C1c2ccccc2S(=O)(=O)N1CCCCCCN1CCN(c2ccccc2Cl)CC1,7.35,0.2077922077922078,0.8775510204081632,6.229959487915039
DRD2,active,1520674,Nc1nc2cc3c(cc2s1)CCN(Cc1ccncc1)CC3,7.42,0.1714285714285714,0.7954545454545454,6.272464275360107
DRD2,active,99692,CC(=O)Nc1ccc(CN2C[C@@H]3COc4ccc(C#N)cc4[C@H]3C2)cc1,7.9,0.1518987341772152,1.0,6.223731994628906
DRD2,active,2085080,COc1cc(CCNC[C@H](O)c2ccc(O)c3c2OCC(=O)N3)ccc1OCCCc1ccccc1,7.19,0.1470588235294117,1.0,6.250583171844482
DRD2,active,1567989,C#CC1=CC[C@@H](N(CCC)CCCCNC(=O)c2ccc(OCCCc3cnn(CCCC)n3)c(OC)c2)CC1,9.28,0.1206896551724138,1.0,6.267717361450195
DRD2,active,274653,Nc1ccccc1C(=O)CCCN1CC[C@H]2[C@@H](C1)c1cccc3c1N2CCO3,7.64,0.2441860465116279,1.0,6.270789623260498
DRD2,active,124763,c1ccc(CCN2CCC(c3cc(-c4cccs4)[nH]n3)CC2)cc1,7.19,0.1728395061728395,0.6,6.19025182723999
DRD2,active,649646,O=C(O)C(=O)O.OC1(c2ccc(Br)cc2)CCN(Cc2coc3ccccc23)CC1,8.18,0.2151898734177215,0.8076923076923077,6.238170146942139
DRD2,active,1565930,COc1ccccc1N1CCN(CCCCCN2Cc3ccc4ccccc4c3C2=O)CC1,8.46,0.216867469879518,0.5967741935483871,6.20916223526001
DRD2,active,2413954,CCc1c[nH]c(C(=O)NCCCCN2CCN(c3cccc(CC)c3Cl)CC2)n1,7.9,0.1931818181818181,0.9824561403508772,6.238210678100586
DRD2,active,2557603,COc1ccc(F)cc1[C@H]1C[C@@H]1CNCCCOc1ccc2ccc(=O)[nH]c2c1,8.18,0.1397849462365591,1.0,6.215642929077148
DRD2,active,3099463,Cn1c(SCCCN2CC[C@]3(C[C@@H]3c3ccc(C(F)(F)F)cc3)C2)nnc1N1CCOCC1,7.38,0.1827956989247312,1.0,6.216460227966309
DRD2,active,126866,O=C(NC1CCC(CCN2CCN(c3ccccc3)CC2)CC1)C1CCCCC1,7.0,0.2533333333333333,1.0,6.219968318939209
DRD2,active,708095,Cc1ccc(-c2ccc3c(c2)C(N2CCN(C)CC2)Cc2ccccc2S3)cc1,8.2,0.2272727272727272,0.8636363636363636,6.2087531089782715
DRD2,active,1122659,CCCN(CCCCN1C(=O)CC(C)(C)CC1=O)[C@@H]1CCc2ccc3[nH]c(C#N)cc3c2C1,7.36,0.1444444444444444,0.7432432432432432,6.22275972366333
DRD2,active,1143418,COc1ccccc1N1CCN(CCCCN2CCc3cc(-c4cccs4)ccc3C2=O)CC1,8.16,0.2134831460674157,0.9047619047619048,6.20762300491333
DRD2,active,2031241,COC(=O)N[C@H]1CC[C@H](CCN2CCN(c3cccc4c3OCO4)CC2)CC1,7.16,0.1860465116279069,0.8245614035087719,6.253561973571777
DRD2,active,3208991,Cc1ccc(S(=O)(=O)N[C@H]2CC[C@H](CCN3CCN(c4nsc5ccccc45)CC3)CC2)o1,8.13,0.1489361702127659,1.0,6.219847679138184
DRD2,active,95860,COc1cc(Br)cc(C(=O)NCCCCN2CCN(c3cccc(Cl)c3Cl)CC2)c1OC,7.23,0.2023809523809523,0.5945945945945946,6.245904445648193
DRD2,active,2481843,COc1ccccc1N1CCN(CCCCCCN2C(=O)[C@@H]3[C@H]4CC[C@H](C4)[C@@H]3C2=O)CC1,7.39,0.2307692307692307,0.7307692307692307,6.215536117553711
DRD2,active,387311,CCCCc1ccccc1N1CCN(CCCCCC(=O)NC2CCCc3ccccc32)CC1,7.22,0.2134831460674157,0.75,6.267646789550781
DRD2,active,383985,CC(C)Oc1cc2c(cc1NS(=O)(=O)c1ccc(-c3ccc(Cl)cc3)cc1)CCN(C)CC2,8.2,0.2285714285714285,0.7843137254901961,6.269214630126953
DRD2,active,1269102,COc1ccccc1N1CCN(CCCNC(=O)c2cnn3ccc(COCCOCCOCCOCCOCc4ccn5ncc(C(=O)NCCCN6CCN(c7ccccc7OC)CC6)c5c4)cc23)CC1,8.41,0.2,0.9552238805970148,6.370767593383789
DRD2,active,2311226,O=S(=O)(c1cncc2ccccc12)N1CCC[C@H]1CCN1CCN(c2nsc3ccccc23)CC1,9.85,0.1368421052631579,1.0,6.294129848480225
DRD2,active,1428558,CCOc1ccc(N2CCN(CCCCOc3ccc4c(c3)NC(=O)CC4)CC2)cc1,7.28,0.2048192771084337,0.8571428571428571,6.246635437011719
DRD2,active,3149540,CC1CN(C)C(=O)c2cc(OCCCN3CCC(c4noc5cc(F)ccc45)CC3)ccc21,8.24,0.2307692307692307,0.7605633802816901,6.238390922546387
DRD2,active,329316,Clc1cccc2c(CCCN3CCN(c4cccc5c4OCCO5)CC3)c[nH]c12,7.81,0.1590909090909091,0.7931034482758621,6.223878860473633
DRD2,active,1763099,COc1ccccc1N1CCN(CCCNC(=O)c2sc3nc(OC)c(Cl)c(C)c3c2N)CC1,7.71,0.1979166666666666,0.9558823529411764,6.234620571136475
DRD2,active,1757930,O/N=C/c1cnn2ccc(OCCCCN3CCN(c4cccc(Cl)c4Cl)CC3)cc12,9.77,0.1647058823529411,0.8,6.213645935058594
DRD2,active,3025280,CN1C(=O)CCc2ccc(CCN3CCN(c4cccc5sccc45)CC3)cc21,7.53,0.1973684210526315,0.7096774193548387,6.238663196563721
DRD2,active,1760497,O=S(=O)(NCCCN1CCN(c2nsc3ccccc23)CC1)c1ccc(Cl)c(Cl)c1,8.11,0.1704545454545454,0.9464285714285714,6.217600345611572
DRD2,active,1757922,CCOC(=O)c1cc2cc(OCCCCN3CCN(c4cccc(Cl)c4Cl)CC3)ccn2n1,8.17,0.1808510638297872,0.7571428571428571,6.252773761749268
DRD2,active,1750037,C=CCN1CCC[C@H]1CNC(=O)c1cc(CCCSC2CC(=O)N(CCCCCC(=O)NCC(=O)N[C@@H](Cc3c[nH]c4ccccc34)C(=O)N[C@H](C(=O)N[C@@H](CC(C)C)C(=O)N[C@@H](CC(=O)O)C(=O)N[C@@H](CO)C(=O)N[C@@H](C)C(=O)NCC(=O)N[C@@H](Cc3ccc(O)cc3)C(=O)N[C@@H](CC(C)C)C(=O)N[C@@H](CC(C)C)C(=O)NCC(=O)N[C@@H](CCCCN)C(=O)N[C@H](C(=O)N[C@@H](CC(=O)O)C(=O)N[C@@H](CC(C)C)C(=O)N[C@@H](CCCCN)C(=O)N[C@@H](C)C(=O)N[C@@H](CC(C)C)C(=O)N[C@@H](C)C(=O)N[C@@H](C)C(=O)N[C@@H](CC(C)C)C(=O)N[C@@H](C)C(=O)N[C@@H](CCCCN)C(=O)N[C@@H](CCCCN)C(=O)N[C@H](C(=O)N[C@@H](CC(C)C)C(=O)O)[C@@H](C)CC)[C@@H](C)CC)[C@@H](C)O)C2=O)cc(OC)c1OC,7.91,0.1157894736842105,0.6918918918918919,6.647624492645264
DRD2,active,2009945,CC(C)(O)CC(=O)N[C@H]1CC[C@H](CCN2CCC(c3coc4ccccc34)CC2)CC1,7.38,0.1954022988505747,0.8793103448275862,6.256698131561279
DRD2,active,3282134,CC(O)C(=O)N(CCN1CCC(c2noc3cc(F)ccc23)CC1)C(C)C,7.05,0.2093023255813953,1.0,6.242640972137451
DRD2,active,201765,Cc1ccc(CN2CCC(C3CCc4ccccc4C3=O)CC2)cc1.O,7.43,0.2058823529411764,0.7551020408163265,6.2218170166015625
DRD2,active,148486,Cc1c(-c2ccccc2)nc(O)n1C1CCN(Cc2ccccc2)CC1,7.25,0.2121212121212121,0.8888888888888888,6.184408664703369
DRD2,active,1443956,O=C(CCCN1CC[Si](O)(c2ccc(Cl)cc2)CC1)c1ccc(F)cc1,9.26,0.4375,0.66,6.223816871643066
DRD2,active,217020,O=C1c2ccccc2C(=O)N1CCCCCN1CC=C(c2c[nH]c3ccccc23)CC1,7.6,0.1975308641975308,0.8363636363636363,6.228128910064697
DRD2,active,322247,O=C(NC/C=C/CN1CCN(c2cccc(Cl)c2Cl)CC1)c1ccc(O)cc1,7.86,0.1756756756756756,0.8627450980392157,6.214998245239258
DRD2,active,2171896,CCCC(=O)N[C@H]1CC[C@H](CCN2CCN(c3nsc4ccccc34)CC2)CC1,8.55,0.2117647058823529,0.8771929824561403,6.236019611358643
DRD2,active,338431,CC(C)(C)c1nc(N2CCN(CCCCN3C(=O)CCSc4ccccc43)CC2)cc(C(F)(F)F)n1,7.08,0.1978021978021978,0.6712328767123288,6.233012676239014
DRD2,active,1763168,COc1ccccc1N1CCN(CCCCCNC(=O)c2sc3nc(OC)c(Cl)c(C)c3c2N)CC1,8.57,0.1938775510204081,0.9852941176470588,6.240825176239014
DRD2,active,306991,Cc1cccc(N2CCN(CCc3ccc4[nH]nnc4c3)CC2)c1C,7.29,0.1643835616438356,0.7037037037037037,6.206073760986328
DRD2,active,1754179,CC(=O)Oc1ccc2c(c1OC(C)=O)-c1cccc3c1[C@@H](C2)N(C)CC3,7.0,0.6037735849056604,0.7636363636363637,6.257650852203369
DRD2,active,690065,FC(F)(F)c1cccc(N2CCN(CCCCNc3ccccn3)CC2)c1,7.77,0.225,0.7857142857142857,6.236924171447754
DRD2,active,2572825,Fc1ccc2c(C3CCN(CCCOc4ccc(CN5CCCC5)cc4Cl)CC3)noc2c1,7.85,0.1720430107526881,0.890625,6.256179332733154
DRD2,active,329309,Clc1ccc2[nH]cc(CCCN3CCN(c4cccc5c4OCCO5)CC3)c2c1,7.5,0.1555555555555555,0.8620689655172413,6.199512481689453
DRD2,active,2303050,O=S(=O)(c1cccc2cnccc12)N1CCC[C@@H]1CCN1CCN(c2cccc3sccc23)CC1,8.3,0.1313131313131313,1.0,6.3298139572143555
DRD2,active,2857519,NC(=O)N[C@H]1CC[C@H](CCN2CCN(c3cccc(Cl)c3Cl)CC2)CC1,8.83,0.1944444444444444,0.7777777777777778,6.251837253570557
DRD2,active,151360,N#Cc1cccc([C@@H]2CCCN(CCCc3ccccc3)C2)c1,7.54,0.2205882352941176,0.8695652173913043,6.226807117462158
DRD2,active,708059,CN1CCN(C2Cc3ccccc3Sc3ccc(-c4ccccc4)cc32)CC1,8.74,0.2539682539682539,0.8636363636363636,6.2162766456604
DRD2,active,214747,Clc1cccc(OCCNCCCOc2ccccc2)c1,7.66,0.1666666666666666,0.6756756756756757,6.206018924713135
DRD2,active,221827,CCCNC1CCc2ccc(O)cc2C1,8.42,0.2542372881355932,0.5681818181818182,6.203929901123047
DRD2,active,333574,CN1CCc2c(sc3ncn(CCN4CCN(c5cncc6ccccc56)CC4)c(=O)c23)C1,8.92,0.1827956989247312,0.7391304347826086,6.174018383026123
DRD2,active,2544071,CCc1cc(Cl)c(OC)c(C(=O)NC[C@@H]2C[C@@H](OCCCCNC(=O)c3cc4ccccc4o3)CN2)c1O,8.64,0.1578947368421052,0.7625,6.221421718597412
DRD2,active,2009923,O=C(CC(F)(F)F)N[C@H]1CC[C@H](CCN2CCC(c3coc4ccccc34)CC2)CC1,7.37,0.1976744186046511,0.847457627118644,6.2426276206970215
DRD2,active,1980458,C[C@@H](O)[C@@H]1NC(=O)[C@H](CCCCN)NC(=O)[C@@H](Cc2c[nH]c3ccccc23)NC(=O)[C@H](Cc2ccccc2)NC(=O)[C@H](Cc2ccccc2)NC(=O)[C@H](CCCNC(=N)N)NC(=O)[C@H](NCCS(=O)(=O)C[C@@H]2C[C@@H]3c4cccc5[nH]cc(c45)C[C@H]3N(C)C2)CCCCNC(=O)[C@H](Cc2ccc(F)cc2)NC1=O,7.25,0.1476510067114094,0.9596774193548387,6.364453315734863
DRD2,active,330338,CC(=O)N1CCC(C)c2c(C)ccc(CCN3CCN(c4nsc5ccccc45)CC3)c21,7.92,0.1868131868131868,0.7727272727272727,6.305229187011719
DRD2,active,82327,CNC(=O)c1ccc(-c2ccc(C(=O)NCCCCN3CCc4ccc(OS(=O)(=O)C(F)(F)F)cc4C3)cc2)cc1,7.0,0.2134831460674157,0.7638888888888888,6.2545695304870605
DRD2,active,2305525,O=S(=O)(c1cccc2ncccc12)N1CCC[C@H]1CCN1CCN(c2cccc3sccc23)CC1,7.8,0.1326530612244898,1.0,6.3302106857299805
DRD2,active,330322,CC(=O)N1CCC(C)c2c(C)ccc(CCN3CCN(c4noc5ccccc45)CC3)c21,7.77,0.1868131868131868,0.7101449275362319,6.304879188537598
DRD2,active,367039,Cc1c(C(=O)NCCCCCN2CCN(c3cccc(Cl)c3Cl)CC2)nnn1Cc1ccccc1,8.0,0.2247191011235955,0.9833333333333332,6.20997953414917
DRD2,active,2231844,O=C1CCc2ccc(OCCCCN3CCN(c4ccc(O)c5c4OCCO5)CC3)cc2N1,8.66,0.1951219512195122,0.803030303030303,6.217835426330566
DRD2,active,8635,CCCN(CCCCN1C(=O)CC2(CCCC2)CC1=O)C1COc2cccc(OC)c2C1,8.0,0.1595744680851064,0.6388888888888888,6.244312286376953
DRD2,active,395960,CC(C)Oc1ccccc1N1CCN([C@H]2CC[C@H](NS(=O)(=O)c3ccccc3[N+](=O)[O-])CC2)CC1,7.07,0.1290322580645161,1.0,6.269302845001221
DRD2,active,114715,CN1CCN(C2=Nc3ccccc3Oc3ccc(OS(=O)(=O)C(F)(F)F)cc32)CC1,7.28,0.2054794520547945,0.6779661016949152,6.268961429595947
DRD2,active,210224,COc1ccccc1N1CCN(CCCCNC(=O)/C=C/c2ccc(Cl)cc2Cl)CC1.O=C(O)C(=O)O,7.68,0.2222222222222222,0.84375,6.277718544006348
DRD2,active,1757921,Clc1cccc(N2CCN(CCCCOc3cc4ccccn4n3)CC2)c1Cl,8.03,0.2027027027027027,0.639344262295082,6.2115678787231445
DRD2,active,2551530,COc1ccc(Cl)cc1C1CC1CNCCCCOc1ccc2ccc(=O)[nH]c2c1,7.81,0.1379310344827586,1.0,6.186572074890137
DRD2,active,707773,O=C1NCc2ccc(OCCCCN3CCN(c4cccc5ccc(F)cc45)CC3)cc21,7.47,0.2413793103448276,0.9491525423728814,6.2325897216796875
DRD2,active,1672024,CCCN[C@H]1CCc2nc(N)sc2C1.Cl.Cl.O,8.41,0.1126760563380281,0.945945945945946,6.186913967132568
DRD2,active,1502410,O=c1[nH]c2ccc(CCN3CCN(c4cccc(C(F)(F)F)c4)CC3)cc2[nH]c1=O,7.55,0.2125,0.7142857142857143,6.191740989685059
DRD2,active,97527,Fc1ccc(-c2cncc(CN3CCN(c4ccccc4F)CC3)c2)cc1,7.6,0.1973684210526315,0.7446808510638298,6.208554267883301
DRD2,active,185270,CCN(Cc1cccc(OC)c1)Cc1ccc(-c2cc(S(=O)(=O)CC)ccc2OC)[nH]1,7.1,0.0833333333333333,0.8421052631578947,6.212042331695557
DRD2,active,245320,COc1ccc2c(c1)CCC1(CCN(CCCC(=O)c3ccc(F)cc3)CC1)O2,8.7,0.4507042253521127,0.5147058823529411,6.213904857635498
DRD2,active,2778512,CCCCCNC(=O)/N=C(\N)NCCCc1nnc(N)s1.O=C(O)C(F)(F)F.O=C(O)C(F)(F)F,10.83,0.1264367816091954,0.98,6.415316581726074
DRD2,active,1750312,C=CCN1CCC[C@H]1CNC(=O)c1cc(CCCSC2CC(=O)N(CCCCCC(=O)NCCOCCOCCOCCOCCOCCOCCC(=O)N[C@@H](Cc3cnc[nH]3)C(=O)N[C@@H](C)C(=O)N[C@H](C(=O)N[C@@H](Cc3ccc(O)cc3)C(=O)N3CCC[C@H]3C(=O)N[C@@H](CCCNC(=N)N)C(=O)N[C@@H](Cc3cnc[nH]3)C(=O)O)[C@@H](C)CC)C2=O)cc(OC)c1OC,7.56,0.0989583333333333,1.0,6.669162273406982
DRD2,active,2009928,O=C(N[C@H]1CC[C@H](CCN2CCC(c3coc4ccccc34)CC2)CC1)C1CCOC1,7.28,0.1777777777777777,0.9016393442622952,6.236024856567383
DRD2,active,423208,CC(=O)NC1CCc2ccc(CCN3CCN(c4nsc5ccccc45)CC3)cc21,7.66,0.1927710843373494,0.875,6.257133960723877
DRD2,active,1757929,O=Cc1cc2cc(OCCCCN3CCN(c4cccc(Cl)c4Cl)CC3)ccn2n1,7.85,0.1585365853658536,0.796875,6.238327503204346
DRD2,active,546650,Br.CN1CCc2c(cc(O)c(O)c2Cl)C(c2ccccc2)C1,7.11,0.6326530612244898,0.660377358490566,6.202093601226807
DRD2,active,714982,CC[11CH2]N1CCO[C@@H]2c3cc(O)ccc3CC[C@H]21,8.07,0.2615384615384615,1.0,6.2699408531188965
DRD2,active,235059,COc1ccccc1N1CCN(CCCCNC(=O)c2cc3ccccc3[te]2)CC1,7.41,0.2261904761904762,0.7142857142857143,6.219486236572266
DRD2,active,1962594,Clc1cccc(N2CCN(CCc3cn(-c4ccn5nccc5c4)nn3)CC2)c1Cl,8.0,0.1625,0.896551724137931,6.206669807434082
DRD2,active,2220673,COc1ccccc1N1CCN(CCCCOc2ccn3nccc3c2)CC1,7.85,0.1927710843373494,0.7368421052631579,6.21717643737793
DRD2,active,2182728,COc1ccccc1N1CCCN(CCCCOc2ccc3c(c2)NC(=O)CC3)CC1,8.4,0.2159090909090909,0.9310344827586208,6.255369186401367
DRD2,active,1760521,Cc1cccc(S(=O)(=O)NCCCCN2CCN(c3noc4ccccc34)CC2)c1,7.36,0.1818181818181818,0.7580645161290323,6.206431865692139
DRD2,active,2085087,COc1ccccc1OCCNC[C@H](O)COc1cccc2[nH]c3ccccc3c12,7.31,0.1022727272727272,1.0,6.2376017570495605
DRD2,active,2522025,Cn1ccc2cc(S(=O)(=O)N[C@H]3CCN(CCCc4noc5ccccc45)C3)ccc21,7.91,0.160919540229885,1.0,6.212123394012451
DRD2,active,373622,O=C(CCCCCN1CCN(c2ccccc2Cl)CC1)NC1CCCc2ccccc21,7.29,0.2266666666666666,0.7868852459016393,6.2260613441467285
DRD2,active,569292,COc1ccccc1N1CCN(CCCc2cn(CCCN3CCc4cc(O)c(O)cc4C(c4ccccc4C)C3)nn2)CC1,7.72,0.2790697674418604,1.0,6.281642436981201
DRD2,active,706141,O=C1NCc2ccc(OCCCCN3CCN(c4cccc5cc(F)ccc45)CC3)cc21,7.24,0.2413793103448276,0.9491525423728814,6.235857009887695
DRD2,reference,4726,CN1CN(c2ccccc2)C2(CCN(CCCC(=O)c3ccc(F)cc3)CC2)C1=O,10.15,1.0,0.7068965517241379,6.207053184509277
DRD2,reference,97840,CN1CCc2cc(Cl)c(O)cc2[C@H](c2ccccc2)C1,7.7,1.0,0.6326530612244898,6.2317376136779785
DRD2,reference,3854,CN1CCc2cccc3c2[C@H]1Cc1ccc(O)c(O)c1-3,9.21,1.0,0.7857142857142857,6.218429088592529
DRD2,reference,21800,CN1CCc2cc(N)cc3c2[C@H]1Cc1ccc(O)c(O)c1-3,7.7,1.0,0.782608695652174,6.213030815124512
DRD2,reference,21802,CN1CCc2cc(O)cc3c2[C@H]1Cc1ccc(O)c(O)c1-3,8.96,1.0,0.782608695652174,6.21677827835083
DRD2,reference,21836,CN1CCc2cc(F)cc3c2[C@H]1Cc1ccc(O)c(O)c1-3,9.37,1.0,0.782608695652174,6.214751243591309
DRD2,reference,21839,CN1CCc2cc(Br)cc3c2[C@H]1Cc1ccc(O)c(O)c1-3,8.17,1.0,0.782608695652174,6.232783317565918
DRD2,reference,4634,O=C(CCCN1CCC2(CC1)C(=O)NCN2c1ccccc1)c1ccc(F)cc1,10.22,1.0,0.7068965517241379,6.222562789916992
DRD2,reference,71429,CN(C)C1C=CC2(CC1)c1ccccc1C=Cc1ccc(Cl)cc12,9.18,1.0,0.6938775510204082,6.20809268951416
DRD2,reference,71460,CN(C)C1C=CC2(CC1)c1ccccc1CCc1ccc(Cl)cc12,8.7,1.0,0.6938775510204082,6.194277286529541
DRD2,negative,3204061,COc1cccc(C(=O)N2CCC[C@@H](c3nc4c5cccc(OC)c5nc(N)n4n3)C2)c1,,0.1477272727272727,,6.202000617980957
DRD2,negative,1075959,CCCCC#Cc1nc(N)c2ncn([C@@H]3SC[C@@H](O)[C@H]3O)c2n1,,0.1071428571428571,,6.197633743286133
DRD2,negative,427736,Nc1cccc(Cn2cnc3c(-c4ccco4)nc(N)nc32)c1,,0.1,,6.225289821624756
DRD2,negative,2533339,CN(C)[C@@H]1CCN(CCCOc2ccc(-c3ccc(C#N)cc3)cc2F)C1,,0.1647058823529411,,6.26098108291626
DRD2,negative,1193195,Cc1nc(C(=O)NCCN2CCN(c3cccc(Cl)c3Cl)CC2)c(C)n1-c1ccccc1,,0.238095238095238,,6.222902297973633
DRD2,negative,688739,Cc1nc(-c2sc(NC(=O)CC(C)C)nc2-c2ccccc2)no1,,0.1686746987951807,,6.187693119049072
DRD2,negative,438503,CNCc1cc(C(=O)N2CCN(C(C)C)CC2)ccc1Oc1ccc(SC)cc1,,0.160919540229885,,6.265660285949707
DRD2,negative,105779,CN(CCCc1ccccc1)C1CCN(CCOC(c2ccccc2)c2ccccc2)CC1,,0.189873417721519,,6.224687099456787
DRD2,negative,3134070,C[C@@H]1CN(c2nsnc2Cl)CCN1CCc1nc2c3ccc4c(c3nc(N)n2n1)OC(F)(F)O4,,0.1354166666666666,,6.3700456619262695
DRD2,negative,2970945,COc1cc2nc(N)n3nc([C@@H]4CCCN(c5cn(C(C)(C)CO)nc5C)C4)nc3c2cc1F,,0.1111111111111111,,6.349621772766113
DRD2,negative,151916,CNC(=O)[C@H](Cc1ccccc1)NC(=O)[C@H](CC(C)C)NC(=O)C(S)Cc1ccccc1,,0.1558441558441558,,6.2051825523376465
DRD2,negative,342967,Cc1ccccc1NC(=O)Oc1ccc2c(c1)[C@]1(C)CCO[C@@H]1O2,,0.15,,6.216203212738037
DRD2,negative,2258342,Nc1nn(-c2ccccc2)nc1C(=O)NCc1ccccc1,,0.1971830985915492,,6.189137935638428
DRD2,negative,2840984,COc1c(OCc2ccccc2)cc2oc3cc4c(c(OCc5ccncc5)c3c(=O)c2c1CC=C(C)C)C=CC(C)(C)O4,,0.1111111111111111,,6.272555828094482
DRD2,negative,647352,O=C(c1ccc(Oc2ccc(Cl)cc2)nc1)N1CCCN(C2CCC2)CC1,,0.1392405063291139,,6.245302200317383
DRD2,negative,340067,Cn1cc2c(nc(NC(=O)Nc3cc4ccccc4o3)n3nc(-c4ccco4)nc23)n1,,0.1237113402061855,,6.232171058654785
DRD2,negative,690544,CC(C)OCC1(C(=O)c2ccc(N)c(Cl)c2)CCCN1,,0.1707317073170731,,6.200584411621094
DRD2,negative,1068961,Cc1cc(C(=O)Nc2nccs2)cc(Cl)c1NC(=O)CC(C)(C)C,,0.1025641025641025,,6.206363201141357
DRD2,negative,1337155,COCC[C@H]1[C@]2(C)CNC[C@]12c1ccc(Cl)c(Cl)c1,,0.1617647058823529,,6.201543807983398
DRD2,negative,627587,N#Cc1ccc(O[C@H]2CN[C@H](C(=O)N3CCCN(C4CCC4)CC3)C2)cc1,,0.119047619047619,,6.224953651428223
DRD2,negative,631805,C[C@@H]1CCCN1CCc1ccc2nc(-c3ccccn3)ccc2c1,,0.1621621621621621,,6.181047439575195
DRD2,negative,2037073,O=c1cccnn1-c1ccc2c(c1)CNCC2c1ccc(Cl)c(Cl)c1,,0.2054794520547945,,6.192022800445557
DRD2,negative,2295887,CC(=O)c1c(OCCCCN2CCN(c3ccccc3Cl)CC2)ccc2c(C)cc(=O)oc12,,0.2159090909090909,,6.210081100463867
DRD2,negative,2716277,N#Cc1ccc2[nH]cc(CCN3CCN(c4ccc(C(=O)CCC5CCN(Cc6ccccc6)CC5)cc4)CC3)c2c1,,0.2526315789473684,,6.236476421356201
DRD2,negative,458695,COc1cc2c(cc1OC)C(=O)C(Cc1ccc(CN3CCCCC3)cc1)C2,,0.1666666666666666,,6.230671405792236
DRD2,negative,2569239,CC(C)(C)c1ccc(-c2cn3c(nc4ccccc43)c(N)n2)cc1,,0.1,,6.18844747543335
DRD2,negative,1167770,Cc1cc2nc([C@H]3[C@@H](c4ccc(Cl)cc4)C[C@@H]4CC[C@H]3N4C)[nH]c2cc1C,,0.1688311688311688,,6.213992118835449
DRD2,negative,2566848,Cc1ccc(CN2CCN(C(=O)C(=O)Nc3ccc4c(ccn4C)c3)CC2)cc1,,0.1529411764705882,,6.19865083694458
DRD2,negative,3220975,CNCC1(c2ccc(Cl)c(Cl)c2)CCCC(F)(F)C1,,0.1470588235294117,,6.212491035461426
DRD2,negative,424879,N#Cc1cccc(OCC(=O)Nc2cc(-c3nccs3)nc(-c3ccccn3)n2)c1,,0.1134020618556701,,6.2282185554504395
DRD2,negative,2403615,N#Cc1ccc2[nH]cc(CCCCN3CCN(c4c5c(nc6ccccc46)CCC5)CC3)c2c1,,0.1666666666666666,,6.232912063598633
DRD2,negative,405817,COc1ccc(Sc2ccccc2N)c(CN(C)C)c1,,0.1323529411764706,,6.193587303161621
DRD2,negative,3128311,FC(F)(F)c1cc(COc2ccc(Cl)cc2OC2CNC2)ccc1Cl,,0.1466666666666666,,6.232975959777832
DRD2,negative,3024817,CC(C)COc1ccc(COC(=O)N(Cc2ccc(F)cc2F)C2CCN(C)CC2)cc1,,0.1764705882352941,,6.272749900817871
DRD2,negative,13036,N[C@@H]1C[C@H]1c1c[nH]cn1,,0.1016949152542373,,6.192387580871582
DRD2,negative,2509756,COc1cc2c(cc1O)CCC(C)(CCC(=O)NCCCCCCNc1c3c(nc4cc(Cl)ccc14)CCCC3)O2,,0.145631067961165,,6.282528400421143
DRD2,negative,335730,C[C@H](N)Cn1ncc2ccc(O)cc21,,0.1587301587301587,,6.191565990447998
DRD2,negative,3173582,CC(C)Oc1cccc(-c2cccc(CNC(=O)c3nc(N)nc4c(F)cccc34)n2)c1,,0.1263157894736842,,6.2082695960998535
DRD2,negative,33682,COc1ccc(-c2cc3c(c(=O)o2)C[C@]2(O)[C@@]4(C)C(=O)C=CC(C)(C)[C@]4(O)CC[C@@]2(C)O3)cc1,,0.1170212765957446,,6.334676265716553
DRD2,negative,516939,C=CCN(CC=C)C(=O)[C@@]1(c2cccs2)C[C@H]1CN,,0.1234567901234567,,6.209848880767822
DRD2,negative,1278480,COC(=O)[C@H]1[C@@H](c2ccc(C)cc2)C[C@@H]2CC[C@H]1N2C/C(I)=C/C(F)(F)F,,0.1333333333333333,,6.327174186706543
DRD2,negative,1705947,Cc1c(Cl)cccc1N1CCN(CCCNC(=O)c2nc(-c3ccccc3)n(-c3ccccc3)c2C)CC1.Cl.Cl.Cl,,0.2558139534883721,,6.265731334686279
DRD2,negative,2408563,CCn1ncc2c(NC3CCCCC3)c(C(=O)NCCNc3c4c(nc5ccccc35)CCCC4)cnc21,,0.1368421052631579,,6.268040180206299
DRD2,negative,266320,Cc1ccccc1C(=O)N[C@H](C)C(=O)N1CCN(CCCOc2ccc(-c3noc(CC4CCCC4)n3)c(F)c2)CC1,,0.1981132075471698,,6.257936477661133
DRD2,negative,3130346,Fc1ccc(-c2nc3c(N4CCOCC4)nccn3c2-c2ccc3[nH]nnc3c2)cc1,,0.1521739130434782,,6.215090274810791
DRD2,negative,2068973,Nc1nc(C(=O)NCc2cccc3c2OCCN3)c2cccc(F)c2n1,,0.1428571428571428,,6.193873405456543
DRD2,negative,568989,Cn1cc2c(nc(NC(=O)Cc3cccc(Cl)c3)n3nc(-c4ccco4)nc23)n1,,0.1333333333333333,,6.204575061798096
DRD2,negative,572579,Fc1cccc(Oc2cccc(F)c2C2CCNCC2)c1,,0.1617647058823529,,6.223206043243408
DRD2,negative,3251885,Nc1nc(-c2ccco2)c2c(n1)C(Cc1c(F)cccc1Cl)OC2=O,,0.1219512195121951,,6.225269794464111
DRD2,negative,344527,O[C@](Cc1ccccc1Br)(c1ccccc1)[C@@H]1CNCCO1,,0.1267605633802817,,6.239174842834473
DRD2,negative,388369,C/C=C/C[N+]12CC[C@@H]3[C@@H]4[C@@H]5[C@@H](OCC=C(C1)[C@@H]5C[C@@H]32)N1c2ccccc2[C@@]23CC[N+]5(C/C=C/C)CC6=CCO[C@H]([C@@H]([C@H]12)[C@H]6C[C@@H]35)N4c1ccccc1.[Br-].[Br-],,0.1351351351351351,,6.515077590942383
DRD2,negative,3015929,Cc1nc2ccc(S(F)(F)(F)(F)F)cc2c(=O)n1-c1ccc(OCCCN2CCC[C@@H]2C)cc1,,0.1720430107526881,,6.2839555740356445
DRD2,negative,474985,COc1ccc(CCSc2cc3nc(-c4ccco4)nn3c(N)n2)cc1,,0.0941176470588235,,6.241405963897705
DRD2,negative,267141,CNC(=O)[C@H](C)NC(=O)[C@H](CC(C)C)N[C@H](CCN1C(=O)c2cc3ccccc3cc2C1=O)C(=O)O,,0.1744186046511628,,6.21521520614624
DRD2,negative,489145,CC(C)CC(=O)N(Cc1ccc(Cl)cc1Cl)[C@H]1CCNC1,,0.1944444444444444,,6.267301082611084
DRD2,negative,323423,O=C(CCCCC1CCSS1)NCCNc1c2c(nc3ccccc13)CCCC2,,0.1368421052631579,,6.309836387634277
DRD2,negative,2741444,NS(=O)(=O)c1ccc(NCc2cccc(Cl)c2O)cc1,,0.171875,,6.220370292663574
DRD2,negative,2526803,CCNc1ncc2c(n1)N(C)CCN(c1ccc(COC(CCNC)c3ccccc3)cc1)C2=O,,0.1632653061224489,,6.322178363800049
DRD2,negative,159917,CCc1nc(-c2cc(OCC3CC3)cc(OCC3CC3)c2)c2cc(OC)c(OCCO)cc2n1,,0.1071428571428571,,6.264523506164551
DRD2,negative,2738983,N#Cc1c(-c2ccccc2)nc(N)nc1-c1cccs1,,0.0909090909090909,,6.183657169342041
DRD2,negative,569700,CCCCn1cc2c(nc(NC(=O)Cc3ccc4ccccc4c3)n3nc(-c4ccco4)nc23)n1,,0.1386138613861386,,6.2204670906066895
DRD2,negative,3205701,Cc1cnc2ccc(-c3c(-c4ccc(F)cc4)nc(N)n4nc(C[C@H]5CCCN5C)nc34)cn12,,0.1797752808988764,,6.253900527954102
DRD2,negative,326352,Cc1ccc2on(C[C@@H]3C[C@H]4c5ccccc5Oc5ccc(Br)cc5[C@H]4O3)c2c1,,0.1604938271604938,,6.209387302398682
DRD2,negative,348967,C/C=C1\C2C=C(C)C[C@]1(N)CC(NCCCCCCCNc1c3c(nc4ccccc14)CCCC3)C2(C)C,,0.1157894736842105,,6.281411647796631
DRD2,negative,628703,Nc1nc(-c2ccccc2)c2c(n1)-c1cc(OCCN3CCOCC3)ccc1C2=O,,0.1860465116279069,,6.243106842041016
DRD2,negative,3073285,CC(C)COc1ccc(COC(=O)N(Cc2ccc(F)cc2)C2CCN(C)CC2)cc1,,0.2023809523809523,,6.244844436645508
DRD2,negative,2962016,Cc1cc(-c2c(-c3ccc(F)cc3)nc(N)n3cnnc23)cc(C(F)F)n1,,0.125,,6.323031425476074
DRD2,negative,201428,N#Cc1c(N)nc(SCc2ncc[nH]2)c(C#N)c1-c1ccc(O)cc1,,0.1153846153846153,,6.208100318908691
DRD2,negative,516858,CCN(CCCCCCn1c(=O)c(=O)n(CCCCCCN(CC)Cc2ccccc2OC)c2ccccc21)Cc1ccccc1OC,,0.1645569620253164,,6.285240650177002
DRD2,negative,1560205,Fc1ccc(-c2nnc(N3CCN4CCC3CC4)o2)cc1,,0.1621621621621621,,6.228919982910156
DRD2,negative,613416,O=S1(=O)N(CCN2CC=C(c3c[nH]c4cc(F)ccc34)CC2)c2cccc3c2N1CCC3,,0.1770833333333333,,6.25034236907959
DRD2,negative,2285990,Cn1c(=O)n(CCN2CCN(c3ccc(OCCOC4CC4)cc3)CC2)c2nc(N)n3nc(-c4ccco4)nc3c21,,0.1634615384615384,,6.316833019256592
DRD2,negative,1062107,CC(=O)Nc1cc(-c2ccoc2)nc(-c2ccoc2)n1,,0.1052631578947368,,6.215140342712402
DRD2,negative,393986,CCN1CCN(CCCOc2ccc3c(c2)CN(C)CC3c2ccc(OC)cc2)CC1,,0.2753623188405797,,6.258100509643555
DRD2,negative,3213044,C[C@H](NC(=O)c1nc(-c2ccc3cccnc3c2)c(-c2ccccc2)nc1N)c1ccccn1,,0.1234567901234567,,6.235086441040039
DRD2,negative,2984382,O=C1Cc2cc(-c3c(-c4ccccc4)nc4c(N5CCC(F)CC5)nccn34)ccc2N1,,0.1739130434782608,,6.195931911468506
DRD2,negative,1059484,Fc1cc(O[C@@H]2C[C@H]3CC[C@@H](C2)N3)cc(-c2ccccc2)c1,,0.1470588235294117,,6.254426002502441
DRD2,negative,1150187,CC(C)C1=N[C@H]2CC[C@]34C[C@]35C(=O)C[C@]3(C)[C@@H]([C@H](C)N(C)C)[C@H](O)C[C@@]3(C)[C@@H]5CC[C@H]4[C@]2(C)CS1,,0.108695652173913,,6.402015686035156
DRD2,negative,648038,O=C(c1ccc(Oc2cccc(F)c2)nc1)N1CCCN(C2CC2)CC1,,0.188235294117647,,6.262231826782227
DRD2,negative,2544293,COCCCC/C(=N\OCCN)c1ccc(I)cc1,,0.131578947368421,,6.199293613433838
DRD2,negative,1167985,CSc1ccc(C(=O)N2CCCN(C3(c4ccc(Oc5ccccc5)cc4)C(=O)NC(=O)NC3=O)CC2)cc1,,0.2068965517241379,,6.218106746673584
DRD2,negative,580495,Cn1ncc(Cl)c1-c1cc(NC(=O)Nc2ccc(Cl)cc2)ccc1OCCN1CCCC1,,0.1604938271604938,,6.202598571777344
DRD2,negative,394008,COc1ccc(C2CN(C)Cc3cc(OCCCN4CCN(C(=O)c5cccn5C)CC4)ccc32)cc1,,0.2625,,6.2417216300964355
DRD2,negative,208099,O=C(O)[C@H]1[C@H](CN2C(=O)c3ccccc3C2=O)CC[C@@H]1SCCc1ccc(-c2ccc(F)cc2)cc1,,0.2195121951219512,,6.223162651062012
DRD2,negative,298663,COc1ccc(Cn2cnc(N)c3nc(C(C)(C)COc4ccc(OC(F)(F)F)cc4)nc2-3)cc1OC1CCCC1,,0.1122448979591836,,6.278196334838867
DRD2,negative,562667,CNC[C@@H](O)[C@H](c1cccc(F)c1)n1c(=O)n(C(C)C)c2cccc(F)c21,,0.1529411764705882,,6.300204753875732
DRD2,negative,1283696,c1ccc(-c2cnc3nc(N4CCC(N5CCCCC5)CC4)oc3c2)nc1,,0.1282051282051282,,6.17521333694458
DRD2,negative,2006158,FC(F)(F)c1nnc2ccc(-c3ccc4c(c3)CN3CCC4(c4ccc(Cl)cc4)C3)cn12,,0.1707317073170731,,6.279163360595703
DRD2,negative,2168521,COC(=O)c1ccnc(N2CCC(OC(=O)N3CCN(C(C)C)CC3)CC2)c1,,0.1379310344827586,,6.2347412109375
DRD2,negative,686028,Cc1c(C(=O)N(C)CCCN2CCN(c3cccc(Cl)c3Cl)CC2)cc(-c2ccccc2)n1C,,0.2325581395348837,,6.191579341888428
DRD2,negative,2010966,N#Cc1ccc(C2C[C@@H]2C(=O)N2CCN(C3CCC3)CC2)cc1,,0.1267605633802817,,6.198678970336914
DRD2,negative,2183566,O=C(CC1CC1)N[C@H]1CC[C@H](CCN2CCC(c3noc4cc(Cl)ccc34)CC2)CC1,,0.1585365853658536,,6.227029800415039
DRD2,negative,297320,CN1CCC(CCc2c[nH]cn2)CC1,,0.1864406779661017,,6.256849765777588
DRD2,negative,511413,CNC[C@H]1CCc2ccccc2[C@H]1Oc1ccccc1C,,0.1764705882352941,,6.200553894042969
DRD2,negative,1516139,CN1CC=CCC(c2ccc(Cl)c(Cl)c2)C1,,0.2678571428571428,,6.218358993530273
DRD2,negative,2224753,COc1cc2c(cc1OC)C(=O)/C(=C/c1cc[n+](Cc3cccc(C)c3)cc1)C2.[Br-],,0.125,,6.321761131286621
DRD2,negative,3045172,CNC[C@H](C[C@H](O)c1ccccc1)c1ccc2ccccc2c1,,0.1384615384615384,,6.2054924964904785
DRD2,negative,3253235,CN1CCN(CCc2nc3c4ccc5c(c4nc(N)n3n2)OC(F)(F)O5)CC1=O,,0.1612903225806451,,6.219040870666504
DRD2,negative,3229992,Fc1cccc(Oc2cc(C3CC3)nc(N3CCC4(CC3)CNCCO4)n2)c1,,0.1397849462365591,,6.300331115722656
DRD2,negative,3012549,CNCc1cc(OCc2cc(Cl)ccc2F)n(C[C@@H]2CCCCO2)n1,,0.1585365853658536,,6.2099761962890625
DRD2,negative,114112,CNC(=O)[C@@H](Cc1ccc(-c2ccccc2)cc1)NC(=O)[C@@H](CC(=O)NO)CC(C)C,,0.1325301204819277,,6.238897323608398
DRD2,negative,2747001,CN1C(=O)N(C[C@H](C(=O)NO)[C@H](CC2CCCC2)C(=O)N2CCCCC2)C(=O)C1(C)C,,0.1511627906976744,,6.218011379241943
DRD2,negative,1731644,CCN1CCN2c3c(cccc31)[C@@H]1CN(CCCC(=O)c3ccc(F)cc3)CC[C@@H]12,,0.3717948717948718,,6.282122611999512
DRD2,negative,435252,FC(F)(F)c1ccc(-c2nc(Cc3ccccc3)nc3c2CCNCC3)cc1,,0.119047619047619,,6.225812911987305
DRD2,negative,3106135,Cc1ccc(-c2nc(N)nc3c2C(=O)OC3Cc2ccc(F)cc2C(F)(F)F)o1,,0.1290322580645161,,6.276772499084473
DRD2,negative,412319,c1cc([C@@H]2CN3CCC[C@@H]3c3cc(OCCCN4CCOCC4)ccc32)cs1,,0.189873417721519,,6.192131042480469
DRD2,negative,424869,Cc1cc(C)n(-c2cc(NC(=O)COc3cccc(F)c3)nc(-c3ccc(C)o3)n2)n1,,0.1458333333333333,,6.208440780639648
DRD2,negative,2759908,Nc1nc(-c2ccco2)c2ccccc2n1,,0.109375,,6.209322929382324
DRD2,negative,3247454,FC(F)(F)c1ccccc1COc1ccc(Cl)cc1OC1CNC1,,0.1805555555555555,,6.257810115814209
DRD2,negative,298647,COc1ccc(Cn2cnc(N)c3nc(C(C)(C)COc4ccccc4-c4cccs4)nc2-3)cc1OC1CCCC1,,0.1192660550458715,,6.248040199279785
DRD2,negative,603623,COc1ccc(NC(=O)Nc2ccc(F)cc2)cc1-c1c(Br)cnn1C(C)C,,0.1511627906976744,,6.187593936920166
DRD2,negative,489878,Cc1cccc2c(=O)n(-c3ccc(OCCCN4CCCC4)cc3)c(C)nc12,,0.2098765432098765,,6.19453239440918
DRD2,negative,3014832,CS(=O)(=O)Nc1ccc(-c2nc(NCC(Cc3ccccc3)c3ccccc3)c3ccccc3n2)cc1,,0.1235955056179775,,6.1998419761657715
DRD2,negative,2976185,Cc1ccc2c(c1)Oc1cc(C(F)F)ccc1C(N1CCN(CC(C)(C)C(=O)O)CC1)=N2,,0.1521739130434782,,6.275052070617676
DRD2,negative,2924201,CC(C)COc1ccc(CNC(=O)N(Cc2ccc(F)cc2)[C@H]2CCN(C)CC23CC3)cc1,,0.2247191011235955,,6.289116859436035
DRD2,negative,686736,Cc1c(Br)c(C(=O)N2CCN(CC(=O)c3ccc(F)cc3)CC2)nn1C,,0.3194444444444444,,6.19766902923584
DRD2,negative,3113699,Cn1cc(-c2c(-c3ncco3)nc(N)n3nc(Cc4ncccc4OC(F)F)nc23)ccc1=O,,0.1132075471698113,,6.301253795623779
DRD2,negative,2057894,O=C(Nc1nc(NCc2ccccc2)nc2nc(-c3ccco3)nn12)c1ccccc1,,0.1511627906976744,,6.185949325561523
DRD2,negative,3011395,CN1CCO[C@@H](c2ccccc2)[C@H](c2ccc3ccccc3c2)C1,,0.3103448275862069,,6.199415683746338
DRD2,negative,67179,c1ccc(CCCCc2c[nH]cn2)cc1,,0.1666666666666666,,6.216365337371826
HTR2A,active,146930,CCN(C)CCc1c(-c2ccc(Cl)cc2)[nH]c2ccccc12,8.46,0.2,0.8,6.386951923370361
HTR2A,active,135573,CN(C)CC1CC2c3ccccc3Cc3cccc(Cl)c3N2O1,7.49,0.1142857142857142,0.7083333333333334,6.405279159545898
HTR2A,active,2151607,O=C(c1ccco1)N1CCC(CCN2CCN(c3nsc4ccccc34)CC2)CC1,8.66,0.072289156626506,0.7384615384615385,6.549163341522217
HTR2A,active,1612169,CN1CCc2c(c3cccc4c3n2-c2ccccc2CC4)C1,7.62,0.0806451612903225,0.375,6.417750835418701
HTR2A,active,453355,CNCc1ccc(Cl)cc1Oc1ccc(C)c(Cl)c1,8.04,0.2280701754385964,0.8205128205128205,6.433557033538818
HTR2A,active,2028675,Cc1nc(-c2ccc(C(=O)N[C@H]3CC[C@H](CCN4CCC(c5cccc6c5CCO6)CC4)CC3)cc2)no1,7.26,0.0824742268041237,0.7638888888888888,6.4675798416137695
HTR2A,active,27072,CN(C)CCC=C1c2ccccc2CCc2ccccc21,8.36,0.1886792452830188,0.6842105263157895,6.386025428771973
HTR2A,active,2031267,CCC(O)C(=O)N[C@H]1CC[C@H](CCN2CCN(c3cccc4c3OCO4)CC2)CC1,7.59,0.0941176470588235,0.8360655737704918,6.450578689575195
HTR2A,active,258266,O=C1CC(CN2CCC(c3noc4cc(F)ccc34)CC2)Cc2ccccc21,8.57,0.0898876404494382,0.8095238095238095,6.395104885101318
HTR2A,active,3176946,CCN(CCN1CCN(c2noc3ccccc23)CC1)C(=O)C(C)O,7.24,0.1052631578947368,0.7627118644067796,6.407928943634033
HTR2A,active,431613,N#Cc1ccc2c(c1Cl)CCNCC2,7.52,0.0714285714285714,0.625,6.42496395111084
HTR2A,active,2841044,c1ccc(N2CCN(CCCc3nc4ccccc4s3)CC2)nc1,7.34,0.0714285714285714,0.6538461538461539,6.422458171844482
HTR2A,active,131519,CN(C)CC1(C)CC2c3ccccc3Cc3ccccc3N2O1,7.24,0.1194029850746268,0.5490196078431373,6.408454418182373
HTR2A,active,1757922,CCOC(=O)c1cc2cc(OCCCCN3CCN(c4cccc(Cl)c4Cl)CC3)ccn2n1,7.66,0.1011235955056179,0.7571428571428571,6.493959426879883
HTR2A,active,146966,CCN(C)CCc1c(-c2cccs2)[nH]c2ccccc12,8.77,0.1967213114754098,0.6590909090909091,6.3783955574035645
HTR2A,active,603356,COc1ccc(NC(=O)Nc2cccc(F)c2)cc1-c1c(Br)cnn1C,9.5,0.2253521126760563,0.8490566037735849,6.422097206115723
HTR2A,active,2868634,Clc1ccc2[nH]cc(C3=CCCNC3)c2c1,7.35,0.2181818181818181,0.6590909090909091,6.401721000671387
HTR2A,active,2090000,COc1ccc(CCN(CCCc2ccccc2I)CCc2ccc3c(c2)OCO3)cc1OC,7.12,0.2428571428571428,0.7818181818181819,6.545479774475098
HTR2A,active,2960785,CNCc1nn(CC2CCCCC2)c(OCc2cc(F)ccc2F)c1F,7.82,0.1486486486486486,0.7068965517241379,6.477684020996094
HTR2A,active,2855965,CC(C)c1ccc2[nH]cc(C3=CCCNC3)c2c1,7.01,0.2280701754385964,0.6590909090909091,6.406394958496094
HTR2A,active,2031254,CO[C@H](C)C(=O)N[C@H]1CC[C@H](CCN2CCN(c3cccc4c3OCO4)CC2)CC1,7.47,0.131578947368421,1.0,6.456653594970703
HTR2A,active,2009971,CC(C)(C)c1ccc(C(=O)N[C@H]2CC[C@H](CCN3CCC(c4coc5ccccc45)CC3)CC2)cc1,8.42,0.0963855421686747,0.847457627118644,6.4676690101623535
HTR2A,active,470538,O=C1CC(CN2CCC(C(=O)c3ccc(F)cc3)CC2)Cc2oc(-c3ccccc3)cc21,7.76,0.0898876404494382,0.6721311475409836,6.466981887817383
HTR2A,active,1760560,O=S(=O)(NCCCN1CCC(c2noc3cc(F)ccc23)CC1)c1ccc2cc(Cl)ccc2c1,8.51,0.1034482758620689,0.953125,6.4623703956604
HTR2A,active,1997826,CS(=O)(=O)N[C@H]1CC[C@H](CCN2CCC(c3cccc4c3OCO4)CC2)CC1,7.5,0.0930232558139534,0.8103448275862069,6.444881439208984
HTR2A,active,1704401,CCCc1nc(C(=O)NCCCN2CCN(c3cccc(Cl)c3Cl)CC2)c(C)n1-c1ccccc1F.Cl.Cl.Cl.Cl,7.68,0.1123595505617977,0.8382352941176471,6.552953243255615
HTR2A,active,3121348,CC(=O)Nc1nc2ccc(CCN3CCN(c4cccc5sccc45)CC3)cc2s1,7.72,0.1208791208791208,0.873015873015873,6.459150791168213
HTR2A,active,2922664,COc1cc(S(=O)(=O)C(F)(F)F)c(OC)cc1CCN.Cl,8.72,0.3035714285714285,0.6829268292682927,6.526182651519775
HTR2A,active,2845517,COc1cccc2[nH]cc(C3=CCCN(C)C3)c12,7.22,0.2131147540983606,0.64,6.437541961669922
HTR2A,active,580548,Cn1nccc1-c1cc(NC(=O)Nc2ccc(Cl)cc2)ccc1OCCN1CCC1,9.16,0.1547619047619047,0.9636363636363636,6.4373273849487305
HTR2A,active,522808,Fc1ccc2c([C@@H]3CNCC[C@H]3F)c(-c3cccnc3)[nH]c2c1,9.46,0.0945945945945946,0.7692307692307693,6.470255374908447
HTR2A,active,2333421,Cc1cc(OCCCN2CCN(c3ccc(Cl)cc3)CC2)c2c(C)cc(=O)oc2c1,7.16,0.1265822784810126,0.7142857142857143,6.414701461791992
HTR2A,active,443184,[3H]C([3H])([3H])N1C[C@H](C(=O)N(CC)CC)C=C2c3cccc4[nH]cc(c34)C[C@H]21,7.67,0.1428571428571428,0.875,6.499666690826416
HTR2A,active,274908,Nc1c(F)cccc1C(=O)CCCN1CC[C@H]2[C@@H](C1)c1cccc3c1N2CCCS3,8.12,0.0681818181818181,0.8059701492537313,6.525465965270996
HTR2A,active,3020898,O=c1[nH]c(CCN2CCN(c3cccc4sccc34)CC2)nc2ccccc12,7.67,0.0921052631578947,0.6461538461538462,6.371824264526367
HTR2A,active,172381,COc1cc(Cc2c(N)nc(SCCN3CCN(Cc4ccccc4Cl)CC3)nc2N)cc(OC)c1OC,8.37,0.2179487179487179,0.7619047619047619,6.481791019439697
HTR2A,active,3074194,CC(C)Oc1ccc(COC(=O)N(Cc2ccc(F)cc2F)C2CCN(C)CC2)cc1,9.9,0.1481481481481481,0.8524590163934426,6.520812034606934
HTR2A,active,433554,C[C@H](N)Cn1ncc2ccc3sccc3c21,8.17,0.1607142857142857,0.574468085106383,6.406179904937744
HTR2A,active,1566835,Cl.Clc1cccc(Nc2nc(Cc3ccccc3)nc3c2CCNCC3)c1,8.52,0.1081081081081081,0.7959183673469388,6.458621978759766
HTR2A,active,34266,CN(C)CCOC1=Cc2ccccc2Sc2ccc(Cl)cc21,9.04,0.1875,0.4285714285714285,6.431471824645996
HTR2A,active,423275,CC(C)C(=O)NC1CCc2cc(CCN3CCN(c4nsc5ccccc45)CC3)ccc21,9.19,0.1276595744680851,0.8805970149253731,6.455204486846924
HTR2A,active,1704629,COc1ccccc1-n1c(C)nc(C(=O)NCC(O)CN2CCN(c3cccc(Cl)c3Cl)CC2)c1C.Cl.Cl.Cl.Cl,7.28,0.1477272727272727,0.984375,6.467367172241211
HTR2A,active,469763,CN1CCC[C@@H]1CCO[C@](C)(c1ccccc1)c1ccc(Cl)cc1,8.04,0.0985915492957746,0.3333333333333333,6.436456680297852
HTR2A,active,1975430,CC(=O)N[C@H]1CC[C@H](CCN2CCN(c3nccc4c3CCO4)CC2)CC1,7.64,0.0786516853932584,0.8448275862068966,6.46531867980957
HTR2A,active,3263132,Cc1n[nH]c2c1C(=O)N(CCN1CCC(c3noc4ccccc34)CC1)CC2,8.8,0.0864197530864197,0.8064516129032258,6.457460403442383
HTR2A,active,3279802,CCN(CCN1CCC(c2noc3cc(F)ccc23)CC1)C(=O)[C@H]1CC[C@@H](O)CC1,9.3,0.1234567901234567,1.0,6.477767467498779
HTR2A,active,1975523,O=C(N[C@H]1CC[C@H](CCN2CCN(c3nccc4c3CCO4)CC2)CC1)c1ccc(N2CCS(=O)(=O)CC2)cc1,7.78,0.0693069306930693,0.8676470588235294,6.462165355682373
HTR2A,active,3079225,CCN(CCN1CCC(c2c[nH]c3ccccc23)CC1)S(=O)(=O)CCO,8.8,0.1944444444444444,0.7704918032786885,6.607466220855713
HTR2A,active,2014481,Cc1ccc(-n2c(C)nc(C(=O)NCC(O)CN3CCN(c4cccc(C)c4C)CC3)c2C)cc1,7.17,0.1325301204819277,0.9,6.441398620605469
HTR2A,active,1975503,Cc1cnc(N2CCN(CC[C@H]3CC[C@H](NC(=O)C4CCOCC4)CC3)CC2)c2ccoc12,8.25,0.0804597701149425,0.8059701492537313,6.4242377281188965
HTR2A,active,1822256,O=C(NCCCCN1CCN(c2ccccc2)CC1)c1cc2ccccc2cn1,7.4,0.1095890410958904,0.8653846153846154,6.468674659729004
HTR2A,active,409595,COc1cc(F)ccc1/C=C/c1ccc(S(=O)(=O)c2ccccc2F)cn1,7.19,0.1538461538461538,0.76,6.447198390960693
HTR2A,active,707090,O=C1NCc2ccc(OCCCCN3CCN(c4cccc5ccccc45)CC3)c(F)c21,8.97,0.0886075949367088,0.9454545454545454,6.456557273864746
HTR2A,active,172399,Nc1nc(SCCN2CCN(Cc3ccccc3Cl)CC2)nc(N)c1Cc1ccccc1Cl,7.93,0.1232876712328767,0.86,6.478434085845947
HTR2A,active,2028700,O=C(Cc1ccc2c(c1)OCO2)N[C@H]1CC[C@H](CCN2CCC(c3cccc4c3CCO4)CC2)CC1,7.34,0.1052631578947368,0.7910447761194029,6.479075908660889
HTR2A,active,1145109,O=c1ccc2cnc(OCCCCN3CCN(c4cccc(Cl)c4Cl)CC3)cc2[nH]1,8.54,0.1012658227848101,0.7258064516129032,6.436954498291016
HTR2A,active,1832882,CN(C)[C@@H]1Cc2ccccc2[C@@H](c2cccc([N+](=O)[O-])c2)C1.Cl,7.13,0.1780821917808219,0.6530612244897959,6.457846164703369
HTR2A,active,1975531,O=C(N[C@H]1CC[C@H](CCN2CCN(c3nccc4c3CCO4)CC2)CC1)c1ccc(-n2cccc2)cc1,7.62,0.0707070707070707,0.8235294117647058,6.444083213806152
HTR2A,active,603528,COc1ccc(NC(=O)Nc2cccc(C#N)c2)cc1-c1c(Br)cnn1C,9.3,0.2162162162162162,0.7457627118644068,6.422087669372559
HTR2A,active,1760258,Cc1cccc(S(=O)(=O)NCCN2CCN(c3nsc4ccccc34)CC2)c1,8.06,0.1265822784810126,0.8928571428571429,6.456666469573975
HTR2A,active,2028639,O=C(N[C@H]1CC[C@H](CCN2CCC(c3cccc4c3CCO4)CC2)CC1)c1ccc(N2CCOCC2)cc1,7.75,0.0721649484536082,0.8787878787878788,6.462833404541016
HTR2A,active,2864343,Brc1ccc2[nH]nc(C3=CCCNC3)c2c1,7.82,0.1333333333333333,0.7142857142857143,6.407495498657227
HTR2A,active,12494,CCCN1C[C@H](CSC)C[C@@H]2c3cccc4[nH]cc(c34)C[C@H]21,8.41,0.1527777777777778,0.4047619047619047,6.449158191680908
HTR2A,active,453280,CNC(C)c1ccc(OC)cc1Oc1ccc(Cl)c(Cl)c1,7.06,0.25,0.5652173913043478,6.42206335067749
HTR2A,active,3226477,O=C(N[C@H]1CC[C@H](CCN2CCN(c3nsc4ccccc34)CC2)CC1)c1cc2cc([N+](=O)[O-])ccc2[nH]1,8.58,0.1752577319587628,0.7972972972972973,6.437664031982422
HTR2A,active,3058721,O=C1c2cn[nH]c2CCN1CCN1CCN(c2nsc3ccccc23)CC1,9.22,0.0779220779220779,0.6885245901639344,6.388512134552002
HTR2A,active,330449,COc1cccc(CC(=O)N2CCC(C)c3cccc(CCN4CCN(c5nsc6ccccc56)CC4)c32)c1,8.97,0.1704545454545454,0.782051282051282,6.494939804077148
HTR2A,active,522807,Fc1ccc2c([C@@H]3CNCC[C@H]3F)c(-c3ccc4ccccc4c3)[nH]c2c1,9.64,0.1126760563380281,0.8,6.472516059875488
HTR2A,active,1704406,COc1ccc(-n2cc(C(=O)NCCCN3CCN(c4cccc(C)c4C)CC3)nc2-c2ccccc2)cc1.Cl.Cl,7.72,0.1590909090909091,0.9846153846153848,6.481104850769043
HTR2A,active,2031286,CN1CCC(C(=O)N[C@H]2CC[C@H](CCN3CCN(c4cccc5c4OCO5)CC3)CC2)CC1,7.82,0.0879120879120879,0.8793103448275862,6.475641250610352
HTR2A,active,2500848,CC(C)n1nc2c(c1-c1ccc(F)cc1)CCNCC2,8.1,0.0833333333333333,0.7804878048780488,6.4125518798828125
HTR2A,active,580558,Cn1nccc1-c1cc(NC(=O)Nc2ccc(Cl)cc2)ccc1OCCCN1CCOCC1,8.4,0.1494252873563218,0.9152542372881356,6.496840476989746
HTR2A,active,134975,CN(C)CC1CC2c3ccccc3Cc3ccc(Cl)cc3N2O1,8.46,0.1285714285714285,0.78,6.408627510070801
HTR2A,active,1975519,O=C(N[C@H]1CC[C@H](CCN2CCN(c3nccc4c3CCO4)CC2)CC1)c1ccc2c(c1)OCO2,7.75,0.09375,0.7857142857142857,6.451775550842285
HTR2A,active,1975480,CC#CC(=O)N[C@H]1CC[C@H](CCN2CCN(c3nccc4c3CCO4)CC2)CC1,7.91,0.0909090909090909,0.7903225806451613,6.47320556640625
HTR2A,active,435207,Fc1ccc(-c2nc(C3CC3)nc3c2CNCC3)cc1,7.4,0.0769230769230769,0.902439024390244,6.440209865570068
HTR2A,active,1760504,O=S(=O)(NCCCCN1CCN(c2nsc3ccccc23)CC1)c1cccs1,8.26,0.0886075949367088,0.9433962264150944,6.436160087585449
HTR2A,active,2848391,CCc1cccc(N2CCN(CC[C@H]3CC[C@H](NC(=O)COC)CC3)CC2)c1Cl,7.68,0.125,0.6923076923076923,6.452259063720703
HTR2A,active,2722206,O=S(=O)(CC1CCN(CCCc2noc3cc(F)ccc23)C1)c1ccc(Cl)c(Cl)c1,8.77,0.0930232558139534,0.890625,6.478014945983887
HTR2A,active,152354,CN(C)CC1C[C@@H]2c3ccccc3OCc3ccccc3[C@H]2O1,7.04,0.1428571428571428,0.7142857142857143,6.437156677246094
HTR2A,active,2009933,O=C(N[C@H]1CC[C@H](CCN2CCC(c3coc4ccccc34)CC2)CC1)C1(O)CC1,8.52,0.0777777777777777,0.7627118644067796,6.393636703491211
HTR2A,active,134974,CN(C)CC1CC2c3ccccc3Cc3cc(F)ccc3N2O1,8.16,0.1285714285714285,0.8367346938775511,6.409060955047607
HTR2A,active,631950,COc1cccc(C(=O)Nc2ccc(OCCN3CCOCC3)c(-c3ccnn3C)c2)c1,8.31,0.1647058823529411,0.8260869565217391,6.457075119018555
HTR2A,active,138225,COc1ccc2c(c1)Cc1ccccc1C2CN,8.12,0.2941176470588235,0.6521739130434783,6.416057109832764
HTR2A,active,120673,O=C(c1ccc(F)cc1)C1CCN(CCc2ccccc2I)CC1,8.71,0.1111111111111111,0.6739130434782609,6.519801139831543
HTR2A,active,1559439,O=C1CC(c2c[nH]c3ccccc23)C(=O)N1CCCCN1CCC(c2c[nH]c3ccc(F)cc23)CC1,7.15,0.1710526315789473,1.0,6.563082695007324
HTR2A,active,1760572,O=S(=O)(NCCCCN1CCC(c2noc3cc(F)ccc23)CC1)c1cnc2ccccn12,8.02,0.1,0.9545454545454546,6.473212718963623
HTR2A,active,603440,COc1ccc(NC(=O)Nc2ccc(Br)cc2)cc1-c1c(Br)cnn1C,9.6,0.2424242424242424,0.8571428571428571,6.438084602355957
HTR2A,active,2031261,O=C(C[C@@H]1CCCOC1)N[C@H]1CC[C@H](CCN2CCN(c3cccc4c3OCO4)CC2)CC1,7.58,0.0833333333333333,1.0,6.5294671058654785
HTR2A,active,2515009,Cc1c(S(=O)(=O)N[C@H]2CCN(CCCc3noc4ccccc34)C2)sc2ccc(F)cc12,8.41,0.1,1.0,6.459234237670898
HTR2A,active,590668,Cc1ccc(CCn2c3c(c4cc(C)ccc42)CN(C)CC3)cc1,8.96,0.203125,0.8636363636363636,6.441237449645996
HTR2A,active,370508,O=C1c2c(OC(F)(F)F)cccc2C2CNCCN12,7.17,0.078125,0.6808510638297872,6.409264087677002
HTR2A,active,3118227,Cc1c2c(nn1C)CCN(CCN1CCC(c3noc4ccccc34)CC1)C2=O,9.43,0.074074074074074,0.819672131147541,6.420371055603027
HTR2A,active,2483123,FC(F)(F)CC1CN2CCNCc3ccc(Br)c1c32,7.89,0.1129032258064516,0.6170212765957447,6.50714111328125
HTR2A,active,1997800,O=C(C[C@H]1CCCOC1)N[C@H]1CC[C@H](CCN2CCC(c3cccc4c3OCO4)CC2)CC1,7.7,0.0833333333333333,1.0,6.518738269805908
HTR2A,active,2028648,Cc1ccc(C(=O)N[C@H]2CC[C@H](CCN3CCC(c4cccc5c4CCO5)CC3)CC2)cn1,7.59,0.0869565217391304,0.7808219178082192,6.492197036743164
HTR2A,active,2475245,COc1c(OCCOCCOCCOCCOCCOCCOc2ccc(C3CCN(c4ccn5c(CC6CC6)nnc5c4Cl)CC3)cc2)cccc1C(=O)C1CCN(CCc2ccc(F)cc2)CC1,7.0,0.1238938053097345,1.0,6.637602806091309
HTR2A,active,2526063,O=C(CCCN1C2CCC1CN(c1ccc(Cl)cn1)C2)c1ccc(F)cc1,7.29,0.057471264367816,0.6785714285714286,6.490437984466553
HTR2A,active,1347076,O=C(CCCCN1CCC(c2ccccc2)CC1)c1nc2ccccc2s1,8.47,0.0714285714285714,0.3787878787878788,6.408084869384766
HTR2A,active,2147243,O=C(N[C@H]1CC[C@H](CCN2CCC(c3noc4cc(F)ccc34)CC2)CC1)C1COc2ccccc2O1,8.59,0.075268817204301,0.704225352112676,6.4672369956970215
HTR2A,active,1960031,Fc1ccccc1Nc1nc(N2CCNCC2)nc2ccccc12,7.16,0.0895522388059701,0.7,6.446746349334717
HTR2A,active,2014474,Cc1cccc(N2CCN(CCNC(=O)c3nc(C)n(-c4ccc(F)cc4)c3C)CC2)c1C,7.64,0.1204819277108433,0.7903225806451613,6.418099403381348
HTR2A,active,2244172,Cc1nc2n(c(=O)c1CCN1CCN(c3cccc4sccc34)CC1)CCCC2F,7.99,0.0833333333333333,0.8153846153846154,6.509787559509277
HTR2A,active,1832886,CN(C)[C@@H]1Cc2ccccc2[C@@H](c2cccc(Br)c2)C1.Cl,7.7,0.1076923076923077,0.7380952380952381,6.465797424316406
HTR2A,active,172257,COc1ccccc1Cc1c(N)nc(SCCN2CCN(Cc3cccc(C(F)(F)F)c3)CC2)nc1N,7.22,0.1951219512195122,0.8484848484848485,6.481828689575195
HTR2A,active,3240130,Cc1noc2c1C(=O)N(CCN1CCC(c3noc4ccccc34)CC1)CCC2,8.35,0.075,0.8928571428571429,6.46472692489624
HTR2A,active,147412,O=C1NCCN1CCN1CCC(c2c(-c3ccccc3)[nH]c3ccccc23)CC1,8.14,0.0985915492957746,0.7924528301886793,6.459815502166748
HTR2A,active,1832895,CN(C)[C@@H]1Cc2ccccc2[C@@H](c2cccc(-c3ccccc3)c2)C1.Cl,7.36,0.1076923076923077,0.7435897435897436,6.457048416137695
HTR2A,active,435167,Fc1ccc(-c2nc(Cc3ccccc3)nc3c2CCCNC3)cc1,8.06,0.0833333333333333,0.8695652173913043,6.4441609382629395
HTR2A,active,2231066,O=C(CCCN1CCN(c2cccc(Cl)c2Cl)CC1)Nc1ccn2nccc2c1,8.31,0.0769230769230769,0.7058823529411765,6.435998916625977
HTR2A,active,2508121,CC(C)n1nc2c(c1-c1ccc(OC(F)(F)F)cc1)CCNCC2,7.4,0.1194029850746268,0.7446808510638298,6.464189529418945
HTR2A,active,3063003,CCN(CCN1CCC(c2noc3cc(F)c(C)cc23)CC1)S(=O)(=O)CCO,7.27,0.0952380952380952,0.7692307692307693,6.644989490509033
HTR2A,active,1594698,CN1[C@@H]2CC[C@H]1C[C@H](N1CCC(c3c(-c4ccccc4)[nH]c4ccccc34)CC1)C2,8.96,0.1044776119402985,0.7307692307692307,6.467259883880615
HTR2A,active,2946961,CN1C[C@H](C(=O)N(CC(F)F)CC(F)F)C=C2c3cccc4[nH]cc(c34)C[C@H]21,9.48,0.141025641025641,0.9152542372881356,6.489989757537842
HTR2A,active,706863,Cc1cc2c(cc1OCCCCN1CCN(c3cccc4ccccc34)CC1)C(=O)NC2,7.43,0.1204819277108433,0.9473684210526316,6.460275650024414
HTR2A,active,2031284,CS(=O)(=O)CC(=O)N[C@H]1CC[C@H](CCN2CCN(c3cccc4c3OCO4)CC2)CC1,7.66,0.0919540229885057,0.8032786885245902,6.47363805770874
HTR2A,active,3009768,O=C(N[C@H]1CC[C@H](CCN2CCN(c3nsc4ccccc34)CC2)CC1)OCc1ccccc1,9.43,0.086021505376344,1.0,6.390021800994873
HTR2A,active,2191857,CCOC(=O)N[C@H]1CC[C@H](CCN2CCN(c3nsc4ccccc34)CC2)CC1,9.28,0.108433734939759,1.0,6.443575382232666
HTR2A,active,1975428,CS(=O)(=O)N[C@H]1CC[C@H](CCN2CCN(c3nccc4sccc34)CC2)CC1,8.54,0.0886075949367088,0.8421052631578947,6.406071662902832
HTR2A,active,1997816,O=C(Cc1ccc2c(c1)OCO2)N[C@H]1CC[C@H](CCN2CCC(c3cccc4c3OCO4)CC2)CC1,7.43,0.1098901098901098,0.7910447761194029,6.447444915771484
HTR2A,reference,1090,COc1cc(CC(C)N)c(OC)cc1Br,9.22,1.0,1.0,6.500109672546387
HTR2A,reference,2207,COc1ccc2[nH]cc(CCN)c2c1,8.32,1.0,0.6923076923076923,6.385471820831299
HTR2A,reference,2232,COc1ccc2[nH]cc(CCN(C)C)c2c1,7.82,1.0,0.6923076923076923,6.378238677978516
HTR2A,reference,89578,COc1ccc(CNCCc2cc(OC)c(Br)cc2OC)cc1,7.89,1.0,0.825,6.416696071624756
HTR2A,reference,89579,COc1cc(CCNCc2ccc([N+](=O)[O-])cc2)c(OC)cc1Br,7.24,1.0,0.717391304347826,6.486135482788086
HTR2A,reference,89581,COc1cc(CCNCc2ccc(N)cc2)c(OC)cc1Br,7.8,1.0,0.8048780487804879,6.506765365600586
HTR2A,reference,89615,COc1cc(CCNCc2ccc(C)cc2)c(OC)cc1Br,7.85,1.0,0.825,6.514102935791016
HTR2A,reference,89635,CNCCc1c[nH]c2ccc(OC)cc12,8.39,1.0,0.75,6.480499744415283
HTR2A,reference,89636,CCNCCc1c[nH]c2ccc(OC)cc12,8.14,1.0,0.75,6.46449089050293
HTR2A,reference,89668,COc1cc(CCNCc2ccc(I)cc2)c(OC)cc1Br,9.4,1.0,0.8048780487804879,6.501918792724609
HTR2A,negative,1559794,O=S(=O)(N[C@@H]1CCC[C@H]1S)c1ccc(Oc2ccccc2)cc1,,0.1269841269841269,,6.449353218078613
HTR2A,negative,1989774,O=C1c2cc(CCN3CCC(Cc4ccc(Br)c(O)c4)CC3)ccc2OCC1O,,0.1666666666666666,,6.411491394042969
HTR2A,negative,1263659,Cc1ccc(-c2ccc(S(=O)(=O)N[C@@H]3CC=CCN(O)C3=O)s2)cc1,,0.12,,6.392305374145508
HTR2A,negative,124814,CCCN(CCC)[C@H]1CCc2nn3ccccc3c2C1,,0.1029411764705882,,6.4354729652404785
HTR2A,negative,1162228,O=C(NCC1CC1)c1cn(-c2cccc(-c3ccc(C4CC4C(=O)O)cc3)c2)c2ncccc2c1=O,,0.0769230769230769,,6.466792106628418
HTR2A,negative,9921,CCCCN1C2CCC1CC(OC(c1ccc(F)cc1)c1ccc(F)cc1)C2,,0.1194029850746268,,6.488462448120117
HTR2A,negative,1948988,COc1ccc(C(C)NS(=O)(=O)NC(=O)OCc2ccccc2)cc1,,0.2121212121212121,,6.451365947723389
HTR2A,negative,218824,COc1cccc2c1C(O)(c1ccc(Cl)cc1)N1CCN=C21,,0.1666666666666666,,6.4547905921936035
HTR2A,negative,597662,C=CCCCCCCCCCCOCCOCCOCCOCCOc1ccc(-c2nc3c([nH]2)c(=O)n(C)c(=O)n3C)cc1,,0.1168831168831168,,6.49211311340332
HTR2A,negative,3014616,Cc1cc2nc(N[C@@H](C)c3ccccn3)nc(C(=O)NCc3ccccn3)c2s1,,0.1097560975609756,,6.527474880218506
HTR2A,negative,1180096,Cc1nc2ccccc2n1-c1ccc(C(=O)N(C)[C@H]2CCN(C(C)C)C2)cc1,,0.081081081081081,,6.441592216491699
HTR2A,negative,194883,Nc1c2c(nc3ccccc13)C1CCC2C1,,0.0862068965517241,,6.441609859466553
HTR2A,negative,3114578,O=C(NCC1CC1)c1nc2cccnn2c1-c1ccc(Cl)cc1,,0.0714285714285714,,6.361678600311279
HTR2A,negative,1624813,Cc1nc2c(s1)CC[C@H]2C(=O)Nc1ccc(C[C@@H]2CC[C@H]([C@H](O)c3cccnc3)N2)cc1,,0.0957446808510638,,6.454970359802246
HTR2A,negative,2210165,O=S(=O)(NCCCCN1CC=C(c2c[nH]c3ccc(Cl)cc23)CC1)c1cccc(Cl)c1,,0.1948051948051948,,6.469997882843018
HTR2A,negative,323508,O=C(CCCCC1CCSS1)NCCCCNc1c2c(nc3ccccc13)CCCC2,,0.0930232558139534,,6.550118923187256
HTR2A,negative,267216,CC(C)C[C@H](N[C@H](CCN1C(=O)c2cc3ccccc3cc2C1=O)C(=O)O)C(=O)N1CCN(C)CC1,,0.1125,,6.561877250671387
HTR2A,negative,557310,c1ccc(CN(c2ccc3[nH]ccc3c2)C2CCCNC2)cc1,,0.144927536231884,,6.408928394317627
HTR2A,negative,2786923,CCCN(CCc1ccc(CCN(CCC)[C@H]2CCc3nc(N)sc3C2)cc1)[C@H]1CCc2c(O)cccc2C1,,0.119047619047619,,6.530097484588623
HTR2A,negative,630920,c1ccc(CN2CCC(CNc3nsc4ccccc34)CC2)cc1,,0.0857142857142857,,6.420313835144043
HTR2A,negative,1582741,O=C1NCC(c2ccc(Cl)c(Cl)c2)C1c1cccc(Cl)c1,,0.078125,,6.434084415435791
HTR2A,negative,154831,CN(C)CCc1cn(S(=O)(=O)c2ccccc2)c2ccccc12,,0.2678571428571428,,6.391002655029297
HTR2A,negative,627586,O=C([C@@H]1C[C@@H](Oc2cccc(F)c2)CN1)N1CCCN(C2CCC2)CC1,,0.1038961038961039,,6.452090263366699
HTR2A,negative,3035241,CC1(F)CCCN(CCc2nc3c4ccc5c(c4nc(N)n3n2)OC(F)(F)O5)C1,,0.0975609756097561,,6.482353210449219
HTR2A,negative,379973,O=C(/C=C/c1ccccc1)Nc1ccc(O)cc1,,0.0746268656716417,,6.463449478149414
HTR2A,negative,2265046,COc1cc2c(cc1OC)C(=O)C(Cc1cc[n+](Cc3ccccc3)cc1C(C)=O)CC2.[Br-],,0.1764705882352941,,6.480746269226074
HTR2A,negative,3039060,Fc1cccc(Oc2cc(F)c(F)cc2N2CCC3(CCNCC3)C2)c1,,0.1159420289855072,,6.529515266418457
HTR2A,negative,230994,CNCCC(Oc1cccc2ccccc12)c1ccc(F)cc1,,0.2,,6.449636936187744
HTR2A,negative,564286,CCCN(C(=O)c1ccccc1SC)[C@H]1CCNC1,,0.1159420289855072,,6.438105583190918
HTR2A,negative,601787,COc1ccc(-c2ccnc3cc(-c4ccc(Cl)cc4)nn23)cc1OC1CCCC1,,0.1304347826086956,,6.424497604370117
HTR2A,negative,452285,Cc1ccccc1OC1c2ccccc2CC1(O)CN,,0.1290322580645161,,6.428452491760254
HTR2A,negative,3188772,O=C(c1nc2cccnn2c1-c1ccnc(OC(F)F)c1)N1CCC1,,0.0674157303370786,,6.461102485656738
HTR2A,negative,247924,COc1cccc2c1O[C@@H](CN1C3C=C(c4ccc(Cl)c(Cl)c4)CC1CC3)CO2,,0.1298701298701298,,6.473870277404785
HTR2A,negative,289515,CCOP(=O)(/C=C/c1ccccc1)N1Cc2ccccc2CC1C(=O)NO,,0.108433734939759,,6.537672519683838
HTR2A,negative,632401,Cc1ccc(-c2ccc3cc(CCN4CCC[C@H]4C)ccc3n2)cn1,,0.1298701298701298,,6.442914009094238
HTR2A,negative,1143420,COc1ccccc1N1CCN(CCCCN2CCc3cc(-c4ccncc4)ccc3C2=O)CC1,,0.1585365853658536,,6.438413619995117
HTR2A,negative,1059283,Clc1cccc(O[C@@H]2C[C@H]3CC[C@@H](C2)N3)c1,,0.1454545454545454,,6.420649528503418
HTR2A,negative,3220048,O=S1(=O)CCNCC12CCN(c1nc(Oc3cccc(F)c3)cc(C(F)(F)F)n1)CC2,,0.0853658536585365,,6.5644145011901855
HTR2A,negative,1063327,O=C(CCC1CCN(Cc2ccccc2)CC1)c1ccc2c(c1)CCNCC2,,0.0833333333333333,,6.403111457824707
HTR2A,negative,517461,CC(CC(=O)NC(=N)NCCCc1c[nH]cn1)c1cccs1,,0.131578947368421,,6.491321086883545
HTR2A,negative,1170642,Cc1csc([C@@]23CNCC[C@]2(c2ccc(Cl)c(Cl)c2)C3)n1,,0.0857142857142857,,6.425233840942383
HTR2A,negative,299519,C[C@@H](NC(=O)c1ccco1)C(=O)N1CCN(CCCOc2ccc(C(=O)C3CC3)cc2)CC1,,0.1162790697674418,,6.460240840911865
HTR2A,negative,3065373,O=C(NC(c1ccc(F)cc1)c1ccccn1)C1CCN(CCOc2ccccc2Cl)CC1,,0.0897435897435897,,6.495408058166504
HTR2A,negative,412768,Clc1cccc(CN(CC2CC2)[C@@H]2CCNC2)c1Cl,,0.106060606060606,,6.425564289093018
HTR2A,negative,2776032,Nc1nc(C(=O)Nc2ccccn2)cn2c1nc1ccccc12,,0.0789473684210526,,6.413545608520508
HTR2A,negative,330072,C[C@@H]1CCCN1CCc1cc2cc(Nc3ccccc3[N+](=O)[O-])ccc2o1,,0.1627906976744186,,6.483065128326416
HTR2A,negative,113385,CNC(=O)[C@H](Cc1c[nH]c2ccccc12)NC(=O)[C@@H](CC(=O)NO)OC(C)C,,0.25,,6.394277572631836
HTR2A,negative,580893,O=c1[nH]c2cccc(OCC3CCN(CC4CCc5[nH]c6ccc(F)cc6c5C4)CC3)c2o1,,0.1176470588235294,,6.48702335357666
HTR2A,negative,2721471,O=C1CN(Cc2ccc(OCCCN3CCCCC3)cc2)C(=O)CN1,,0.1304347826086956,,6.408942699432373
HTR2A,negative,333282,COc1cccc(-c2cc(Cc3ccncc3)cc3cccnc23)c1,,0.2222222222222222,,6.45962381362915
HTR2A,negative,596408,Clc1ccc([C@]23CNC[C@H]2C3)cc1Cl,,0.087719298245614,,6.398963451385498
HTR2A,negative,1840717,C[C@H]1CCCN1CCCOc1ccc(C2=NNC(=O)C3CC23)cc1,,0.125,,6.455000400543213
HTR2A,negative,555295,COc1cccc2c1OC(c1ccc(OCCCN3CCC[C@H]3C)cc1)C(C)S2(=O)=O,,0.15,,6.474832534790039
HTR2A,negative,343274,c1nc(CCCCNC2CCCCC2)c[nH]1,,0.1333333333333333,,6.38527774810791
HTR2A,negative,513133,CC1CCN(Cc2ccc(-c3ccc(CN4CCCCC4)cc3)cc2)CC1,,0.1186440677966101,,6.44405460357666
HTR2A,negative,119536,O=CN(O)C(CCC(=O)N1CCOCC1)CS(=O)(=O)c1ccc(Oc2ccc(OC(F)(F)F)cc2)cc1,,0.0952380952380952,,6.534792900085449
HTR2A,negative,1778794,Clc1ccc(C(CC2CNC2)Oc2ccccc2)cc1Cl,,0.1290322580645161,,6.462775707244873
HTR2A,negative,2028016,Nc1nc(-n2cccn2)nc(-n2cccn2)c1Br,,0.0983606557377049,,6.452500820159912
HTR2A,negative,428153,O=C(NO)[C@@H](Cc1ccc2ccccc2c1)NS(=O)(=O)c1ccc2ccccc2c1,,0.1690140845070422,,6.418641090393066
HTR2A,negative,1058278,Cc1cc([C@@H]2C3CCC(C[C@@H]2c2ccc(Cl)cc2)S3)on1,,0.0821917808219178,,6.4671220779418945
HTR2A,negative,1063498,CS(=O)(=O)Nc1ccc2c(CCC3CCN(Cc4ccccc4)CC3)noc2c1,,0.1136363636363636,,6.427504539489746
HTR2A,negative,279554,COc1ccc(O)c(/C=N/N=C(\S)Cc2ccccc2)c1,,0.2166666666666666,,6.46657657623291
HTR2A,negative,2535709,Nc1nc(-c2ccc(NC(=O)c3ccc(O)cc3)cc2)cn2c(=O)n(-c3ccccc3)nc12,,0.0705882352941176,,6.466366291046143
HTR2A,negative,1426207,CC(=O)c1ccccc1NC(=O)c1ccc(OCCCC[n+]2cccc3ccccc32)cc1.[Br-],,0.1168831168831168,,6.478143692016602
HTR2A,negative,3243852,C[C@H](NC(=O)c1nc(-c2ccc3ncccc3c2)c(-c2ccccc2)nc1N)c1cccc(C#N)n1,,0.1011235955056179,,6.492306232452393
HTR2A,negative,340196,Cn1cc2c(nc(NC(=O)Nc3ccc[n+]([O-])c3)n3nc(-c4ccco4)nc23)n1,,0.0833333333333333,,6.497821807861328
HTR2A,negative,1831499,O=C(CC1CCCC1)Nc1ccc(C(=O)Nc2nccs2)cc1,,0.0886075949367088,,6.4287004470825195
HTR2A,negative,1336792,Cl.O=C(NCCCCCCCCCCNc1c2c(nc3ccccc13)CCCC2)c1cc(=O)c2cc(O)c(O)cc2o1,,0.1111111111111111,,6.5226054191589355
HTR2A,negative,631091,CCCCCCNC(=O)Oc1cccc(CN(C)CCCOc2ccc3ccc(=O)oc3c2)c1,,0.144578313253012,,6.464296340942383
HTR2A,negative,1625968,O=C(NCCCCN1CCN(c2ccccc2OCCF)CC1)c1c[nH]c2ccccc12.O=C(O)C(=O)O,,0.175,,6.481263637542725
HTR2A,negative,1588189,COc1cc2c(cc1OC)C[N+](C)(CCCCCCCc1cccc(OC)[n+]1C)CC2.O=S(=O)([O-])C(F)(F)F.O=S(=O)([O-])C(F)(F)F,,0.1590909090909091,,6.734554767608643
HTR2A,negative,627436,CCOC(=O)N1C[C@@H](Oc2cccc(F)c2)C[C@@H]1C(=O)N1CCCN(C2CCC2)CC1,,0.1162790697674418,,6.501121997833252
HTR2A,negative,3073099,Cc1cc(-c2c(-c3ccc(F)cc3)nc(N)n3nc(C(C)c4c(F)cccc4F)nc23)ccn1,,0.1066666666666666,,6.512443542480469
HTR2A,negative,428428,COc1cc(Br)ccc1O[C@@H](c1ccccc1)[C@@H]1CNCCO1,,0.1935483870967742,,6.491328716278076
HTR2A,negative,187615,Fc1ccc(C(OC2CC3CCC(C2)N3CCOCc2ccccc2)c2ccc(F)cc2)cc1,,0.0845070422535211,,6.524654388427734
HTR2A,negative,421460,CN1CC[C@@]23C=C[C@H](O)C[C@@H]2Oc2c(O)ccc(c23)C1,,0.0547945205479452,,6.426424980163574
HTR2A,negative,12942,COc1ccc(-c2cnc(-c3ccc(S(=O)(=O)NC(CCC(=O)O)C(=O)O)cc3)s2)cc1,,0.1866666666666666,,6.449460029602051
HTR2A,negative,2748693,O=C(O)C(=O)O.O=C1CCc2ccccc2N1CCCN1CCN(c2cccc(Cl)c2Cl)CC1,,0.057471264367816,,6.535177230834961
HTR2A,negative,1785748,CN1Cc2cc(C#N)ccc2C(c2ccc3sccc3c2)C1,,0.0684931506849315,,6.401866436004639
HTR2A,negative,51243,COc1ccc(S(=O)(=O)N(Cc2ccccc2)c2c(C(=O)NO)cnc3c(C(F)(F)F)cccc23)cc1,,0.1951219512195122,,6.475123882293701
HTR2A,negative,2359297,Nc1nc(-c2ccc(NC(=O)CCNC(=O)CCCCC3CCSS3)cc2)cn2c(=O)n(-c3ccccc3)nc12,,0.0784313725490196,,6.532946586608887
HTR2A,negative,84755,O=C(CN(Cc1ccc([N+](=O)[O-])cc1)S(=O)(=O)c1c(F)c(F)c(F)c(F)c1F)NO,,0.2647058823529412,,6.51521110534668
HTR2A,negative,447747,COc1ccc(-c2cc([C@@H]3C4CCC(C[C@@H]3c3ccc(Cl)cc3)N4C)on2)cc1.Cl,,0.1666666666666666,,6.5469818115234375
HTR2A,negative,324233,CC(C)N1CCC(Oc2ccc(CN3CCCN(C)CC3)cc2)CC1,,0.144927536231884,,6.53029203414917
HTR2A,negative,374532,CN(CCCNC(=O)CCc1c[nH]c2ccccc12)CCCNc1c2c(nc3cc(Cl)ccc13)CCCC2,,0.25,,6.550548553466797
HTR2A,negative,2142130,COc1ccnc(N2CCC(OC(=O)N3CCN(C(C)C)CC3)CC2)c1,,0.1764705882352941,,6.469398498535156
HTR2A,negative,2954685,C=CCN1C[C@H](OCc2ccc(F)cc2)C[C@H]1CNC(=O)c1cc(CCCF)cc(OC)c1OC,,0.1684210526315789,,6.455846786499023
HTR2A,negative,3035476,Fc1cccc(Oc2ccc(F)c(N3CCC4(CC3)CNCCO4)c2F)c1,,0.1066666666666666,,6.5254411697387695
HTR2A,negative,2357873,CCCn1c(=O)[nH]c2nc(-c3ccc(S(=O)(=O)N4CCN(c5ccccc5Br)CC4)cc3)[nH]c2c1=O,,0.1195652173913043,,6.491586208343506
HTR2A,negative,352902,O=C(N[C@H]1CN2CCC1CC2)c1ccc2occc2c1,,0.0759493670886076,,6.390014171600342
HTR2A,negative,710634,CC(C)N1CCN(C(=O)c2ccc3c(CN4CCOCC4)cn(C)c3c2)CC1,,0.1142857142857142,,6.419564247131348
HTR2A,negative,1384609,Cc1cc2c(OC[C@@H](O)CN3CC[C@@H](c4ccc5ccsc5c4)C[C@@H]3C)cccc2[nH]1,,0.1235955056179775,,6.432016849517822
HTR2A,negative,2862093,CCc1cccc(N2CCN(CC[C@H]3CC[C@H](NC(=O)C4=CC5C=CC=CC5N4)CC3)CC2)c1Cl,,0.1111111111111111,,6.533024311065674
HTR2A,negative,33929,CCN(CC)CCCOc1ccc(-c2ccc(C(=O)N3CCC(C)CC3)cc2)cc1,,0.1617647058823529,,6.511147499084473
HTR2A,negative,410298,Cc1ccc(C2CN(C)Cc3cc(OCCCN4CCC(F)CC4)ccc32)cc1,,0.16,,6.41783332824707
HTR2A,negative,266378,CCOCC(=O)N[C@H](C)C(=O)N1CCN(CCCOc2ccc(-c3noc(-c4ccccc4)n3)c(F)c2)CC1,,0.1237113402061855,,6.44373893737793
HTR2A,negative,2875493,CC(C)Oc1cccc2c3c(oc12)CN(CCCCOc1ccc2ccc(=O)[nH]c2c1)CC3,,0.1428571428571428,,6.521805763244629
HTR2A,negative,1145648,O=C(NCCC1CCCCC1)OCCCc1c[nH]cn1.O=C(O)/C=C\C(=O)O,,0.12,,6.4031982421875
HTR2A,negative,10383,C[C@@H](N)Cc1c[nH]cn1,,0.2682926829268293,,6.389796257019043
HTR2A,negative,46705,CCCCNC(=O)Oc1ccc2c(c1)[C@]1(C)CCN(CC)C1C2,,0.16,,6.4027509689331055
HTR2A,negative,1758562,Cc1csc(C(=O)N[C@H]2CC[C@@H](NC(=O)c3cc(F)cnc3Oc3cccc(-c4ccc(CN5C[C@@H](C)N[C@@H](C)C5)cc4CN4CCOCC4)c3)CC2)n1,,0.125,,6.550137519836426
HTR2A,negative,3074772,CN1C(=O)c2c(-c3ccco3)nc(N)nc2C1Cc1ccc(F)cc1F,,0.1168831168831168,,6.4926838874816895
HTR2A,negative,1834536,CNC(=O)[C@@]12C[C@@H]1[C@@H](n1cnc3c(NC)nc(C#Cc4ccc(Br)s4)nc31)[C@H](O)[C@@H]2O,,0.1041666666666666,,6.49809455871582
HTR2A,negative,1512332,CC(=O)c1ccc(/C=C/c2cc3c(c(=O)n(C)c(=O)n3C)n2C)cc1,,0.0789473684210526,,6.4062113761901855
HTR2A,negative,2980458,COc1cc(Oc2cccc(F)c2)nc(N2CCC3(CC2)CNCCO3)n1,,0.131578947368421,,6.532872676849365
HTR2A,negative,566242,CNC[C@@H](O)[C@H](c1ccccc1)n1c(=O)n(C(C)(C)C)c2ccccc21,,0.1194029850746268,,6.468966484069824
HTR2A,negative,1176030,C[C@@H]1CCCN1CCCOc1ccc(-c2ccc(=O)[nH]n2)cc1,,0.1285714285714285,,6.472377300262451
HTR2A,negative,648315,c1ccc(C2CNCCN2c2ccc3[nH]ncc3c2)cc1,,0.1044776119402985,,6.401490688323975
HTR2A,negative,580869,O=C1Cc2c(ccc3c2OC[C@H](CNCCC2CCc4c([nH]c5ccc(F)cc45)C2)O3)N1,,0.1304347826086956,,6.484926223754883
HTR2A,negative,2565147,NC(=S)NNC(=O)Cn1c(=O)c(Cc2ccccc2)nc2ccccc21,,0.0909090909090909,,6.354703426361084
HTR2A,negative,2310756,CCCN(CCc1ccc(NC(=O)CCc2cn(CCCCCCCCCCN(C)CCCCCNC(=O)COc3cncc(C#Cc4csc(C)n4)c3)nn2)cc1)C1CCc2c(O)cccc2C1,,0.1029411764705882,,6.644811153411865
HTR2A,negative,2770718,O=C(CCN1CCN(Cc2ccccc2)CC1)Nc1n[nH]c2ncccc12,,0.1095890410958904,,6.456748962402344
HTR2A,negative,2302686,Cc1sc(-c2ccccc2)nc1OCCN1CCCC1,,0.1343283582089552,,6.378726005554199
HTR2A,negative,591855,Cc1ccc(-c2cc(C(=O)NCc3ccc[nH]3)nc(N)n2)o1,,0.1527777777777778,,6.4315714836120605
HTR2A,negative,2068722,Nc1nc(C(=O)NCc2cccc3cccnc23)c2cc(F)c(F)cc2n1,,0.1408450704225352,,6.469816207885742
HTR2A,negative,1422023,O=C1NC(=O)C(O)(CC(=O)c2ccc(-c3ccc(Cl)cc3)cc2)C(=O)N1,,0.1016949152542373,,6.4207868576049805
HTR2A,negative,2006167,Oc1ccc2c(c1)CN1CCC2(c2ccc(Cl)cc2)CC1,,0.0983606557377049,,6.392459869384766
HTR2A,negative,1557421,C=CCC(O)c1ccc(OCCCN2CCCCC2)cc1,,0.109375,,6.422129154205322
HTR2A,negative,341497,CN1CCc2ccccc2Cc2ccc(O)c(Cl)c2CC1,,0.064516129032258,,6.438044548034668
HTR2A,negative,1174336,CC1CCN([C@H]2CC[C@@H](c3ccc(OCCCN4CCCCC4)cc3)CC2)CC1,,0.1194029850746268,,6.450198650360107
HRH3,active,2386694,Cl.Cl.O=C(CN1CCC(F)CC1)Nc1ccc(OC2CCN(C3CCCC3)CC2)cc1,7.96,0.1756756756756756,0.84,6.693121910095215
HRH3,active,2158615,C[C@H]1CCCN1C1CC[C@H](c2ccc(NC(=O)Cc3ccccc3)cc2)C1,7.15,0.1388888888888889,0.7413793103448276,6.600583553314209
HRH3,active,266571,CC(C)CCC(=O)N[C@H](C)C(=O)N1CCN(CCCOc2ccc(-c3noc(CC4CCCC4)n3)c(F)c2)CC1,7.01,0.2105263157894736,0.9615384615384616,6.629731178283691
HRH3,active,1790151,Cc1cn(C(=O)OC(C)(C)C)c(=O)n(Cc2ccc(OCCCN3CCCCC3)cc2)c1=O,7.33,0.2328767123287671,0.7377049180327869,6.669194221496582
HRH3,active,513194,CC1CCN(CCc2ccc(-c3ccc(CCN4CCC(C)CC4)cc3)cc2)CC1,7.78,0.1739130434782608,0.6774193548387096,6.697726726531982
HRH3,active,2490941,N#Cc1ccc(-c2ccc(OCCCN3CCN(c4ccncc4)CC3)cc2)cc1,8.11,0.2424242424242424,0.7446808510638298,6.667448997497559
HRH3,active,1557411,OCCc1ccc(OCCCN2CCCCC2)cc1,7.5,0.2807017543859649,0.8235294117647058,6.690206050872803
HRH3,active,1624332,O=C(C1CC12CCN(C1CCOCC1)CC2)N1CCCN(C2CCC2)CC1,8.52,0.0972222222222222,0.9230769230769232,6.69028377532959
HRH3,active,2177104,C[C@H]1CCCCN1[C@H]1CC[C@H](c2ccc(N3CCC4(CCOCC4)C3=O)cc2)CC1,7.41,0.0853658536585365,0.94,6.699885845184326
HRH3,active,2520335,O=C(c1ccc(OCCCN2CCN(c3ccncc3)CC2)cc1)C1CC1,8.5,0.4912280701754385,0.7450980392156863,6.664989948272705
HRH3,active,1790154,O=c1ccn(Cc2ccc(OCCCN3CCCCC3)cc2)c(=O)[nH]1,7.89,0.2424242424242424,0.6730769230769231,6.587375640869141
HRH3,active,424806,C[C@H]1CCCN1CCN1CCN(CCN2CCC[C@@H]2C)C1=C(C#N)C#N,9.47,0.123076923076923,1.0,6.684315204620361
HRH3,active,1790156,Cc1c(C)n(Cc2ccc(OCCCN3CCCCC3)cc2)c(=O)[nH]c1=O,7.75,0.2424242424242424,0.6851851851851852,6.654543399810791
HRH3,active,486168,C(#Cc1cccc(Cc2c[nH]cn2)c1)c1ccccc1,8.74,0.4878048780487805,0.7142857142857143,6.672057151794434
HRH3,active,408530,c1ccc(C2CNCc3cc(OCCCN4CCCCC4)ncc32)cc1,9.0,0.21875,0.8181818181818182,6.689268112182617
HRH3,active,24025,O=C(CCCc1ccc(I)cc1)OCCCc1c[nH]cn1,7.39,0.6041666666666666,0.6041666666666666,6.628881931304932
HRH3,active,570299,C(#Cc1ccccc1)CCN1CCCCC1,7.25,0.1875,0.7297297297297297,6.667812824249268
HRH3,active,1575062,CN1CCN(c2ccc(-c3ccc(OCCCN4CCCCC4)cc3)cc2)CC1,9.64,0.2372881355932203,0.7631578947368421,6.693282604217529
HRH3,active,710633,CC(C)N1CCCN(C(=O)c2ccc3c(CN4CCOCC4)cn(C)c3c2)CC1,9.05,0.141025641025641,0.925925925925926,6.636048793792725
HRH3,active,2276110,CCC(C)(C)c1ccc(OCCCN2CCCCC2)cc1,8.08,0.2456140350877192,0.9714285714285714,6.690712928771973
HRH3,active,438783,CNCc1cc(C(=O)N2CCN(C(C)C)CC2)ccc1Oc1ccc(Cl)cc1,8.96,0.1805555555555555,0.925925925925926,6.687872409820557
HRH3,active,330110,C[C@@H]1CCCN1CCc1cc2cc(Nc3ccc(C#N)cc3)ccc2o1,9.57,0.1375,0.8421052631578947,6.67165994644165
HRH3,active,611888,CCCC[C@@H](C)NC(=O)OCCCc1c[nH]cn1,7.72,0.4716981132075472,1.0,6.623082160949707
HRH3,active,2546434,Fc1ccc2c(C3CCN(CCCOc4ccc(CN5CCCC5)cc4)CC3)noc2c1,7.03,0.2179487179487179,0.8666666666666667,6.634128570556641
HRH3,active,1173501,Cn1nc(-c2ccc(C(=O)N3CCC[C@H]3CN3CCCC3)cc2)ccc1=O,8.0,0.1891891891891892,0.7,6.604144096374512
HRH3,active,2380762,CC(C)(C)CNc1nccc(NCCc2c[nH]cn2)n1.O=C(O)C(F)(F)F.O=C(O)C(F)(F)F,8.02,0.328125,0.8888888888888888,6.813604354858398
HRH3,active,2298135,CCC(C)(C)c1ccc(OCCCCCN2CCCC(C)C2)cc1.O=C(O)C(=O)O,7.87,0.2714285714285714,1.0,6.705214977264404
HRH3,active,710320,CC(C)N1CCN(C(=O)c2cccc3c(CN4CCOCC4)c[nH]c23)CC1,7.92,0.1333333333333333,0.8148148148148148,6.638016700744629
HRH3,active,393976,COc1ccc(C2CN(C)Cc3cc(OCCCN4CCC(F)(F)C4)ccc32)cc1,8.02,0.175,0.896551724137931,6.655063629150391
HRH3,active,706610,COCCN1CCn2c(cc3cc(OC4CCN(C(C)C)CC4)ccc32)C1=O,7.72,0.1645569620253164,0.8245614035087719,6.648265838623047
HRH3,active,2111042,CC1CCCN1C1CC[C@H](c2ccc(N3CCCC4(CCNCC4)C3=O)cc2)C1,8.22,0.0963855421686747,0.8653846153846154,6.627256393432617
HRH3,active,1343540,C[C@@H]1CCCN1CCCOc1ccc2c(c1)CCC1CC(=O)NN=C21,7.82,0.2467532467532467,0.640625,6.633431911468506
HRH3,active,648179,CC(C)N1CCCN(C(=O)c2ccc(Oc3ccc(Cl)c(Cl)c3)nc2)CC1,7.75,0.1944444444444444,0.9215686274509804,6.691066741943359
HRH3,active,452942,CCCn1c(-c2ccc(OCCCN3CCCCC3)cc2)nc2ccccc2c1=O,9.81,0.25,0.8703703703703703,6.651214599609375
HRH3,active,2287648,O=C1/C(=C/c2ccc(OCCCN3CCCCC3)cc2)Cc2ccccc21,8.68,0.2295081967213114,0.7884615384615384,6.682610511779785
HRH3,active,2744604,Cc1nc(N)sc1-c1cccc(N/C(N)=N/C(=O)NCc2ccccc2)c1.O=C(O)C(F)(F)F.O=C(O)C(F)(F)F,8.52,0.1477272727272727,0.8253968253968254,6.774388313293457
HRH3,active,1267346,C[C@@H]1CCCN1CCCOc1ccc(-c2cn(C)c(=O)c3ccccc23)cc1,9.05,0.2394366197183098,0.7368421052631579,6.665143013000488
HRH3,active,473700,c1cc(Sc2ccc([C@H]3CC[C@H]4CCCCN43)cc2)ccn1,7.92,0.1076923076923077,0.2857142857142857,6.63283109664917
HRH3,active,1172938,C1=C(c2ccc(OCCCN3CCCCC3)cc2)CCC1,8.8,0.2307692307692307,0.7222222222222222,6.673457622528076
HRH3,active,2058293,CC(C)N1CCC(Oc2ccc(C(=O)NC3CCN(C4CCC4)C3)c(F)c2)CC1,8.24,0.144578313253012,0.8947368421052632,6.648347854614258
HRH3,active,3012,COc1ccc2[nH]cc(CCNC(C)=O)c2c1,9.3,0.2542372881355932,0.2985074626865671,6.651303291320801
HRH3,active,10582,Cc1[nH]cnc1CSCCNC(=N)NCCCc1c[nH]cn1,7.17,0.390625,0.5087719298245614,6.5817718505859375
HRH3,active,2457972,Cl.Cl.O=C(CN1CCCC1CO)Nc1ccc(OC2CCN(C3CCC3)CC2)cc1,8.92,0.1688311688311688,0.75,6.671280860900879
HRH3,active,1267136,c1ccc2c(N3CCN(C4CCCC4)CC3)ncnc2c1,7.0,0.1333333333333333,0.4,6.6598124504089355
HRH3,active,2346174,CCNC1CN(c2cc(C(C)C)nc(N)n2)C1,7.0,0.0845070422535211,0.7317073170731707,6.60239839553833
HRH3,active,1624331,O=C(C1CC12CCN(C1CCOCC1)CC2)N1CCN(C2CCCCCC2)CC1,7.19,0.1,1.0,6.6961517333984375
HRH3,active,570923,Fc1cc(-c2cc3sc(N4CCC(N5CCCCC5)CC4)nc3cn2)ccn1,7.36,0.0963855421686747,0.7719298245614035,6.626370906829834
HRH3,active,1179840,C[C@@H]1CCCN1CCCOc1ccc(-c2nn(C)c(=O)c3c2CCC3)cc1,9.4,0.25,0.9607843137254902,6.6807661056518555
HRH3,active,1790147,O=C(c1ccccc1)n1c(=O)ccn(Cc2ccc(OCCCN3CCCCC3)cc2)c1=O,8.14,0.2432432432432432,0.7258064516129032,6.646337985992432
HRH3,active,1180095,Cc1nc2ccccc2n1-c1ccc(C(=O)N(C)[C@@H]2CCN(C(C)C)C2)cc1,8.38,0.15,1.0,6.642677307128906
HRH3,active,501835,CC(C)N1CCC(Oc2ccc3[nH]c(C(=O)N4CCC(O)C4)cc3c2)CC1,9.0,0.1666666666666666,0.7857142857142857,6.6245245933532715
HRH3,active,489880,COc1ccc2nc(C)n(-c3ccc(OCCCN4CCCC4)cc3)c(=O)c2c1,9.51,0.2285714285714285,0.8518518518518519,6.630681037902832
HRH3,active,707202,C[C@H]1CCCN1CCCOc1ccc2c(c1)cc1n2CCNC1=O,7.68,0.2266666666666666,1.0,6.614128589630127
HRH3,active,2764224,Cc1nc(N)sc1-c1ccc(N/C(N)=N/C(=O)NCC(C)CCCc2ccccc2)cc1.O=C(O)C(F)(F)F.O=C(O)C(F)(F)F,8.52,0.1772151898734177,0.8493150684931506,6.858328819274902
HRH3,active,1946271,Cl.O=C(c1ccc(CN2CCOCC2)cc1)N1CCN(C2CC2)CC1,8.27,0.1764705882352941,0.975,6.691078186035156
HRH3,active,1056169,N#Cc1ccc(-c2nnc(N3CCC(N4CCCCC4)CC3)s2)cc1,7.44,0.1388888888888889,0.7872340425531915,6.630241870880127
HRH3,active,393968,COc1ccc(C2CN(C)Cc3cc(OCCCN4CCC(C(F)(F)F)CC4)ccc32)cc1,7.4,0.189873417721519,0.8245614035087719,6.67109489440918
HRH3,active,676050,COC(=O)C1CSC(c2ccc(OCCCN3CCCCC3)cc2)N1.O=C(O)C(=O)O,8.4,0.2602739726027397,0.7818181818181819,6.670876979827881
HRH3,active,410286,CCOc1ccc(C2CN(C)Cc3cc(OCCCN4CCC(F)CC4)ccc32)cc1,8.14,0.2133333333333333,0.8363636363636363,6.624157428741455
HRH3,active,267536,N#Cc1ccc(-c2ccc3oc(CCN4CC=CCC4)cc3c2)cc1,8.0,0.1168831168831168,0.74,6.642842769622803
HRH3,active,2918784,C[C@@H]1C[C@@H]2[C@@H]3CCc4cc(OCCCN5CCC[C@H]5C)ccc4[C@H]3CC[C@]2(C)N(C)C1=O,8.82,0.1976744186046511,0.8088235294117647,6.705534934997559
HRH3,active,1726518,c1cc(C2=NC3(CCCCC3)CO2)ccc1OCCCN1CCCCC1,7.1,0.2205882352941176,0.6078431372549019,6.785745620727539
HRH3,active,1271525,COCCC[C@H](c1ccc(-c2ccc(CN3CCCCC3)cc2)cc1)N1CCC[C@@H]1C,8.7,0.136986301369863,1.0,6.656493186950684
HRH3,active,1179835,CC(C)n1nc(-c2ccc(OCCCN3CCCC3)cc2)c2sccc2c1=O,8.4,0.2222222222222222,0.981132075471698,6.629631519317627
HRH3,active,324398,CC(C)N1CCC(Oc2ccc(CN3CCOCC3)cc2)CC1,9.32,0.144927536231884,0.7857142857142857,6.6793975830078125
HRH3,active,172006,N#Cc1ccc(-c2ccc(OCCCN3CCCNCC3)cc2)cc1,8.08,0.2539682539682539,0.8,6.664933204650879
HRH3,active,55627,O=C(O)C(=O)O.O=C(c1ccc(OCc2ccc(CN3CCCCC3)cc2)cc1)C1CC1,7.18,0.3833333333333333,0.7674418604651163,6.667545318603516
HRH3,active,1749538,O=C(O)C1CCN(Cc2ccc(OCCCN3CCCCC3)cc2)CC1,8.8,0.3225806451612903,0.8085106382978723,6.706009864807129
HRH3,active,1271517,C[C@@H]1CCCN1Cc1ccc(-c2ccc(C(Cc3ccccc3)N3CCCCC3)cc2)cc1,8.25,0.1492537313432835,0.6875,6.711831092834473
HRH3,active,493418,OC1CCN(CCCOc2ccc(-n3c(-c4ccccn4)nc4cc(F)ccc43)cc2)CC1,8.74,0.2222222222222222,0.8225806451612904,6.670705795288086
HRH3,active,650522,FC(F)(F)c1ccc(N2CCC(Cc3c[nH]cn3)CC2)cc1,8.74,0.2903225806451613,0.7777777777777778,6.672756671905518
HRH3,active,393967,COc1ccc(C2CN(C)Cc3cc(OCCCN4CCC(C#N)CC4)ccc32)cc1,8.13,0.2051282051282051,0.7931034482758621,6.650157451629639
HRH3,active,518973,CN(CCC=C1c2ccccc2CCc2ccccc21)C(=O)Cc1ccc(OCCCN2CCCCC2)cc1,8.31,0.2207792207792207,0.78125,6.667107105255127
HRH3,active,403095,Cc1cc2ncc(-c3ccc4cc(CCN5CCC[C@H]5C)ccc4n3)c(C)n2n1,9.62,0.1358024691358024,0.6984126984126984,6.619290828704834
HRH3,active,383717,CN(C)Cc1cc(OCCCN2CCCCC2)ccc1Nc1ncnc2ccccc12,9.52,0.2,0.7288135593220338,6.672472953796387
HRH3,active,2779344,Cc1ccc(CC(C)CNC(=O)/N=C(\N)NCC2CCc3nc(N)sc3C2)cc1.O=C(O)C(F)(F)F.O=C(O)C(F)(F)F,8.52,0.1145833333333333,0.7564102564102564,6.872076034545898
HRH3,active,157092,O=C(CCC(=O)N1CCN(C2CCCC2)CC1)c1ccc(Cl)cc1,8.92,0.1818181818181818,0.5833333333333334,6.667344570159912
HRH3,active,570893,c1ncc(-c2cc3sc(N4CCC(N5CCCCC5)CC4)nc3cn2)cn1,7.6,0.0886075949367088,0.7368421052631579,6.619973659515381
HRH3,active,2261280,c1ccc2c(OCCCCCN3CCCCCC3)cccc2c1,7.66,0.2075471698113207,1.0,6.702844619750977
HRH3,active,350310,c1cc2c(cc1OCCCN1CCCCC1)CN(CC1CCCCC1)CC2,9.46,0.217391304347826,0.9130434782608696,6.64092493057251
HRH3,active,1624337,CC(C)N1CCC2(CC1)CC2C(=O)N1CCN(C2CCCCC2)CC1,7.33,0.0972222222222222,0.775,6.637290954589844
HRH3,active,562704,COC1CCN(S(=O)(=O)c2ccc(-c3ccc(CCN4CCC[C@H]4C)cc3)cc2)CC1,9.2,0.1447368421052631,0.78,6.688787937164307
HRH3,active,105496,C(#Cc1c2c(nc3ccccc13)CCCCC2)CCN1CCCCC1,8.77,0.1475409836065573,0.6153846153846154,6.7147650718688965
HRH3,active,611890,CCCC(C)CNC(=O)OCCCc1c[nH]cn1,8.08,0.4629629629629629,0.8260869565217391,6.599455833435059
HRH3,active,1343678,O=C1COc2ccc(-c3nnc(N4CCC(N5CCCCC5)CC4)s3)cc2N1,7.66,0.1204819277108433,0.6885245901639344,6.562690734863281
HRH3,active,648180,O=C(c1ccc(Oc2ccc(Cl)c(Cl)c2)nc1)N1CCCN(C2CCC2)CC1,8.12,0.2105263157894736,0.8035714285714286,6.680626392364502
HRH3,active,2520215,O=c1c2cc(Cl)ccc2oc2ccc(OCCCCCN3CCCCCC3)cc12,7.0,0.1944444444444444,0.9,6.665682792663574
HRH3,active,2798385,C[C@]12CC[C@@H]3c4ccc(OCc5ccccn5)cc4CC[C@H]3[C@@H]1CC[C@@H]2N1CCCC1,9.0,0.1710526315789473,0.7681159420289855,6.633126258850098
HRH3,active,570945,CC(=O)Nc1cnc2nc(N3CCC(N4CCCCC4)CC3)sc2c1,7.51,0.1265822784810126,0.7213114754098361,6.630839824676514
HRH3,active,2106018,CC(C)N1CCN(C(=O)OC2CCN(c3nc(C(N)=O)cs3)CC2)CC1,7.4,0.1282051282051282,0.7962962962962963,6.665596961975098
HRH3,active,411937,N#Cc1ccc(-c2ccc3cc(CCN4CC[C@@H](O)C4)ccc3c2)cc1,8.81,0.1830985915492957,0.7169811320754716,6.642403602600098
HRH3,active,424797,N#CC(C#N)=C1N(CCCCN2CCCCC2)CCN1CCCN1CCCCC1,7.21,0.1111111111111111,0.9666666666666668,6.687055587768555
HRH3,active,1368159,C[C@H](NC(=O)OCCCc1c[nH]cn1)C(C)(C)C,7.85,0.4901960784313725,1.0,6.624239444732666
HRH3,active,350530,c1cc2c(c(OCCCN3CCCCC3)c1)CN(CC1CCCCC1)CC2,7.23,0.1805555555555555,0.8367346938775511,6.66392183303833
HRH3,active,1272584,C[C@@H]1CCCN1CCCOc1ccc(C2=NN(c3ccccn3)C(=O)CC2)cc1,7.92,0.2307692307692307,0.7868852459016393,6.700789451599121
HRH3,active,76110,Cc1cccc2cc(-c3ccc(OCCCN4CCCCC4)cc3)cn12,7.34,0.217391304347826,0.6538461538461539,6.580696105957031
HRH3,active,2305235,Cc1sc(-c2ccc(C#N)cc2)nc1OCCN1CCCC1,8.38,0.1666666666666666,0.875,6.639739036560059
HRH3,active,501017,CC(C)N1CCC(Nc2ccc3[nH]c(C(=O)N4CCOCC4)cc3c2)CC1,7.36,0.1234567901234567,0.6833333333333333,6.612151145935059
HRH3,active,513063,CN(C)Cc1ccc(-c2ccc(CN3CCCCC3)cc2)cc1,8.66,0.109375,0.7241379310344828,6.705456733703613
HRH3,active,1575053,c1cc(-c2ccc(OCCCN3CCCCC3)cc2)ccc1OCCCN1CCCCC1,10.0,0.2727272727272727,0.9310344827586208,6.7307634353637695
HRH3,active,1334110,CCS(=O)(=O)N1CCC(Oc2ccc3c(c2)CCC2(CCN(C4CCC4)CC2)O3)CC1,8.15,0.1375,0.8518518518518519,6.666125297546387
HRH3,active,632196,COc1ncc(-c2ccc3cc(CCN4CCC[C@H]4C)ccc3n2)cn1,9.7,0.1621621621621621,0.75,6.604022979736328
HRH3,active,2299448,CCC(C)(C)c1ccc(OCCCCCCN2CCCCCC2)cc1.O=C(O)C(=O)O,7.38,0.2741935483870967,1.0,6.684256553649902
HRH3,active,267898,C[C@@H]1CCC[C@H](C)N1CCc1cc2cc(-c3ccc(C#N)cc3)ccc2o1,8.62,0.1466666666666666,0.9148936170212766,6.661064624786377
HRH3,active,408868,O=[N+]([O-])c1ccc(C2CN3CCCC3c3cc(OCCCN4CCCCC4)ccc32)cc1,8.17,0.2,0.7540983606557377,6.671563148498535
HRH3,active,339481,CN(C)CCc1ccc(OCCCN2CCCCC2)cc1,9.3,0.2631578947368421,0.868421052631579,6.696199893951416
HRH3,active,268142,O=C(c1ccc(-c2ccc3oc(CCN4CCCCC4)cc3c2)nc1)N1CCOCC1,7.92,0.1707317073170731,1.0,6.666213512420654
HRH3,active,647512,O=C(c1cc(Oc2ccccc2)ccn1)N1CCCN(C2CCC2)CC1,7.39,0.1917808219178082,0.8113207547169812,6.64275598526001
HRH3,active,611892,CC(C)CCCNC(=O)OCCCc1c[nH]cn1,7.89,0.4807692307692308,0.75,6.604183197021484
HRH3,active,252817,c1nc(CCCC2CCCNC2)c[nH]1,7.08,0.4090909090909091,0.6923076923076923,6.563917636871338
HRH3,active,267122,C[C@@H](NC(=O)c1cccc(C#N)c1)C(=O)N1CCN(CCCOc2ccc(-c3noc(CC4CCCC4)n3)c(F)c2)CC1,7.46,0.2222222222222222,0.8928571428571429,6.655901908874512
HRH3,active,344232,N#Cc1c2ccccc2cn1CCCCCCN1CCCCC1,7.51,0.1403508771929824,1.0,6.674060344696045
HRH3,active,1790150,CC(C)(C)OC(=O)n1ccc(=O)n(Cc2ccc(OCCCN3CCCCC3)cc2)c1=O,7.3,0.2394366197183098,0.7377049180327869,6.650129318237305
HRH3,active,266444,C[C@@H](NC(=O)C1CCCC1)C(=O)N1CCN(CCCOc2ccc(-c3noc(-c4ccccc4)n3)c(F)c2)CC1,7.16,0.2307692307692307,0.9863013698630136,6.621476173400879
HRH3,active,1279622,O=c1ccc(-c2ccc(OC3CCN(C4CCC4)CC3)cc2)n[nH]1,8.72,0.1714285714285714,0.9534883720930232,6.6598944664001465
HRH3,active,265992,CCC(=O)N[C@H](C)C(=O)N1CCCN(CCCOc2ccc(-c3noc(CC4CCCC4)n3)c(F)c2)CC1,7.58,0.2234042553191489,0.8888888888888888,6.627060890197754
HRH3,active,299480,C[C@@H]1CCCN1CCc1cc2cc(-c3cccc(CO)c3)ccc2o1,9.31,0.136986301369863,0.8301886792452831,6.580625057220459
HRH3,active,647353,O=C(c1ccc(Oc2ccccc2Cl)nc1)N1CCCN(C2CCC2)CC1,7.77,0.1973684210526315,0.903846153846154,6.686248779296875
HRH3,active,408537,COc1ccc(C2CNCc3cc(OCCCN4CCOCC4)ncc32)cc1,7.37,0.1875,0.8305084745762712,6.672084808349609
HRH3,active,2456155,O=C(O)C(=O)O.c1ccc(-c2cccc(OCCCCCN3CCCCC3)c2)cc1,7.12,0.2727272727272727,1.0,6.693575859069824
HRH3,reference,14559,N=C(NCc1ccc(Cl)cc1)SCCCc1c[nH]cn1,9.6,1.0,0.9318181818181818,6.611809730529785
HRH3,reference,14718,O=C(c1ccc(OCCCc2c[nH]cn2)cc1)C1CC1,7.34,1.0,0.6888888888888889,6.656509876251221
HRH3,reference,21917,Ic1ccc(COCCCc2c[nH]cn2)cc1,9.2,1.0,0.7435897435897436,6.68918514251709
HRH3,reference,22043,c1ccc(COCCCc2c[nH]cn2)cc1,8.6,1.0,0.7435897435897436,6.671891689300537
HRH3,reference,67179,c1ccc(CCCCc2c[nH]cn2)cc1,8.68,1.0,0.6666666666666666,6.686121940612793
HRH3,reference,182602,c1ccc(OCCCc2c[nH]cn2)cc1,7.57,1.0,0.7142857142857143,6.675013065338135
HRH3,reference,185728,CC(=O)c1ccc(OCCCc2c[nH]cn2)cc1,7.06,1.0,0.9210526315789472,6.663961887359619
HRH3,reference,206670,CC(=O)c1ccc(OCCc2c[nH]cn2)cc1,7.38,1.0,0.868421052631579,6.654145240783691
HRH3,reference,290769,CC(=O)c1ccc(SCCc2c[nH]cn2)cc1,8.96,1.0,0.85,6.642577648162842
HRH3,reference,290923,CC(=O)c1ccc(SCCCc2c[nH]cn2)cc1,7.75,1.0,0.85,6.6520233154296875
HRH3,negative,274477,CCOC(=O)Nc1cc(F)ccc1C(=O)CCCN1CC[C@H]2[C@@H](C1)c1cccc3c1N2CCCS3,,0.14,,6.690826892852783
HRH3,negative,126548,CCCCOc1ccc(S(=O)(=O)C2(C(=O)NO)CCN(CCOc3ccccc3)CC2)cc1,,0.2539682539682539,,6.672940731048584
HRH3,negative,567398,CN(Cc1ccccc1)C[C@H]1CCC[C@@H]1c1c[nH]c2ccc(C#N)cc12,,0.1643835616438356,,6.6000471115112305
HRH3,negative,3184467,O=C(N[C@H]1CC[C@H](CCN2CCN(c3nsc4ccccc34)CC2)CC1)Oc1ccccc1,,0.1851851851851851,,6.639232635498047
HRH3,negative,631949,Cn1nccc1-c1cc(NC(=O)c2ccc(F)c(F)c2)ccc1OCCN1CCOCC1,,0.1875,,6.667998790740967
HRH3,negative,3241675,C[C@H](Nc1nc(C(=O)NC(C)(C)C)c2sccc2n1)c1ccccn1,,0.131578947368421,,6.6058454513549805
HRH3,negative,1732547,CC1=CC2Cc3nc4cc(Cl)ccc4c(NCCCCCCCCCCNC(=O)c4cc(O)c5c(c4)C(=O)c4cccc(O)c4C5=O)c3C(C1)C2.Cl,,0.1192660550458715,,6.761834144592285
HRH3,negative,1062110,CC(=O)Nc1cc(-c2ccsc2)nc(-c2ccsc2)n1,,0.1833333333333333,,6.656790733337402
HRH3,negative,3234627,O=c1[nH]c2ccc(-c3c(-c4ccc(F)cc4)nc4c(N5CCOCC5)nccn34)cc2[nH]1,,0.1111111111111111,,6.571681976318359
HRH3,negative,517052,CC(=O)Nc1cc(-c2cccc(OC3CCN(C(C)C)C3)c2)nc(-n2nc(C)cc2C)n1,,0.1318681318681318,,6.675971031188965
HRH3,negative,1975484,CN(C)C(=O)CCC(=O)N[C@H]1CC[C@H](CCN2CCN(c3nccc4c3CCO4)CC2)CC1,,0.1477272727272727,,6.66174840927124
HRH3,negative,452514,CNC[C@]1(O)Cc2ccccc2[C@@H]1Oc1ccc(F)cc1C,,0.1029411764705882,,6.69654655456543
HRH3,negative,298621,Cc1ccccc1NC(=O)Oc1ccc2c(c1)C1(C)COC(C1)O2,,0.1538461538461538,,6.648402214050293
HRH3,negative,2925060,COc1cc(SCCCF)c(OC)cc1CCN,,0.1612903225806451,,6.64964485168457
HRH3,negative,3264011,O=C1c2oc(C3CC3)nc2CCN1CCN1CCN(c2nsc3ccccc23)CC1,,0.1149425287356321,,6.619856834411621
HRH3,negative,158115,COc1ccc(S(=O)(=O)N2Cc3ccccc3N(C(=O)c3ccccc3)CC2C(=O)NO)cc1,,0.1463414634146341,,6.652307987213135
HRH3,negative,1625167,CCc1cc2c(=O)c(-c3csc(C)n3)coc2cc1O,,0.0985915492957746,,6.650657653808594
HRH3,negative,1523259,CCN(CC)c1cc(C(F)(F)F)cc(COCC2(c3ccc(F)cc3)CCN(C)CC2)n1,,0.1298701298701298,,6.665423393249512
HRH3,negative,1821096,O=C1C(Cl)=C(NCCNc2c3c(nc4ccccc24)CCCC3)C(=O)c2ccccc21,,0.1265822784810126,,6.620167255401611
HRH3,negative,2454147,CCOc1ccc(Cc2nc3cc(C(=O)N(CC)CC)ccc3n2CCCCCNc2c3c(nc4ccccc24)CCCC3)cc1,,0.1914893617021276,,6.696953296661377
HRH3,negative,3154361,O=C1c2ncccc2CCN1CCN1CCN(c2noc3cc(F)ccc23)CC1,,0.1066666666666666,,6.598176956176758
HRH3,negative,3004559,COc1cc2nc(N)n3nc([C@@H]4CCCN(c5cnn(C6CCC[C@]6(C)O)c5)C4)nc3c2cc1F,,0.0769230769230769,,6.695866107940674
HRH3,negative,1622319,CCCCC#Cc1nc(N)c2ncn([C@H]3[C@H](O)[C@H](O)[C@@H]4C[C@@H]43)c2n1,,0.1097560975609756,,6.593893527984619
HRH3,negative,3105208,O=C(NCC1(O)CCN(c2nc(Oc3cccc(F)c3)cc(C(F)(F)F)n2)CC1)c1cn[nH]c1,,0.1538461538461538,,6.617358207702637
HRH3,negative,2163144,CN(C(=O)N[C@H]1CC[C@H](CCN2CCN(c3nsc4ccccc34)CC2)CC1)c1ccccc1,,0.1395348837209302,,6.663353443145752
HRH3,negative,181204,CC1=CC2Cc3nc4cccc(F)c4c(N)c3C(C1)C2,,0.09375,,6.573733806610107
HRH3,negative,3006869,CN(C)CC1(c2ccc3cc(F)ccc3c2)CCCCC1,,0.0952380952380952,,6.727769374847412
HRH3,negative,1779589,Cc1cccc(OC(CC2CNC2)c2ccc(Cl)c(F)c2)c1,,0.1363636363636363,,6.676803112030029
HRH3,negative,442190,O=C(CO[N+](=O)[O-])NCCCCNc1c2c(nc3ccccc13)CCCC2,,0.1388888888888889,,6.603445053100586
HRH3,negative,184519,CCN(Cc1ccc(OC)cc1)Cc1ccc(-c2cc(S(=O)(=O)CC)ccc2OC)[nH]1,,0.1333333333333333,,6.624871253967285
HRH3,negative,224751,CC(C)CCn1cc2c(nc(NC(=O)Cc3ccccc3)n3nc(-c4ccco4)nc23)n1,,0.1411764705882353,,6.609498977661133
HRH3,negative,690546,CC(C)CC1(C(=O)c2ccc3[nH]ncc3c2)CCCN1,,0.1911764705882352,,6.619140625
HRH3,negative,1781608,CCOC(=O)c1cnc(NC(=O)Nc2ccccc2)n2nc(-c3ccco3)nc12,,0.15,,6.60120964050293
HRH3,negative,3251073,Cn1ccc2c1CCCN(CCN1CCN(c3nsc4ccccc34)CC1)C2=O,,0.1267605633802817,,6.635838031768799
HRH3,negative,1347728,CC1(C)NC(=O)N(CC(CS(=O)(=O)c2ccc(-c3ccc(OC(F)(F)F)cc3)cc2)N(O)C=O)C1=O,,0.1358024691358024,,6.6826395988464355
HRH3,negative,3236203,O=c1[nH]c2ccc(-c3c(-c4ccccc4)nn4c(N5CCOCC5)nccc34)cc2s1,,0.1216216216216216,,6.5877532958984375
HRH3,negative,3129625,c1ccc(CCc2ccnc3c2CC[C@@H]2CNCCN32)cc1,,0.2413793103448276,,6.644937515258789
HRH3,negative,28677,Nc1nc2c(cnn2CCc2ccc(S(=O)(=O)N(CCO)CCO)cc2)c2nc(-c3ccco3)nn12,,0.125,,6.634135723114014
HRH3,negative,453889,CNC(=O)[C@H](Cc1c[nH]c2ccccc12)NC(=O)[C@@H](CC(=O)NNS(=O)(=O)c1ccc(-c2ccc(Br)cc2)cc1)CC(C)C,,0.108695652173913,,6.667965412139893
HRH3,negative,2010989,Cn1nc(-c2cnc3ccc(F)cn23)c2ccc(C(=O)N3CCCCCC3)cc21,,0.1688311688311688,,6.665060520172119
HRH3,negative,1158902,CCCCc1ccc(C#Cc2ccc(S(=O)(=O)N[C@H](Cc3ccc(C(=O)c4ccccc4)cc3)C(=O)NO)s2)cc1,,0.1578947368421052,,6.6740546226501465
HRH3,negative,649689,CN1CN(c2ccccc2)C2(CCN(Cc3coc4ccccc34)CC2)C1=O.O=C(O)C(=O)O,,0.1153846153846153,,6.605901718139648
HRH3,negative,2746350,CC[C@H]1C[C@@H]2C[C@H]3c4[nH]c5ccc(C#N)cc5c4CCN(C2)[C@@H]13,,0.108433734939759,,6.626137733459473
HRH3,negative,2978577,Nc1nc(C(=O)NCc2cccc(-c3cnco3)n2)c2cccc(F)c2n1,,0.1294117647058823,,6.543570518493652
HRH3,negative,1167976,Cc1ccc(C(=O)N2CCCN(C3(c4ccc(Oc5ccccc5)cc4)C(=O)NC(=O)NC3=O)CC2)cc1,,0.2083333333333333,,6.619032859802246
HRH3,negative,340440,Cc1ccc(Oc2ccccc2CN(C)C)c(N)c1,,0.125,,6.673568248748779
HRH3,negative,2990185,CCO[C@@H]1CCN(C(=O)c2nc(N[C@@H](C)c3ccccn3)nc3ccsc23)C1,,0.1428571428571428,,6.593104362487793
HRH3,negative,1568406,CCc1cccc2c1C(=O)N1CCNC[C@H]1C2,,0.1126760563380281,,6.638728141784668
HRH3,negative,2464853,CCN1CCCC1CNC(=O)c1cc(S(=O)(=O)CC)c(NC)cc1OC,,0.1219512195121951,,6.669851303100586
HRH3,negative,686400,Cc1c(C(=O)NCCCN2CCN(c3cccc(Cl)c3Cl)CC2)cc(-c2cccnc2)n1C,,0.1333333333333333,,6.556392192840576
HRH3,negative,517130,CC(=O)Nc1cc(-c2cccc(O[C@@H]3CCN(C)C3)c2)nc(-n2nc(C)cc2C)n1,,0.1511627906976744,,6.670721530914307
HRH3,negative,706656,CC1(C)CCc2c(N3CCOCC3)nc3sc4c(NCc5ccncc5)ncnc4c3c2C1,,0.1041666666666666,,6.6064958572387695
HRH3,negative,135587,Cc1ccc2c(c1)N1OC(CN(C)C)CC1c1ccccc1C2,,0.0923076923076923,,6.615410327911377
HRH3,negative,3209788,CN(C)C[C@H](c1ccc2ccccc2c1)[C@H](N)c1ccccc1,,0.1481481481481481,,6.719044208526611
HRH3,negative,3083177,Fc1ccc2c(N[C@H]3CN4CCC3CC4)noc2c1Cl,,0.1184210526315789,,6.66104793548584
HRH3,negative,707323,O=C1NCc2ccc(OCCCN3CCN(c4cccc5cc(F)ccc45)CC3)c(F)c21,,0.1466666666666666,,6.640832901000977
HRH3,negative,1385133,CC(C)C[C@H]1C(=O)N[C@@H](Cc2ccccc2)[C@]2(O)O[C@@](C)(NC(=O)[C@@H]3C=C4c5cccc6[nH]cc(c56)C[C@H]4N(C)C3)C(=O)N12,,0.1212121212121212,,6.66330623626709
HRH3,negative,472212,Cc1cnc(-c2nc(N)nc3c2nnn3Cc2ccccc2F)s1,,0.1159420289855072,,6.640919208526611
HRH3,negative,649745,COc1ccc2[nH]cc(CN3CCC(O)(c4ccc(Br)cc4)CC3)c2c1,,0.1506849315068493,,6.633713722229004
HRH3,negative,1270862,CCCCOc1ccc(S(=O)(=O)N(C)C2CCN(C)CC2)cc1,,0.2698412698412698,,6.655655860900879
HRH3,negative,1705285,CCCc1nc(C(=O)NCCCN2CCN(c3cccc(Cl)c3C)CC2)c(C)n1-c1ccccc1.Cl.Cl.Cl,,0.146067415730337,,6.612096309661865
HRH3,negative,1167775,COC(=O)[C@@H]1[C@H]2CC[C@@H](C[C@H]1c1ccc(Cl)c(C)c1)N2C,,0.1486486486486486,,6.57368278503418
HRH3,negative,274389,Nc1cc(F)ccc1C(=O)CCCN1CC[C@H]2[C@@H](C1)c1cccc3c1N2CCS3,,0.1348314606741573,,6.611607551574707
HRH3,negative,213700,CCCCNC(=O)Oc1cccc(CN(CC)CCCOc2ccc3c(=O)c4ccccc4oc3c2)c1,,0.1904761904761904,,6.673473834991455
HRH3,negative,2371892,CCOc1ccc(Cc2nc3cc(C(=O)NCCCCNc4c5c(nc6ccccc46)CCCC5)ccc3n2CCC(C)C)cc1,,0.1875,,6.66685676574707
HRH3,negative,1339499,Nc1nnc(-c2ccc(O)c(Cl)c2)c(-c2ccccc2)n1,,0.1481481481481481,,6.614860534667969
HRH3,negative,198946,N[C@@H](Cn1cc(Br)c(=O)[nH]c1=O)C(=O)O,,0.1525423728813559,,6.612700462341309
HRH3,negative,707773,O=C1NCc2ccc(OCCCCN3CCN(c4cccc5ccc(F)cc45)CC3)cc21,,0.180722891566265,,6.643504619598389
HRH3,negative,3172718,C[C@@H](NC(=O)c1nc(-c2cc(Cl)c3ncccc3c2)c(-c2ccccc2)nc1N)c1cccc(C#N)n1,,0.125,,6.615248203277588
HRH3,negative,112678,CC(C)C[C@H](CC(=O)NO)C(=O)N[C@H](Cc1ccc(-c2ccccc2)cc1)C(=O)NCCc1ccc(O)cc1,,0.1428571428571428,,6.739626884460449
HRH3,negative,676162,Br.COc1cc(Cl)ccc1N1CCN(C[C@H]2C[C@@H]2c2ccccc2)CC1,,0.1194029850746268,,6.670862197875977
HRH3,negative,208484,O=C(c1ccc([N+](=O)[O-])cc1)N(CCC1CCN(Cc2ccccc2)CC1)c1ccccc1,,0.1538461538461538,,6.688072204589844
HRH3,negative,2496664,CNC(=O)c1sc(-c2ccnc(NC(=O)CNCCNc3c4c(nc5ccccc35)CCCC4)c2)nc1OC,,0.1224489795918367,,6.718090057373047
HRH3,negative,685894,CCCn1c(-c2ccccc2)cc(C(=O)NCCCN2CCN(c3ccc(Cl)c(Cl)c3)CC2)c1C.Cl,,0.1208791208791208,,6.621418476104736
HRH3,negative,2129803,CCCS(=O)(=O)N[C@H]1CC[C@H](CCN2CCN(c3nsc4ccccc34)CC2)CC1,,0.1176470588235294,,6.642546653747559
HRH3,negative,87271,COc1cccc2sc(C3CCN(C[C@H](O)COc4cccc5[nH]c(C)cc45)CC3)cc12,,0.125,,6.629446983337402
HRH3,negative,513014,COc1ccc([C@H]2C[C@H]3CC[C@H]([C@H]2C(=O)OCCc2ccc(N)cc2)N3C)cc1.Cl,,0.2051282051282051,,6.588325023651123
HRH3,negative,495629,CNc1nc(-c2ccco2)c(C(=O)c2ccccc2)s1,,0.1384615384615384,,6.658692359924316
HRH3,negative,2792820,CN(CC[C@@H]1CC[C@H](CNC(=O)c2cc3ccccc3[nH]2)C1)[C@@H]1Cc2cccc3[nH]c(=O)n(c23)C1,,0.1145833333333333,,6.673984527587891
HRH3,negative,14373,COc1cc2c(cc1C(F)(F)F)N(C(=O)Nc1cncc(-c3cccnc3)c1)CC2,,0.127906976744186,,6.655009746551514
HRH3,negative,2363444,Cl.Cl.N[C@@H](Cc1c[nH]c2ccccc12)C(=O)NCCCCCCCCNc1c2c(nc3ccccc13)CCCC2,,0.1428571428571428,,6.632284641265869
HRH3,negative,2971575,Cc1nn(C(C)(C)CO)cc1N1CC(C)CC(c2nc3c4cc(F)cc(F)c4nc(N)n3n2)C1,,0.0721649484536082,,6.637298107147217
HRH3,negative,1441961,COc1ccc(CCNc2nc3nn(C)cc3c3nc(-c4ccco4)nn23)cc1OC,,0.1309523809523809,,6.609349250793457
HRH3,negative,2101922,CS(=O)(=O)CC(=O)N[C@H]1CC[C@H](CCN2CCC(c3noc4cc(Cl)ccc34)CC2)CC1,,0.1348314606741573,,6.644777774810791
HRH3,negative,1164145,COc1cc(CN2CCN(C)CC2)ccc1OCCCc1cn(CCCCCCCCn2cc(CCCOc3ccc(CN4CCN(c5ccccc5OC)CC4)cc3OC)nn2)nn1,,0.2368421052631578,,6.720573425292969
HRH3,negative,1426019,O=S(=O)(NC1CCN(CCOc2cccc3c2CCCC3)C1)c1cccs1,,0.1428571428571428,,6.6873979568481445
HRH3,negative,16396,COc1ccc(NC(=O)c2ccc(-c3ccc(-c4noc(C)n4)cc3C)cc2)cc1N1CCN(C)CC1,,0.1428571428571428,,6.656152248382568
HRH3,negative,423821,Cc1ccc(Oc2ccc(N(C[C@H](NC(C)C)C(=O)NO)S(C)(=O)=O)cc2)cc1,,0.1594202898550724,,6.674594402313232
HRH3,negative,427978,O[C@H](c1cc(C(F)(F)F)nc2c(C(F)(F)F)cccc12)[C@@H]1CCCCN1,,0.1168831168831168,,6.6912078857421875
HRH3,negative,2744324,CCCCc1nc(C2CCN(CCCc3c[nH]c4ccc(C#N)cc34)CC2)cn1-c1ccc(Oc2ccc(Cl)cc2)cc1,,0.1875,,6.678225994110107
HRH3,negative,1594543,CCCCN1[C@@H]2CC[C@H]1C[C@@H](OC(c1ccc(F)cc1)c1ccc(F)cc1)C2,,0.1617647058823529,,6.639374732971191
HRH3,negative,266869,CNC(=O)[C@H](Cc1ccccc1)NC(=O)[C@H](CC(C)C)N[C@H](CCN1C(=O)c2ccc(-c3ccccc3)cc2C1=O)C(=O)O,,0.1333333333333333,,6.682146072387695
HRH3,negative,1356917,O=C1NC(=O)C(c2ccc(Oc3ccccc3)cc2)(N2CCCC(CO)C2)C(=O)N1,,0.2112676056338028,,6.612074851989746
HRH3,negative,3269352,O=C1Cc2cc(-c3c(-c4ccncc4)nc4c(N5CCC(O)CC5)nccn34)ccc2N1,,0.1379310344827586,,6.599539279937744
HRH3,negative,433485,COc1nn(C[C@H](C)N)c2c1ccc1occc12,,0.1029411764705882,,6.6602277755737305
HRH3,negative,112923,CC(C)C[C@H](CC(=O)NO)C(=O)N[C@H](Cc1ccc(-c2ccccc2)cc1)C(=O)NCc1ccccc1,,0.1538461538461538,,6.734344005584717
HRH3,negative,2357056,O=C(CCCCN1CCC(O)(c2ccc(Cl)cc2)CC1)c1ccc(F)cc1,,0.1666666666666666,,6.6433258056640625
HRH3,negative,2771387,CCCCCc1nc(C2CCN(CCCCc3cn(CC)c4ccc(C#N)cc34)CC2)cn1-c1ccc(Oc2ccc(Cl)cc2)cc1,,0.1616161616161616,,6.70607852935791
HRH3,negative,347726,N#Cc1c[nH]c2c(C(=O)N3CCN(CCc4ccc(F)cc4F)CC3)cccc12,,0.1707317073170731,,6.598422527313232
HRH3,negative,1521770,CC(=O)C1=CCC[C@@H]2CC[C@H]1N2,,0.1666666666666666,,6.531311511993408
HRH3,negative,165304,Cc1ccc(C(=O)NC(=S)NCCOCCN(C)Cc2ccccc2)cc1,,0.1739130434782608,,6.670788764953613
HRH3,negative,382980,CN1[C@H]2CC[C@@H]1[C@@H](c1ncc(-c3ccc(Cl)cc3)s1)[C@@H](c1ccc(Cl)cc1)C2,,0.1447368421052631,,6.6565117835998535
HRH3,negative,572562,Fc1ccc(Oc2ccccc2C2CCNCC2)cc1,,0.1612903225806451,,6.681343078613281
HRH3,negative,2031290,CN1CCN(CC(=O)N[C@H]2CC[C@H](CCN3CCN(c4cccc5c4OCO5)CC3)CC2)CC1,,0.1294117647058823,,6.61121129989624
HRH3,negative,436,COc1cc(CC(C)N)c(OC)cc1I,,0.1052631578947368,,6.667559623718262
HRH3,negative,2523011,CCCN(CCCCc1cn(CCOCCOCCOCCOCCn2cc(CCCCN(CCC)C3Cc4ccccc4C3)nn2)nn1)C1Cc2ccccc2C1,,0.2388059701492537,,6.732796669006348
HRH3,negative,2554249,CCc1cc(Cl)c(OC)c(C(=O)NC[C@@H]2C[C@@H](OCCCCNC(=O)c3cc4ccccc4[nH]3)CN2)c1O,,0.134020618556701,,6.627547264099121
HRH3,negative,1170663,N#Cc1ccn(CC23CNCC[C@]2(c2ccc(Cl)c(Cl)c2)C3)c1,,0.1,,6.634330749511719
HRH3,negative,427382,Nc1nc(-c2ccco2)c2cnn(Cc3cccnc3)c2n1,,0.123076923076923,,6.60014009475708
HRH3,negative,333294,Cc1noc(/C(=C/c2cccc(-c3cc(C(C)C)cc4cccnc34)c2)c2ccc(S(C)(=O)=O)cc2)n1,,0.1123595505617977,,6.644527912139893
HRH3,negative,706617,Cc1c(OCCCN2CCN(c3cccc4cccc(F)c34)CC2)ccc2c1C(=O)NC2,,0.1772151898734177,,6.5739545822143555
HRH3,negative,580476,CC(=O)N1CCN(CCOc2ccc(NC(=O)Nc3ccc(Cl)cc3)cc2-c2ccnn2C)CC1,,0.1772151898734177,,6.72200345993042
HRH3,negative,291161,CC[N+](C)(CCCCCC(=O)N(C)CCCCCCCCN(C)C(=O)CCCCC[N+](C)(CC)Cc1ccccc1OC)Cc1ccccc1OC,,0.1388888888888889,,6.8164825439453125
HRH3,negative,138569,Cc1cc(C(=O)CCC2CC[N+](C)(Cc3ccccc3)CC2)nn1-c1ccccc1,,0.1549295774647887,,6.645044326782227
HRH3,negative,624218,O=C(CN1CCCCC1)Nc1ccc2nc3c4[nH]c5ccccc5c4ccn3c(=O)c2c1,,0.1168831168831168,,6.623510837554932
HRH3,negative,2014473,Cc1cccc(N2CCN(CCNC(=O)c3nc(C(C)C)n(-c4ccccc4)c3C)CC2)c1C,,0.1219512195121951,,6.652881145477295
HRH3,negative,3092052,CNC[C@H](c1ccc(Cl)c(Cl)c1)[C@@H](O)c1cccc(I)c1,,0.1095890410958904,,6.680298805236816
HRH3,negative,2162132,CC(C)Oc1ccccc1N1CCCN(CCCCOc2ccc3c(c2)NC(=O)CC3)CC1,,0.1842105263157894,,6.662646770477295
HRH3,negative,117130,c1ccc2c(c1)Cc1ccccc1C21CCCNC1,,0.1224489795918367,,6.579155921936035
HRH3,negative,117799,c1ccc2c(c1)Cc1ccccc1C21CCNC1,,0.1276595744680851,,6.569737434387207
SLC6A4,active,707776,O=C1NCc2cc(F)c(OCCCN3CCN(c4cccc5cc(F)ccc45)CC3)cc21,8.04,0.16,0.95,6.550888538360596
SLC6A4,active,648284,c1ccc(CC2CNCCN2c2cnc3[nH]ccc3c2)cc1,7.2,0.1232876712328767,0.6792452830188679,6.513006210327148
SLC6A4,active,486604,Cc1ccc([C@H]2C[C@@H]3CC[C@H]([C@H]2C=C(Br)Br)N3C)cc1.Cl,7.41,0.4107142857142857,0.7954545454545454,6.530722141265869
SLC6A4,active,2006191,Oc1ccc(-c2ccc3c(c2)CN2CCC3(c3ccc(Cl)c(Cl)c3)CC2)nn1,8.3,0.1818181818181818,0.7636363636363637,6.546091079711914
SLC6A4,active,700958,CC(=O)c1ncn2c1COc1c(CCN3CCN(c4cccc5nc(C)ccc45)CC3)cccc1-2,7.5,0.1505376344086021,0.8676470588235294,6.516099452972412
SLC6A4,active,685782,Cc1c(C(=O)NCCCN2CCN(c3cccc4cccnc34)CC2)cc(-c2ccccc2)n1C,7.66,0.1710526315789473,0.8235294117647058,6.485045909881592
SLC6A4,active,706974,O=C1NCc2ccc(OCCCN3CCN(c4cccc5ccccc45)CC3)c(F)c21,7.07,0.1884057971014492,0.8333333333333334,6.570158004760742
SLC6A4,active,183892,CN(C)C[C@H]1C2CCC(CC2)[C@@H]1c1cccc(Cl)c1,7.6,0.1886792452830188,0.675,6.500247955322266
SLC6A4,active,2371485,N#Cc1ccc2[nH]cc(CCCCN3CCN(c4c5c(nc6ccccc46)CCCC5)CC3)c2c1,7.8,0.1358024691358024,0.984126984126984,6.514119625091553
SLC6A4,active,2083370,C#Cc1ccc2c(c1)N(CCCN(C)C)c1ccccc1CC2,7.57,0.7073170731707317,0.7551020408163265,6.539303302764893
SLC6A4,active,2215584,Cc1cccc(S(=O)(=O)NCCCCN2CC=C(c3c[nH]c4ccc(F)cc34)CC2)c1,8.64,0.1375,0.9523809523809524,6.487407684326172
SLC6A4,active,207871,Fc1cc(OCCNCCCc2c[nH]c3ccc(F)cc23)c2c(c1)OCCO2,7.61,0.1034482758620689,0.8305084745762712,6.610691070556641
SLC6A4,active,1513280,CN(C)Cc1cc(I)ccc1Sc1ccccc1N,9.0,0.1886792452830188,0.8378378378378378,6.4852728843688965
SLC6A4,active,3195683,CNCC(Cc1cccs1)c1ccc2ccccc2c1,8.48,0.2372881355932203,0.6666666666666666,6.496369361877441
SLC6A4,active,35807,O[C@H](CCN1CCN(CCOC(c2ccc(F)cc2)c2ccc(F)cc2)CC1)c1ccccc1,7.07,0.2096774193548387,0.7115384615384616,6.530722141265869
SLC6A4,active,1528994,NCCSCCCc1c[nH]c2ccc(F)cc12,9.05,0.081967213114754,0.8461538461538461,6.471004009246826
SLC6A4,active,582570,Cc1c(CN([C@@H]2CCNC2)S(C)(=O)=O)ccc2cc(F)ccc12,8.34,0.125,0.5344827586206896,6.467569828033447
SLC6A4,active,2235890,O=S(=O)(NCCCCN1CC=C(c2c[nH]c3ccc(Cl)cc23)CC1)c1ccc(F)cc1,8.24,0.1363636363636363,0.9508196721311476,6.507297515869141
SLC6A4,active,582458,CC(C)CN(C(=O)c1ccc2ccccc2c1)[C@H]1CCNC1,8.52,0.1733333333333333,1.0,6.586684703826904
SLC6A4,active,711668,CN(C)[C@@H]1CC[C@H](c2c[nH]c3ccc(C#N)cc23)C1,9.66,0.136986301369863,1.0,6.481857776641846
SLC6A4,active,329004,CN(C)C[C@@H]1C[C@H]1c1c[nH]c2ccc(C#N)cc12,8.05,0.1475409836065573,1.0,6.488696098327637
SLC6A4,active,516307,c1ccc(CC2(c3ccc4[nH]ncc4c3)CCNC2)cc1,9.0,0.109375,0.673469387755102,6.5034027099609375
SLC6A4,active,2297279,CCc1ccc(CC2CCN(CCc3ccc4c(c3)C(=O)CCO4)CC2)cc1OCCOC,8.01,0.1428571428571428,0.8333333333333334,6.613620281219482
SLC6A4,active,1377263,Cc1ccc(Sc2ccccc2N2CCNCC2)c(C)c1,8.8,0.1818181818181818,0.972972972972973,6.53006649017334
SLC6A4,active,1704856,Cc1cccc(N2CCN(C[C@@H](O)CNC(=O)c3nc(C)n(-c4ccccc4F)c3C)CC2)c1C.Cl.Cl,7.99,0.1444444444444444,1.0,6.5896992683410645
SLC6A4,active,3221365,CNCc1cc(OCc2cc(F)ccc2F)n(CC2CC3CCC2C3)n1,9.3,0.1481481481481481,0.8448275862068966,6.561797618865967
SLC6A4,active,3146091,CC(C)N1CC(Oc2cc(F)ccc2OCc2ccc(C(F)(F)F)o2)C1,7.7,0.1643835616438356,0.55,6.561417102813721
SLC6A4,active,410278,CN(C)CCC(Oc1ccc(Cl)cc1)c1ccc(OCCCN2CCCCC2)cc1,7.8,0.2575757575757575,0.8235294117647058,6.531067371368408
SLC6A4,active,512612,COC(=O)[C@H]1[C@@H](c2cc(I)c(OC)c(I)c2)C[C@H]2CC[C@H]1N2C.Cl,8.12,0.68,0.76,6.58198881149292
SLC6A4,active,437806,CNCc1cc(C(=O)N2CCCN(C3CC3)CC2)ccc1Oc1ccc(SC)cc1,8.54,0.2048192771084337,0.9298245614035088,6.539142608642578
SLC6A4,active,707093,Cc1cc2c(cc1OCCCCN1CCN(c3cccc4cc(F)ccc34)CC1)C(=O)NC2,8.05,0.1688311688311688,0.9516129032258064,6.5551533699035645
SLC6A4,active,3018250,NC[C@@H](c1ccc2ccccc2c1)C(O)c1ccncc1Cl,7.44,0.1323529411764706,1.0,6.53232479095459
SLC6A4,active,591047,O=C1NCc2ccc3c(c21)CC(N(CCCc1c[nH]c2ccc(F)cc12)C1CCC1)CO3,7.2,0.1058823529411764,0.8591549295774648,6.560612678527832
SLC6A4,active,596666,Cl.Clc1ccc([C@]23CNC[C@H]2[C@@H]3COC2CCC2)cc1Cl,9.5,0.2142857142857142,0.9767441860465116,6.51031494140625
SLC6A4,active,2790818,COC(=O)[C@H]1[C@@H](c2ccc(Cl)c(Cl)c2)C[C@@H]2CC[C@H]1O2,8.33,0.5849056603773585,1.0,6.465874195098877
SLC6A4,active,288952,CN(C)C[C@H]1C2CCC(CC2)[C@H]1c1ccc(Cl)c(Cl)c1,7.24,0.293103448275862,1.0,6.484865188598633
SLC6A4,active,3064019,CNC(C)C1(c2ccc3ccccc3c2)CCC(O)CC1,7.2,0.1739130434782608,0.7073170731707317,6.480472564697266
SLC6A4,active,512542,COC(=O)[C@H]1[C@@H](c2cc(Br)c(OC)c(Br)c2)C[C@H]2CC[C@H]1N2C.Cl,8.54,0.660377358490566,0.76,6.566287994384766
SLC6A4,active,596543,CCCOC[C@@H]1[C@H]2CNC[C@]21c1ccc(Cl)c(Cl)c1,9.6,0.217391304347826,1.0,6.482467174530029
SLC6A4,active,1516140,CN1CC=CC[C@H](c2ccc(Cl)c(Cl)c2)C1,7.08,0.3157894736842105,1.0,6.499861717224121
SLC6A4,active,419028,CN(C)Cc1cc(Br)ccc1Sc1ccc(CO)cc1N,9.54,0.1388888888888889,0.7441860465116279,6.516451358795166
SLC6A4,active,347047,CCC(CC)N(Cc1ccccc1C(F)(F)F)C1CCNCC1.O=C(O)/C=C/C(=O)O,8.17,0.1830985915492957,0.8076923076923077,6.589691162109375
SLC6A4,active,452268,CNCc1ccc(Cl)cc1Oc1ccc(F)c(C)c1,7.51,0.1967213114754098,0.8,6.518296241760254
SLC6A4,active,395931,C[C@@H]1CN(c2cccc3cc(F)ccc23)CCN1CCC1OCCc2cc(C(N)=O)ccc21,9.1,0.1604938271604938,1.0,6.5834455490112305
SLC6A4,active,307625,COc1ccc(Br)c(CC2CCN([C@H]3CC[C@]4(CC3)OC(=O)c3c5c(ccc34)OCO5)CC2)c1,7.04,0.1758241758241758,0.7941176470588235,6.570754051208496
SLC6A4,active,427379,CCN(CC)C(=O)C1(c2ccccc2)CC1CN,8.19,0.1851851851851851,0.5384615384615384,6.453838348388672
SLC6A4,active,207884,Fc1ccc2[nH]cc(CCCNCCOc3cccc4ncccc34)c2c1,7.14,0.1139240506329113,0.8070175438596491,6.601531028747559
SLC6A4,active,425702,C=C(F)CN(C)C(=O)[C@@]1(c2ccsc2)C[C@H]1CN,7.22,0.140625,0.7254901960784313,6.487941265106201
SLC6A4,active,706261,O=C1NCc2cc(Cl)c(OCCCN3CCN(c4cccc5ccccc45)CC3)cc21,7.17,0.1830985915492957,0.9473684210526316,6.540853023529053
SLC6A4,active,104525,COC(=O)C1C2CCC(CC1c1cccc(I)c1)N2,8.91,0.6666666666666666,0.7446808510638298,6.517195224761963
SLC6A4,active,3187552,FC(F)(F)c1ccc(OCc2ccccc2)c(OC2CNC2)c1,7.25,0.2459016393442623,0.7083333333333334,6.541822910308838
SLC6A4,active,2987579,CN(C)CC1(c2ccc3ccccc3c2)CCC(F)(F)CC1,7.96,0.2352941176470588,0.7368421052631579,6.500982761383057
SLC6A4,active,340543,O=C(O)C(=O)O.O[C@@H](CCN1CCC(CCOC(c2ccc(F)cc2)c2ccc(F)cc2)CC1)c1ccccc1,7.66,0.1944444444444444,1.0,6.525991439819336
SLC6A4,active,427025,Cc1cc(Oc2ccc(Cl)cc2C)c(CN(C)C)cn1,8.22,0.135593220338983,0.7727272727272727,6.505382061004639
SLC6A4,active,1528040,CN1CCc2c(cccc2C(=O)NCC2(N3CCN(c4ccccc4)CC3)CCCCC2)C1,7.8,0.1830985915492957,0.3176470588235294,6.526938438415527
SLC6A4,active,2975457,Clc1ccc(OCCc2ccccc2)c(OC2CNC2)c1,7.28,0.1641791044776119,0.8536585365853658,6.505825996398926
SLC6A4,active,412770,Clc1cccc(CN(CC2CC2)[C@H]2CCNC2)c1Cl,8.22,0.1408450704225352,1.0,6.532231330871582
SLC6A4,active,2744324,CCCCc1nc(C2CCN(CCCc3c[nH]c4ccc(C#N)cc34)CC2)cn1-c1ccc(Oc2ccc(Cl)cc2)cc1,7.72,0.1515151515151515,0.9605263157894736,6.55223274230957
SLC6A4,active,247895,COc1cccc2c1O[C@@H](CN1C3C=C(c4cccc5cccnc45)CC1CC3)CO2,7.48,0.1521739130434782,0.7647058823529411,6.493300914764404
SLC6A4,active,701573,Cc1ccc2c(N3CCN(CCc4cccc5c4OCc4c(C(=O)NCC6CC6)ncn4-5)CC3)cccc2n1,8.3,0.1717171717171717,0.8311688311688312,6.519442558288574
SLC6A4,active,690772,CC(C)(C)CCC1(C(=O)c2ccc(N)c(Cl)c2)CCNC1,9.0,0.1805555555555555,0.8043478260869565,6.526666641235352
SLC6A4,active,491494,CSc1ccc(Oc2ccc(C)cc2CN(C)C)cc1,8.3,0.1454545454545454,0.7435897435897436,6.50156307220459
SLC6A4,active,711628,CCCNC1CCC(c2c[nH]c3ccc(C#N)cc23)C1,7.52,0.1428571428571428,0.8367346938775511,6.541583061218262
SLC6A4,active,3152510,CN(Cc1cc(NC(=O)c2ccccc2)n(CC2CCCCC2)n1)C(=O)OC(C)(C)C,8.0,0.1764705882352941,0.6376811594202898,6.49611759185791
SLC6A4,active,438924,CNCc1cc(C(=O)N2CCN(C(C)C)CC2)ccc1Oc1ccc(Cl)c(Cl)c1,8.2,0.2666666666666666,0.9285714285714286,6.51528787612915
SLC6A4,active,393973,COc1ccc(C2CN(C)Cc3cc(OCCCN4CCC4)ccc32)cc1,8.32,0.1688311688311688,0.9387755102040816,6.5059919357299805
SLC6A4,active,493096,Cc1ccc2c(N3CCN(CCc4cc(F)c5c(c4)NC(=O)CO5)CC3)cccc2n1,8.9,0.1413043478260869,0.75,6.527831077575684
SLC6A4,active,2006185,Clc1ccc(C23CCN(CC2)Cc2cc(OCCCc4ccncc4)ccc23)cc1,8.38,0.1375,0.7966101694915254,6.569271087646484
SLC6A4,active,648245,c1ccc(CC2CNCCN2c2ccccc2)cc1,7.8,0.1538461538461538,0.75,6.5156145095825195
SLC6A4,active,410286,CCOc1ccc(C2CN(C)Cc3cc(OCCCN4CCC(F)CC4)ccc32)cc1,8.33,0.1604938271604938,0.8363636363636363,6.550691604614258
SLC6A4,active,516227,CNCCC(c1ccccc1)c1c[nH]c2ccccc12,8.05,0.3461538461538461,0.5853658536585366,6.499126434326172
SLC6A4,active,172642,CN(C)Cc1ccccc1Sc1ccc(C#N)cc1N,8.96,0.175438596491228,0.6744186046511628,6.515562534332275
SLC6A4,active,410281,CN(C)CCC(Oc1ccc(Br)cc1)c1ccc(OCCCN2CCCCC2)cc1,8.05,0.2575757575757575,0.8235294117647058,6.532422065734863
SLC6A4,active,2442293,O=C1CC(c2c[nH]c3ccc(F)cc23)C(=O)N1CCCCN1CCC(c2c[nH]c3ccccc23)CC1,7.29,0.1621621621621621,0.912280701754386,6.616480827331543
SLC6A4,active,2037072,O=c1ccccn1-c1ccc2c(c1)CNCC2c1ccc(Cl)c(Cl)c1,8.16,0.2394366197183098,0.6964285714285714,6.534430503845215
SLC6A4,active,2219883,Cc1[nH]c2ccc(Cl)cc2c1C1=CCN(CCCCNS(=O)(=O)c2ccc3ccccc3c2)CC1,7.6,0.1463414634146341,0.9545454545454546,6.499762535095215
SLC6A4,active,617934,CC(C)CN(C(=O)c1cccc(C(F)(F)F)c1Cl)[C@H]1CCNC1,7.96,0.1756756756756756,0.7735849056603774,6.539716720581055
SLC6A4,active,593266,CN1C2CCC1[C@@H](C(=O)NCc1ccc(CCNC(=O)[C@H]3C4CCC(C[C@@H]3c3ccc(Cl)cc3)N4C)cc1)[C@@H](c1ccc(Cl)cc1)C2,7.19,0.5964912280701754,0.7454545454545455,6.617204666137695
SLC6A4,active,453349,CNCc1ccc(Cl)cc1Oc1ccc(Cl)cc1,8.04,0.2,0.8529411764705882,6.492884159088135
SLC6A4,active,699516,Cl.O=C1Cc2c(ccc3c2OC[C@H](CNCCC2CCc4[nH]c5ccc(F)cc5c4C2)O3)N1,7.62,0.099009900990099,0.9855072463768116,6.528436660766602
SLC6A4,active,347107,Cc1ccc(CN(CC(C)C)C2CCNCC2)cc1,9.0,0.125,0.7631578947368421,6.491763114929199
SLC6A4,active,1785662,CN1Cc2ccccc2C(c2coc3ccccc23)C1,7.17,0.2037037037037037,0.7560975609756098,6.480379104614258
SLC6A4,active,289540,COC(=O)[C@@H]1C2CCC(C[C@@H]1c1ccc(I)cc1)N2,9.44,0.7727272727272727,1.0,6.4753737449646
SLC6A4,active,596475,Clc1ccc([C@@]23CNC[C@@H]2[C@H]3COCC2CC2)cc1Cl,9.5,0.2205882352941176,1.0,6.497600555419922
SLC6A4,active,329090,CN(C)CCC(Oc1ccc(C(F)(F)F)cc1)c1ccccc1,8.08,0.6744186046511628,0.6829268292682927,6.544816017150879
SLC6A4,active,3110792,CNCC(Cc1ccccc1C)c1ccc2ccccc2c1,8.11,0.2241379310344827,0.7317073170731707,6.5133957862854
SLC6A4,active,2733370,N#Cc1ccc2[nH]cc(CCCCN3CCN(c4ccc(C(=O)CCC5CCN(Cc6cccnc6)CC5)cc4)CC3)c2c1,7.79,0.1192660550458715,0.8518518518518519,6.525108814239502
SLC6A4,active,1704629,COc1ccccc1-n1c(C)nc(C(=O)NCC(O)CN2CCN(c3cccc(Cl)c3Cl)CC2)c1C.Cl.Cl.Cl.Cl,7.91,0.1758241758241758,0.984375,6.588931083679199
SLC6A4,active,247826,COc1cccc2c1O[C@@H](CN1C3C=C(n4ccc5cc(F)ccc54)CC1CC3)CO2,8.07,0.1630434782608695,0.6266666666666667,6.493768215179443
SLC6A4,active,341592,CNC(=O)c1cccc2c1[C@@H](NC)CC[C@H]2c1ccc(Cl)c(Cl)c1,7.51,0.3181818181818182,0.8163265306122449,6.511290550231934
SLC6A4,active,1430912,Cl.Clc1ccc(OC(c2ccc3ccccc3c2)C2CNC2)cc1Cl,7.46,0.2238805970149253,0.7209302325581395,6.545209884643555
SLC6A4,active,2860733,N#Cc1ccc2[nH]cc(CCCCN3CCN(c4ncc(-c5ccc(Cl)cc5)cn4)CC3)c2c1,9.49,0.1264367816091954,0.7246376811594203,6.526786804199219
SLC6A4,active,554740,Clc1ccc(Cl)c(OC(c2cccnc2)C2CCNCC2)c1,8.15,0.1780821917808219,0.8333333333333334,6.505553722381592
SLC6A4,active,467917,CSc1ccc(Oc2ccc(Br)cc2CN(C)C)cc1,8.7,0.144927536231884,0.725,6.504219055175781
SLC6A4,active,686452,Cc1c(C(=O)NCCN2CCN(c3cccc(Cl)c3Cl)CC2)cc(C(C)(C)C)n1C.Cl,7.35,0.1975308641975308,0.7301587301587301,6.514712333679199
SLC6A4,active,394000,COc1ccc(C2CN(C)Cc3cc(OCCCN4CCN(c5ccncc5)CC4)ccc32)cc1,8.4,0.1511627906976744,0.796875,6.514438629150391
SLC6A4,active,2006173,Cc1nnc2ccc(-c3ccc4c(c3)CN3CCC4(c4ccc(Cl)cc4)CC3)cn12,7.92,0.1392405063291139,0.6666666666666666,6.529890060424805
SLC6A4,active,480486,CNC[C@@H](O)[C@H](c1ccccc1)N(C)c1ccc(OC)cc1,8.52,0.2982456140350877,0.9,6.512737274169922
SLC6A4,active,1383864,COC(=O)[C@H]1C2CCC(C2)C[C@@H]1c1ccc2ccccc2c1,7.19,0.4067796610169492,1.0,6.4952287673950195
SLC6A4,active,690855,Cc1ccc(C(=O)C2(CCC(C)(C)C)CCNC2)cc1Cl,9.0,0.1830985915492957,0.8222222222222222,6.5318779945373535
SLC6A4,active,1170652,Cc1cc(C)n(C[C@@]23CNCC[C@]2(c2ccc(Cl)c(Cl)c2)C3)n1,9.4,0.1842105263157894,1.0,6.509211540222168
SLC6A4,active,438278,CNCc1cc(C(=O)N2CCCN(C3CC3)CC2)ccc1Oc1cccc(OC)c1,7.89,0.2469135802469135,0.8253968253968254,6.533347129821777
SLC6A4,active,2947850,NC(=O)c1cc2cc(N3CCN(CCc4cc5c(cc4F)OCC(=O)N5)CC3)ccc2o1,7.19,0.1195652173913043,0.7727272727272727,6.571232795715332
SLC6A4,active,439063,CCCCCCC(=O)OC[C@H]1[C@@H](c2ccc(Cl)c(Cl)c2)CC2CC[C@H]1N2C,7.28,0.5396825396825397,0.925925925925926,6.504342555999756
SLC6A4,active,438399,CNCc1cc(C(=O)N2CCN(C(C)C)CC2)ccc1Oc1ccc(SC)c(C)c1,8.09,0.1666666666666666,0.7833333333333333,6.5652642250061035
SLC6A4,active,558954,COc1ccc([C@@H](C)N[C@@H]2CC[C@@H](C(=O)N3CCC(C(=O)N4CCCC4)(c4ccccc4)CC3)C(C)(C)C2)cc1,7.77,0.1797752808988764,0.8307692307692308,6.464203834533691
SLC6A4,active,367480,CC(=O)c1cc(NC(=O)NCCC[C@H]2C[C@H](Cc3ccc(F)cc3)CCN2CCF)cc(C(C)=O)c1,7.31,0.1704545454545454,0.875,6.550237655639648
SLC6A4,active,598435,Cc1ccc(Oc2cc(F)ccc2CN(C)C)c(N)c1,8.15,0.1379310344827586,0.8461538461538461,6.477159023284912
SLC6A4,active,558965,CSc1ccccc1C(=O)N(C1CCC1)[C@H]1CCNC1,7.21,0.1641791044776119,0.975,6.504831790924072
SLC6A4,active,3201832,CNC[C@H](c1ccc2ccccc2c1)[C@H](OC)c1ccccc1,7.62,0.2909090909090909,1.0,6.522952556610107
SLC6A4,active,198153,FC(F)(F)c1cc(COCC2(c3ccccc3)CCCNC2)cc(C(F)(F)F)c1,7.6,0.2121212121212121,0.8695652173913043,6.554754257202148
SLC6A4,active,2737767,CN1CC[C@@]23CCCC[C@@H]2[C@@H]1Cc1ccc(OC(F)F)cc13,7.26,0.2027027027027027,0.7692307692307693,6.535181045532227
SLC6A4,active,105753,c1ccc(CCCNC2CCN(CCOC(c3ccccc3)c3ccccc3)CC2)cc1,7.26,0.1969696969696969,0.6296296296296297,6.526795864105225
SLC6A4,active,427517,NC[C@@H]1C[C@@]1(C(=O)N1CCc2sccc2C1)c1ccc2c(c1)OCO2,7.85,0.127906976744186,0.75,6.551753520965576
SLC6A4,active,3266141,CNC[C@H](c1ccc2ccccc2c1)[C@H](OCC(=O)N1CCOCC1)c1ccccc1,8.25,0.2222222222222222,0.8363636363636363,6.554064750671387
SLC6A4,active,1276625,COC(=O)[C@H]1[C@@H](c2ccc(I)cc2)C[C@@H]2CC[C@H]1N2C/C=C/I,8.82,0.6730769230769231,0.8301886792452831,6.639128684997559
SLC6A4,active,3091063,Clc1ccccc1COc1ccc(Br)cc1OC1CNC1,8.3,0.1805555555555555,0.7777777777777778,6.550760746002197
SLC6A4,active,491649,CSc1ccc(Oc2ccc(S(N)(=O)=O)cc2CN(C)C)cc1,8.4,0.1311475409836065,0.7446808510638298,6.522314071655273
SLC6A4,active,2038100,CCCC(=O)NCCNC(CC(C)C)C1(c2ccc(OCC)cc2)CCC1,7.6,0.1466666666666666,0.7678571428571429,6.510073184967041
SLC6A4,active,3179475,CNCc1cc(OCc2cc(F)ccc2F)n(Cc2ccc(Cl)cc2)n1,8.82,0.1621621621621621,0.9148936170212766,6.54931640625
SLC6A4,reference,605,CN(C)CCCN1c2ccccc2CCc2ccccc21,9.28,1.0,0.7631578947368421,6.475051403045654
SLC6A4,reference,14241,COC(=O)C1C(c2ccc(I)cc2)CC2CCC1N2C,8.6,1.0,1.0,6.54514217376709
SLC6A4,reference,77792,COC(=O)C1C2CC[C@H](C[C@@H]1c1ccc(I)cc1)N2C,8.6,1.0,1.0,6.509679317474365
SLC6A4,reference,105443,COC(=O)C1C(c2cccc(I)c2)CC2CCC1N2C,8.02,1.0,0.76,6.535699844360352
SLC6A4,reference,107153,COC(=O)C1C(c2ccc(Cl)cc2)CC2CCC1N2C,8.23,1.0,1.0,6.487105369567871
SLC6A4,reference,129620,COC(=O)C1C2CCC(CC1c1ccc(Cl)cc1)N2,8.79,1.0,0.7727272727272727,6.457744121551514
SLC6A4,reference,143073,COC(=O)C1C(c2ccc(Cl)c(Cl)c2)CC2CCC1N2C,8.7,1.0,1.0,6.500392913818359
SLC6A4,reference,283063,COC(=O)C1C2CCC(CC1c1ccc(Cl)c(Cl)c1)N2,8.91,1.0,0.8297872340425532,6.4687957763671875
SLC6A4,reference,283554,COC(=O)C1C(c2cccc(Br)c2)CC2CCC1N2C,7.69,1.0,0.76,6.514163017272949
SLC6A4,reference,2223,CNCCC(Oc1ccc(C(F)(F)F)cc1)c1ccccc1,9.57,1.0,0.972972972972973,6.5205302238464355
SLC6A4,negative,2980559,Cc1nc2ccc(CCN3CCN(c4cccc5sccc45)CC3)cc2c(=O)[nH]1,,0.1486486486486486,,6.456987380981445
SLC6A4,negative,2774336,Cl.Cl.Nc1nc(C(=O)NCc2ccccn2)cn2c1nc1ccccc12,,0.1219512195121951,,6.53822135925293
SLC6A4,negative,1618,COc1ccc(S(=O)(=O)N2CN(C3CCCCC3)C(=O)C[C@@H]2C(=O)NO)cc1,,0.2051282051282051,,6.513547897338867
SLC6A4,negative,151003,CCC(C)N1CCC[C@@H](c2cccc(C#N)c2)C1,,0.1944444444444444,,6.5082173347473145
SLC6A4,negative,368591,CCC(CC)(CC)NC1=NCCNC(c2ccc(F)cc2F)=C1,,0.1126760563380281,,6.562112331390381
SLC6A4,negative,62690,Fc1ccc(-c2[nH]c3cc(F)ccc3c2C2CCCNC2)cc1,,0.12,,6.525784492492676
SLC6A4,negative,1167948,CC(=O)N1CCN(C2(c3ccc(Oc4ccccc4)cc3)C(=O)NC(=O)NC2=O)CC1,,0.1470588235294117,,6.5203776359558105
SLC6A4,negative,516858,CCN(CCCCCCn1c(=O)c(=O)n(CCCCCCN(CC)Cc2ccccc2OC)c2ccccc21)Cc1ccccc1OC,,0.2,,6.596597671508789
SLC6A4,negative,570848,Nc1cnc2nc(N3CCC(N4CCCCC4)CC3)sc2c1,,0.12,,6.492764472961426
SLC6A4,negative,1975517,O=C(N[C@H]1CC[C@H](CCN2CCN(c3nccc4c3CCO4)CC2)CC1)c1ccc(N2CCOCC2)nc1,,0.1318681318681318,,6.553812026977539
SLC6A4,negative,145809,CN1CCN(C2=Cc3cc(Cl)ccc3Oc3ccccc32)CC1,,0.1764705882352941,,6.544305801391602
SLC6A4,negative,75400,Cc1cccn2cc(-c3ccc(OCCCN4CCCCC4)cc3)cc12,,0.1746031746031746,,6.504690170288086
SLC6A4,negative,2981301,COc1cccc2c1nc(N)n1nc([C@H]3CCCN(CCC(F)(F)F)C3)nc21,,0.146067415730337,,6.521633148193359
SLC6A4,negative,1511622,c1ccc([C@@H]2CC(c3c4ccccc4cc4ccccc34)=NN2)nc1,,0.1,,6.535146713256836
SLC6A4,negative,2109673,CO[C@H]1CC[C@H](CC(=O)N[C@H]2CC[C@H](CCN3CCC(c4noc5cc(F)c(F)cc45)CC3)CC2)CC1,,0.1666666666666666,,6.550963401794434
SLC6A4,negative,401707,O=C(c1cccc(Br)c1)N1c2ccccc2Sc2ccccc21,,0.2419354838709677,,6.561616897583008
SLC6A4,negative,2101106,COC(=O)c1cccc(N2CCC(OC(=O)N3CCN(C4CCC4)CC3)CC2)n1,,0.2368421052631578,,6.5186662673950195
SLC6A4,negative,1526010,COc1ccccc1NC(=O)/C=C/c1ccc(O)cc1,,0.171875,,6.511143207550049
SLC6A4,negative,632198,C[C@@H]1CCCN1CCc1ccc2nc(-c3cccs3)ccc2c1,,0.1470588235294117,,6.534926891326904
SLC6A4,negative,1980464,C[C@@H](O)[C@@H]1NC(=O)[C@H](CCCCN)NC(=O)[C@@H](Cc2c[nH]c3ccccc23)NC(=O)[C@H](Cc2ccncc2)NC(=O)[C@H](Cc2ccccc2)NC(=O)[C@H](CCCNC(=N)N)NC(=O)[C@H](NC[C@H](CCCCNC(=O)C[S+]([O-])C[C@@H]2C[C@@H]3c4cccc5[nH]cc(c45)C[C@H]3N(C)C2)NC(=O)C[S+]([O-])C[C@@H]2C[C@@H]3c4cccc5[nH]cc(c45)C[C@H]3N(C)C2)CCCCNC(=O)[C@H](Cc2ccccc2)NC1=O,,0.1346153846153846,,6.669254302978516
SLC6A4,negative,2953321,C=CCN1C[C@H](OC(=O)Nc2cccnc2)C[C@H]1CNC(=O)c1cc(CCCF)cc(OC)c1OC,,0.1538461538461538,,6.533261775970459
SLC6A4,negative,205424,COc1ccc(S(=O)(=O)N2CCN(S(=O)(=O)c3c(C)noc3C)CC2C(=O)NO)cc1,,0.1647058823529411,,6.519387722015381
SLC6A4,negative,2530604,CC(C)N(CCCN1CCC(c2noc3cc(F)ccc23)CC1)C(=O)c1ccccc1,,0.1866666666666666,,6.516181468963623
SLC6A4,negative,620654,CC(=O)NCC[C@@H](NS(=O)(=O)c1ccc(-c2ccccc2)cc1)C(=O)NO,,0.1846153846153846,,6.544582366943359
SLC6A4,negative,1441760,Cn1cc2c(nc(NCCc3ccccc3)n3nc(-c4ccco4)nc23)n1,,0.1282051282051282,,6.565964698791504
SLC6A4,negative,3173016,Cn1cc(-c2c(-c3ccc(F)cc3)nc(N)n3nc(Cc4ncccc4OC(F)F)nc23)ccc1=O,,0.125,,6.520669937133789
SLC6A4,negative,336699,CCCn1c(=O)c2nc(-c3cc(OCC(=O)c4ccc(F)cc4)nn3C)[nH]c2n(CCC)c1=O,,0.1333333333333333,,6.527779579162598
SLC6A4,negative,3023255,Cc1ncoc1-c1nnc(SCCCN2C[C@H]3CCN(c4ccc(C(F)(F)F)cc4)[C@H]3C2)n1C,,0.1785714285714285,,6.5182576179504395
SLC6A4,negative,383724,CN(C)C(=O)c1cc(OCCCN2CCCCC2)ccc1OCc1ccccc1Cl,,0.1857142857142857,,6.514883041381836
SLC6A4,negative,707316,C=CCOc1ccc(CCCn2ncc3c2nc(N)n2nc(-c4ccco4)nc32)cc1,,0.0975609756097561,,6.597220420837402
SLC6A4,negative,2922664,COc1cc(S(=O)(=O)C(F)(F)F)c(OC)cc1CCN.Cl,,0.1269841269841269,,6.578359603881836
SLC6A4,negative,1836003,O=C1CCc2ccc(OCCCCN3CCN(c4cccc5c4ccn5Cc4ccccc4)CC3)cc2N1,,0.2077922077922078,,6.5264716148376465
SLC6A4,negative,2808533,C[C@H]1CO[C@@H](c2ccc(N)nc2)CN1C/C=C1\CCC(CNC(=O)c2cc3ccccc3[nH]2)C1,,0.1568627450980392,,6.564320087432861
SLC6A4,negative,676153,Br.Oc1ccc([C@H]2C[C@@H]2CN2CCN(c3ccc(Cl)cc3Cl)CC2)cc1,,0.2424242424242424,,6.515166759490967
SLC6A4,negative,14864,Cc1onc(O)c1C[C@H](N)C(=O)O,,0.09375,,6.469156265258789
SLC6A4,negative,3282524,COc1cccc2c1nc(N)n1nc([C@H]3CCC[C@@H](N)C3)nc21,,0.1625,,6.519443988800049
SLC6A4,negative,2521436,CC(C)n1nc2c(c1-c1ccc(Cl)cc1)CCNCC2,,0.1846153846153846,,6.488771915435791
SLC6A4,negative,3036236,CCCCCn1c2cc(-c3ccc(S(=O)(=O)Nc4ccc(C)cc4)cc3)[nH]c2c(=O)n2c(C)nnc12,,0.0975609756097561,,6.482115268707275
SLC6A4,negative,275493,CCn1cc2c(nc(NC(=O)Nc3ccc(C)cc3)n3nc(-c4ccco4)nc23)n1,,0.108695652173913,,6.588072776794434
SLC6A4,negative,3231361,COc1cccc2c1nc(N)n1nc([C@H]3CCC(F)(F)CN3)nc21,,0.1411764705882353,,6.525038719177246
SLC6A4,negative,335564,O=C(CCCCCCNc1c2c(nc3cc(Cl)ccc13)CCCC2)NCCc1c[nH]c2ccccc12,,0.1413043478260869,,6.549699783325195
SLC6A4,negative,2009915,O=C(CC1CCOCC1)N[C@H]1CC[C@H](CCN2CCC(c3coc4ccccc34)CC2)CC1,,0.1494252873563218,,6.519630432128906
SLC6A4,negative,388820,COc1ccc2c(c1)CCCN(C)CCc1ccccc1C2,,0.2307692307692307,,6.50955057144165
SLC6A4,negative,2321602,COc1nc(-c2ccnc(NC(=O)C3CC3)c2)sc1C(=O)NCCNc1c2c(nc3cc(Cl)ccc13)CCCC2,,0.1818181818181818,,6.58000373840332
SLC6A4,negative,424899,COc1cccc(CN(C)C)c1OCC(=O)Nc1cc(-n2nc(C)cc2C)nc(-c2ccc(C)o2)n1,,0.1414141414141414,,6.570672035217285
SLC6A4,negative,2028666,O=C(CC1CCC1)N[C@H]1CC[C@H](CCN2CCC(c3cccc4c3CCO4)CC2)CC1,,0.1627906976744186,,6.57847785949707
SLC6A4,negative,1790150,CC(C)(C)OC(=O)n1ccc(=O)n(Cc2ccc(OCCCN3CCCCC3)cc2)c1=O,,0.1645569620253164,,6.566386699676514
SLC6A4,negative,63244,CNC(=O)Oc1ccc2c(c1)c(C)cn2Nc1ccncc1F,,0.1341463414634146,,6.522615432739258
SLC6A4,negative,602916,O=S(=O)(c1ccc2ccccc2c1)N(CCCN1CCN(c2ccccc2)CC1)CC1CC1,,0.1969696969696969,,6.579089164733887
SLC6A4,negative,3139170,COC1CCN(c2nccc3c(-c4ccc5[nH]c(=O)sc5c4)c(-c4ccccc4)nn23)CC1,,0.1555555555555555,,6.5662150382995605
SLC6A4,negative,371756,Nc1nc(OCCc2ccsc2)nc2c1ncn2[C@@H]1O[C@H](CO)[C@@H](O)[C@H]1O,,0.0919540229885057,,6.530611991882324
SLC6A4,negative,1172952,CC1CCCN1CCc1ccc2nc(-c3ccoc3)ccc2c1,,0.1304347826086956,,6.5140252113342285
SLC6A4,negative,3100641,Cc1cc2nc(N[C@@H](C)c3cncc(F)c3)nc(C(=O)NC[C@@H](C)O)c2s1,,0.1097560975609756,,6.528820991516113
SLC6A4,negative,2028629,CC(C)C(=O)N[C@H]1CC[C@H](CCN2CCC(c3cccc4c3CCO4)CC2)CC1,,0.1927710843373494,,6.53688383102417
SLC6A4,negative,3113699,Cn1cc(-c2c(-c3ncco3)nc(N)n3nc(Cc4ncccc4OC(F)F)nc23)ccc1=O,,0.1188118811881188,,6.550748825073242
SLC6A4,negative,18159,CCCCCCC[C@H](C[C@H](O)CS)C(=O)N[C@@H](CC(C)C)C(=O)NC(=O)C(CC(C)C)NCC,,0.0864197530864197,,6.464590072631836
SLC6A4,negative,703191,COC(=O)[C@H](c1ccc(I)cc1)[C@H]1CCCCN1,,0.3220338983050847,,6.5505475997924805
SLC6A4,negative,1836016,NC(=O)c1ccccc1OCCCN1CCN(c2cccc3c2ccn3Cc2ccccc2F)CC1,,0.1710526315789473,,6.570874214172363
SLC6A4,negative,476270,CCCC(=O)/N=C(\N)NCCCc1c[nH]cn1,,0.125,,6.513166904449463
SLC6A4,negative,551497,COc1ccc(S(=O)(=O)N2CCCNCC2C(=O)NO)cc1.Cl,,0.1842105263157894,,6.5243635177612305
SLC6A4,negative,18536,CCCn1c(=O)c2[nH]c(-c3ccc(OCC(=O)Nc4ccc(C#N)cc4)cc3)nc2n(CCC)c1=O,,0.1395348837209302,,6.523935317993164
SLC6A4,negative,2479145,O=S1(=O)c2cccc3cccc(c23)N1CCCCCCN1CCN(c2nsc3ccccc23)CC1,,0.1690140845070422,,6.533456325531006
SLC6A4,negative,51688,COc1ccc(S(=O)(=O)N(Cc2cccnc2)c2c(C(=O)NO)cnc3c2cnn3-c2ccccc2)cc1,,0.1443298969072164,,6.530956745147705
SLC6A4,negative,3225952,COc1ccccc1-c1nc(N)n2nc(Cc3ncccc3F)nc2c1-c1ccc(=O)n(C)c1,,0.1145833333333333,,6.547309398651123
SLC6A4,negative,1511687,O=S(=O)(NCCCCN1CCN(c2cccc(Cl)c2Cl)CC1)c1cc2ccccc2cn1,,0.1690140845070422,,6.500553607940674
SLC6A4,negative,117831,Clc1ccc2c(NCCCCCCCCNc3c4c(nc5cc(Cl)ccc35)CCCC4)c3c(nc2c1)CCCC3,,0.144927536231884,,6.556940078735352
SLC6A4,negative,599888,O=C(c1ccc(Cn2cnc3ccccc32)cc1)N1CC[C@@H](N2CCCC2)C1,,0.1604938271604938,,6.538048267364502
SLC6A4,negative,353882,Fc1ccc(C(c2ccc(F)cc2)N2CCN(CCN3CCCC3)CC2)cc1,,0.1372549019607843,,6.549344062805176
SLC6A4,negative,490898,CCCC(=O)Oc1cccc2c1-c1cccc3c1[C@@H](C2)N(CCC)CC3,,0.189873417721519,,6.496631145477295
SLC6A4,negative,2755769,COc1ccccc1N1CCN(CCCCNc2nc(N)nc(NCCc3c[nH]c4ccccc34)n2)CC1,,0.1688311688311688,,6.548128128051758
SLC6A4,negative,34268,CCN(CC)C(=O)c1ccc(-c2ccc(OCCCN3CCOCC3)cc2)cc1,,0.1587301587301587,,6.542182445526123
SLC6A4,negative,1997812,CS(=O)(=O)CC(=O)N[C@H]1CC[C@H](CCN2CCC(c3cccc4c3OCO4)CC2)CC1,,0.1744186046511628,,6.524032115936279
SLC6A4,negative,3028973,Cc1ncc(CC(=O)N[C@H]2CC[C@H](CCN3CCN(c4nocc4C(C)(F)F)CC3)CC2)s1,,0.146067415730337,,6.548438549041748
SLC6A4,negative,132296,c1ccc2c(c1)Cc1ccccc1N1OC(CN3CCCC3)CC21,,0.2142857142857142,,6.520959377288818
SLC6A4,negative,3079581,C#CC(O)C(=O)N(CC)CCN1CCC(c2noc3cc(F)ccc23)CC1,,0.1704545454545454,,6.580844402313232
SLC6A4,negative,2916758,C[C@H](C[C@H](COC(=O)CCC(=O)O)NC(=O)c1ccc(Oc2ccccc2)cc1)C(=O)NO,,0.1944444444444444,,6.521960735321045
SLC6A4,negative,2373141,CCNC(=O)[C@H]1CC[C@@]2(C)CC[C@@H]3c4ccc(OCCCN5CCC[C@H]5C)cc4CC[C@H]3[C@H]12,,0.1827956989247312,,6.508849143981934
SLC6A4,negative,2488810,O=S(=O)(N[C@H]1CCN(CCCc2noc3ccccc23)C1)c1cccc(Cl)c1,,0.1666666666666666,,6.548499584197998
SLC6A4,negative,3124441,O=C1Cc2cc(-c3c(-c4ccc(F)cc4)nc4c(N5CC(F)(F)C5)nccn34)ccc2N1,,0.0897435897435897,,6.496521949768066
SLC6A4,negative,2274962,Nc1nc(NCCCCCNC(=O)c2ccc(S(=O)(=O)F)cc2)nc2nc(-c3ccco3)nn12,,0.1111111111111111,,6.4922027587890625
SLC6A4,negative,1796633,COc1cc2c(cc1O)[C@@H]1Cc3sc(CC(C)Cl)cc3CN1CC2,,0.1604938271604938,,6.593906879425049
SLC6A4,negative,134665,CN(C)CC1CC2c3cc(F)ccc3Cc3ccc(F)cc3N2O1,,0.2033898305084746,,6.490259647369385
SLC6A4,negative,2860868,COc1c(OCc2cccc(F)c2)cc2oc3cc4c(c(OCc5ccncc5)c3c(=O)c2c1CC=C(C)C)C=CC(C)(C)O4,,0.1203703703703703,,6.55362606048584
SLC6A4,negative,125967,CCCCOc1ccc(S(=O)(=O)C2(C(=O)NO)CCN(Cc3ccc(OCCN4CCCCC4)cc3)CC2)cc1,,0.1585365853658536,,6.564208984375
SLC6A4,negative,3175266,CC(=O)N1CCN(c2nccn3c(-c4ccc5c(c4)CC(=O)N5)c(C(=O)c4ccccc4)nc23)CC1,,0.1204819277108433,,6.55361270904541
SLC6A4,negative,1796620,CCc1cc2c(s1)C[C@H]1c3cc(O)c(OC)cc3CCN1C2,,0.1558441558441558,,6.4954657554626465
SLC6A4,negative,388753,CCN(CCCCCCNC1=CC(=O)C(NCCCCCCN(CC)Cc2ccccc2C)=CC1=O)Cc1ccccc1C,,0.2068965517241379,,6.620767116546631
SLC6A4,negative,493497,NC(=O)C1CCCN(CCCOc2ccc(-n3c(-c4ccccn4)nc4cc(F)ccc43)cc2)C1,,0.1428571428571428,,6.522759914398193
SLC6A4,negative,2031275,O=C(N[C@H]1CC[C@H](CCN2CCN(c3cccc4c3OCO4)CC2)CC1)c1ccc(F)cc1,,0.160919540229885,,6.490365982055664
SLC6A4,negative,1263664,O=C1[C@H](N(CCN2CCOCC2)S(=O)(=O)c2ccc(Oc3ccc(Cl)cc3)cc2)CC=CCN1O,,0.180722891566265,,6.53369665145874
SLC6A4,negative,2838268,O=C(N[C@H]1CC[C@H](CCN2CCN(c3cccc(Cl)c3Cl)CC2)CC1)N1CCc2ncccc2C1,,0.1777777777777777,,6.505727291107178
SLC6A4,negative,440012,Cc1cc(C)n(-c2cc(NC(=O)CN3CCOCC3)nc(-c3ccc(C)o3)n2)n1,,0.125,,6.496049404144287
SLC6A4,negative,1268383,CC(C)(C)OC(=O)NCC1CCC(CNc2nc(N)n3nc(-c4ccco4)nc3n2)CC1,,0.1666666666666666,,6.528000354766846
SLC6A4,negative,632528,CCOC(=O)c1cc(-c2ccc3cc(CCN4CCC[C@H]4C)ccc3n2)on1,,0.1590909090909091,,6.520644664764404
SLC6A4,negative,408862,Fc1ccc(C2CN3CCCC3c3cc(OCCCN4CCCCC4)ccc32)cc1,,0.1604938271604938,,6.560511589050293
SLC6A4,negative,452158,COC(=O)N(C)[C@H]1CC[C@@]2(C)C(=CC[C@H]3[C@@H]4CC[C@@H]5[C@H](C)N(C)C[C@@]54CC[C@@H]32)C1,,0.1728395061728395,,6.535614013671875
SLC6A4,negative,457794,COc1cccc(-n2c(=O)n(Cc3ccccc3F)c3cnc(NC4CC4)nc32)c1,,0.1685393258426966,,6.520450592041016
SLC6A4,negative,1998496,COCCOc1ccc(NC(=O)c2cccc(C(F)(F)F)c2)cc1-c1ccnn1C,,0.1772151898734177,,6.562233924865723
SLC6A4,negative,1426027,O=S(=O)(NC1CCN(CCOc2cccc3c2CCCC3)C1)c1ccc(F)cc1,,0.1666666666666666,,6.56459379196167
SLC6A4,negative,546972,CNC(=O)Oc1cccc(CN(C)CCCOc2cccc(Cc3ccccc3)c2)c1.Cl,,0.1875,,6.560128211975098
SLC6A4,negative,1591445,CS(=O)(=O)N1CCC[C@H]1[C@@H](CS(=O)(=O)c1ccc(Oc2ccc(OC(F)(F)F)cc2)cc1)N(O)C=O,,0.1625,,6.497265338897705
SLC6A4,negative,297762,COc1cccc(C(=O)NC/C=C/CN2CCN(c3cccc(Cl)c3Cl)CC2)c1,,0.1975308641975308,,6.529714107513428
SLC6A4,negative,3103811,Cc1ncc2c(=O)n(CCN3CCC(c4noc5ccccc45)CC3)ccc2n1,,0.1486486486486486,,6.53278112411499
SLC6A4,negative,612960,O=C(Nc1ccc(Br)c(-c2ccco2)n1)C1CC1,,0.1857142857142857,,6.494301795959473
SLC6A4,negative,1997814,O=C(N[C@H]1CC[C@H](CCN2CCC(c3cccc4c3OCO4)CC2)CC1)c1ccnc2ccccc12,,0.1489361702127659,,6.477795600891113
SLC6A4,negative,1569002,CCCC(O)c1nc(N)c2nc(-n3nccn3)n(C)c2n1,,0.1111111111111111,,6.470073699951172
SLC6A4,negative,1997836,O=S(=O)(N[C@H]1CC[C@H](CCN2CCC(c3cccc4c3OCO4)CC2)CC1)N1CCOCC1,,0.1494252873563218,,6.524828910827637
SLC6A4,negative,469985,CSc1ccccc1N1CCN(CCCCCC(=O)NCc2ccc(OS(C)(=O)=O)cc2)CC1,,0.1756756756756756,,6.557615756988525
SLC6A4,negative,2511805,O=S(=O)(N[C@H]1CCN(CCCc2noc3ccccc23)C1)c1cc2ccccc2s1,,0.1555555555555555,,6.519016265869141
SLC6A4,negative,318722,CCOP(=O)(c1ccc(Oc2ccc(N)cc2)cc1)N1Cc2ccccc2C[C@@H]1C(=O)NO,,0.1690140845070422,,6.611424446105957
SLC6A4,negative,569594,CC1=CC2Cc3nc4cc(Cl)ccc4c(NCCN=[N+]=[N-])c3C(C1)C2,,0.1707317073170731,,6.5106306076049805
SLC6A4,negative,2028671,O=C(N[C@H]1CC[C@H](CCN2CCC(c3ccc(F)c4occc34)CC2)CC1)C1CCOCC1,,0.1529411764705882,,6.528111934661865
SLC6A4,negative,89971,COc1ccc2[nH]cc(CCNCCCCc3ccccc3)c2c1,,0.1940298507462686,,6.504759788513184
SLC6A4,negative,141466,CC(=O)NC(Cc1ccccc1)P(=O)(O)CC(CCCc1ccccc1)C(=O)NC(Cc1c[nH]c2ccccc12)C(N)=O,,0.1235955056179775,,6.574183464050293
SLC6A4,negative,1341965,O=C(Cc1ccccn1)Nc1ccc(CCN2CCN(c3ccccc3)CC2)cc1,,0.1375,,6.522759437561035
SLC6A4,negative,591723,Cc1csc(-c2cc(C(=O)NCc3ccccn3)nc(N)n2)n1,,0.1204819277108433,,6.512613296508789
SLC6A4,negative,475448,COCCOc1ccc(N2CCN(CCOc3cc4nc(-c5ccc(Cl)o5)nn4c(N)n3)CC2)cc1,,0.1263157894736842,,6.537007808685303
SLC6A4,negative,2260465,CC1CCCN(CCCCCCOc2ccc3ccccc3c2)C1,,0.1833333333333333,,6.5445027351379395
SLC6A4,negative,146366,C=C1c2ccccc2C=C(N2CCN(C)CC2)c2ccccc21,,0.22,,6.4493536949157715
SLC6A4,negative,1502425,COc1ccccc1N1CCN(CCCc2ccc3[nH]c(=S)[nH]c3c2)CC1,,0.2063492063492063,,6.506366729736328
