{
  "family": "GRIA",
  "targets": [
    "P42261",
    "P42262",
    "P48058"
  ],
  "n_per_target": {
    "P42261": 12,
    "P42262": 3,
    "P48058": 3
  },
  "single_target_rho": {
    "P42261": 0.12338961510819457,
    "P42262": 0.2510864942326038,
    "P48058": 0.6368811107825003
  },
  "pooled_rho": {
    "P42261": 0.16765443525445972,
    "P42262": 0.23888330330109664,
    "P48058": 0.3986846657665915
  },
  "pooled_ci_lower": {
    "P42261": -0.4531490729237905,
    "P42262": -1.0,
    "P48058": -1.0
  },
  "pooled_ci_upper": {
    "P42261": 0.6789484207050775,
    "P42262": 1.0,
    "P48058": 1.0
  },
  "family_mean_rho": 0.23025434424131375,
  "shrinkage_weight": 0.4714045207910316,
  "method": "empirical_bayes_shrinkage",
  "note": "PyMC not installed; using James-Stein shrinkage. Install pymc + numpyro for full NUTS posterior credible intervals."
}