{
  "4EY7_A_CAS_catalytic_anionic_site": [
    -7.684499967339876,
    -45.95033784814783,
    31.053256782325537
  ],
  "4EY7_A_PAS_peripheral_anionic_site": [
    -16.452144961426225,
    -41.00304335442142,
    27.77765227055204
  ]
}