{
  "7KOQ_A_ACh_ECD_interface": [
    115.21460408177869,
    132.06474172657934,
    94.04434467184133
  ],
  "7KOX_A_PAM_type_II_TMD_intersubunit": [
    135.3317140851702,
    151.95989281790597,
    153.46964263916016
  ],
  "7KOQ_A_PAM_type_I_ECD_beta_strand_10": [
    112.9310909618031,
    124.35804575139827,
    97.74472774158825
  ]
}