{
  "7LJC_R_aminergic_OBP_D103": [
    93.39838207469268,
    80.50114687751321,
    104.79270620907054
  ],
  "7LJC_R_PAM_ICL2_TM3_TM4": [
    80.0038668314616,
    101.68423385620117,
    95.7545997619629
  ]
}