{
  "4PE5_B_LBD_glutamate_cleft": [
    -30.127279968261718,
    -0.269560005068779,
    -44.51176010131836
  ],
  "3QEL_B_ATD_ifenprodil_heterodimer_interface": [
    77.75100026811872,
    2.275535685675485,
    -29.936035905565536
  ]
}