{
  "6NJJ_A_catalytic_cAMP_pocket": [
    22.186600112915038,
    -6.360400009155273,
    50.328800201416016
  ],
  "6NJJ_A_UCR2_closed_BPN14770": [
    3.9446071522044286,
    -13.565285648618426,
    49.684285572596956
  ]
}