lane,verdict,registry,identifier,url,title,intervention,population,n,primary_cognitive_outcome,status,expected_readout,quote,why_scoreable,verifier_reasoning,verifier_correction,verifier_corrected_date,post_sweep_correction
cholinergic,CONFIRMED,PROSPERO,CRD42024549774,https://www.crd.york.ac.uk/PROSPERO/view/CRD42024549774,Can nootropic supplementation improve cognitive function in healthy adults? A systematic review and meta-analysis,"Any natural nootropic intervention, including individual compounds and combined multiple-compound supplements. IMPORTANT EXCLUSION, verbatim from the record: supplements not commercially available to the public, and prescription-only compounds, with donepezil and galantamine named as exclusions by name. Cholinergic relevance is therefore indirect but real — over-the-counter cholinergics (citicoline, alpha-GPC, huperzine A) fall inside the inclusion criteria, and the registration names acetylcholine as a mechanism of interest, but no specific compound is named as included.",Cognitively and physiologically healthy adults aged 18 or over; excludes any reported physiological or cognitive disorder likely to influence cognitive test scores. My judgement: unambiguously restricted to healthy adults — one of only two registered reviews in this lane that is.,Not stated (systematic review and meta-analysis; no target number of included studies or pooled participants given),"Measures of working memory and cognitive abilities, assessed by a series of distinct cognitive tests, using means and standard deviations for accuracy and reaction time pre- versus post-intervention. Objective performance measures only; MeSH terms on the record include Cognition, Nootropic Agents and Reaction Time.","The review is currently planned or ongoing. Stage checkboxes show pilot work, formal searching and screening all started and completed; data extraction, risk-of-bias assessment and data synthesis not yet complete. Version 1.0 published 03 Jul 2024, PublicationStatus 'Registered'.","Review timeline states 'Start date: 03 February 2024. End date: 30 September 2025'. Registered 03 July 2024, first submitted 02 July 2024. The stated end date has already passed while the record still reads planned or ongoing, so the readout is overdue and undated rather than scheduled.","""Inclusion: Cognitively and physiologically healthy adults over the aged 18 or over."" / ""Outcomes will include measures of working memory and cognitive abilities."" (population wording reproduced verbatim, including its grammatical error)","A dated prediction would claim the pooled effect size and confidence interval this review reports for natural nootropic supplementation on objective cognition in healthy adults, and whether it clears zero. It is also the place to pre-register a prediction about the cholinergic subgroup specifically — whether citicoline and alpha-GPC separate from the rest of the natural-nootropic pool, or wash out into it.","I re-found the record myself rather than trusting the description. The public URL https://www.crd.york.ac.uk/PROSPERO/view/CRD42024549774 returns only a 1,350-byte React shell to any fetcher (WebFetch saw literally just ""PROSPERO""), and the legacy display_record.php?RecordID=549774 URL 302s to that same SPA — so a naive check here would have been inconclusive, not confirmatory. I reverse-engineered the site bundle (static/js/main.2ca48f84.js) to find the backend route fetch(base+""view/""+id+""/""+major+""/""+minor) and its auth header (""prospero-auth-token"": base64 of epoch-ms), then pulled the live record: GET https://www.crd.york.ac.uk/PROSPERO/api/view/549774/0/0 → HTTP 200, 16,752 bytes of real record JSON.

The record resolves and is the study described, not a different one. Title verbatim: ""Can nootropic supplementation improve cognitive function in healthy adults? A systematic review and meta-analysis"". Team: George Molloy, Melanie Burke, Jean-Francois Delvenne, Yasina Somani, University of Leeds; funder University of Leeds Doctoral College; England; template ""Systematic review of interventions"".

Every material detail in the claim checks out against the record:
- POPULATION: ""Inclusion: Cognitively and physiologically healthy adults over the aged 18 or over. Exclusion: Any reported physiological or cognitive disorder that is likely to influence scores on a cognitive test."" The claimed quote reproduces this verbatim, grammatical error (""over the aged 18 or over"") included. Healthy adults, unambiguously.
- INTERVENTION: ""Inclusion: Any natural nootropic intervention, including individual compounds and combined multiple compound supplements. Exclusion: Nootropic supplements not available for sale to the public commercially, prescription only compounds and supplements (such as ADHD or Alzhiemer's medication e.g donepezil, galantamine, examfetamin etc.)"" — donepezil and galantamine are indeed named exclusions, and no specific compound is named as included. Acetylcholine is named as a mechanism of interest in the Condition/domain field (""neurochemical sites of action in the brain, such as acetylcholine and monoamine oxidases""). The claim's gloss that OTC cholinergics fall inside inclusion is flagged as inference in the claim itself, and is consistent with the criteria.
- OUTCOME: ""Outcomes will include measures of working memory and cognitive abilities. The outcomes will be measured using a series of distinct cognitive tests, using mean and standards deviations for accuracy and reaction time pre vs. post intervention as the measurement criteria."" Objective performance outcome present. MeSH on the record: Adult; Cognition; Dietary Supplements; Humans; Nootropic Agents; Reaction Time — includes the three cited.
- STATUS: ""Review status: The review is currently planned or ongoing."" Stage table shows Pilot work, Formal searching/study identification and Screening all ticked Started AND Completed; Data extraction, Risk of bias and Data synthesis blank in both columns — exactly as described. API metadata: PublicationStatus ""Registered"", EditingStatus ""Stable"", Latest, previousversions 0, IsLiving 0. Version history: ""Version 1.0 published on 03 Jul 2024"" — single version, no amendment, no results posted.
- TIMELINE: ""Start date: 03 February 2024. End date: 30 September 2025""; Date of first submission 02 July 2024; Date of registration 03 July 2024. All three match. Today is 2026-09-20, so the stated end date passed ~12 months ago while the record still reads planned or ongoing — the claim's characterisation of the readout as overdue and undated rather than scheduled is accurate, not a misdescription.

Pending-ness cross-checked independently: Europe PMC returned 0 hits for ""CRD42024549774"", 0 for AUTH:""Molloy G"" AND nootropic, and 0 for nootropic AND ""healthy adults"" AND AUTH:""Delvenne""; a web search surfaced no published version by this author team. So no grounds for REJECT_ALREADY_PUBLISHED. Nothing on the record indicates withdrawal or abandonment, so no grounds for REJECT_NO_PENDING_READOUT — it is stalled past its own end date, but PROSPERO records are author-maintained and staleness of the stage field is not evidence of termination.

Residual uncertainty (why 0.93, not higher): the record has not been touched since July 2024 and is a year past its stated end date, so ""pending"" rests on the registry's own unrefreshed status field; and the work is a doctoral project, so an unindexed thesis chapter could exist that my searches would not surface. The one non-record assertion in the claim — ""one of only two registered reviews in this lane"" — is the researcher's own judgement, unverifiable from this record, and I did not attempt to adjudicate it; it is not material to the verdict.",,,
cholinergic,CONFIRMED,ISRCTN,ISRCTN85608856,https://www.isrctn.com/ISRCTN85608856,"Effects of six weeks of omega 3-fatty acids, curcumin, and citicoline supplementation on cognitive function (public title: Six weeks of omega 3-fatty acids, curcumin, and citicoline supplementation on cognitive function; acronym WoodNext Study #4)","Six weeks of omega-3 fatty acids plus curcumin plus citicoline, with and without creatine monohydrate and guanidinoacetic acid, versus maltodextrin placebo. Individual ingredient doses are not stated in the registry fields I retrieved, so no dose should be assumed. CAVEAT: citicoline is one of three or five co-administered compounds and its contribution cannot be isolated.","Healthy volunteer adults aged 18 to 65 years (healthyVolunteersAllowed = true, age range 18-65, all genders). Exclusions include diagnosed cognitive impairment or neurological disease, uncontrolled cardiometabolic disease, medically treated major psychological or depressive disorder, B12/B6/folate deficiency and homocysteine above 50 μmol/L. My judgement: healthy adults, with an unusually thorough screen that removes the subclinical-deficiency cases where choline precursors most plausibly help — which arguably biases the trial toward a null.",150 (target enrolment); totalFinalEnrolment currently 0,"Cognitive Function measured with the COMPASS cognitive function test battery at 0 weeks (baseline) and 6 weeks (follow-up). The battery comprises immediate and delayed word recall, delayed word recognition, delayed picture recognition, the Corsi blocks task and digit span. Note that body weight, waist-to-hip circumference and DXA body composition are listed as co-primary outcomes alongside cognition.","The ISRCTN record returned by the registry's default API format carries no recruitment-status string, and the alternate API formats returned HTTP 400, so I am reporting dates rather than a status word. The record states recruitment start 2026-06-01 and recruitment end 2027-06-01, and was last updated 2026-06-04 (version 10, isPublished true).",Overall end date 2027-08-31; recruitment ends 2027-06-01; record last updated 2026-06-04. This is the longest-dated readout in the lane.,"""Who can participate? Healthy volunteer adults aged 18 to 65 years."" / ""Cognitive Function the COMPASS cognitive function test battery 0 weeks (baseline) and 6 weeks (follow-up)""","A dated prediction would claim the sign and size of the COMPASS change from baseline to 6 weeks for the citicoline-containing arm versus placebo, and separately whether adding creatine and guanidinoacetic acid produces the additive or synergistic benefit the study hypothesis explicitly predicts. The two-arm-versus-placebo structure means an additivity prediction is falsifiable independently of the main effect.","Re-found independently. The public HTML page returned no usable content via fetch (JS-rendered) and the who-xml API format returned HTTP 400, so I pulled the registry's own PDF export at https://www.isrctn.com/pdf/ISRCTN85608856 and read it page by page. Every load-bearing element checks out.

ID RESOLVES, SAME STUDY: ISRCTN85608856, DOI 10.1186/ISRCTN85608856. Scientific title ""Effects of six weeks of omega 3-fatty acids, curcumin, and citicoline supplementation on cognitive function""; public title without the ""Effects of"" prefix; acronym ""WoodNext Study #4"". PI Dr Richard Kreider, Texas A&M (Exercise & Sport Nutrition Lab), IRB STUDY2025-1226; sponsor and funder WoodNext Foundation. All exactly as claimed.

POPULATION IS HEALTHY ADULTS: ""Healthy volunteers allowed: Yes"", lower age limit 18 Years, upper 65 Years, Sex: All. Plain-English section reads verbatim ""Who can participate? Healthy volunteer adults aged 18 to 65 years."" Exclusions confirmed as described: known B12/B6 or folate deficiency, homocystinuria, homocysteine >50 umol/L, dialysis-requiring kidney disease, diagnosed cognitive impairment or neurological disease, pregnancy, uncontrolled heart disease/hypertension/diabetes/thyroid/cancer/neurological disease or medically treated major psychological or depressive disorder. The researcher's read that this screen removes the subclinical-deficiency cases is fair; note also the MMSE >=23 and MAC-Q >=25 continuation thresholds, which tighten it further.

OBJECTIVE COGNITIVE OUTCOME PRESENT: Primary outcome 3 reads ""Cognitive Function measured using the COMPASS cognitive function test battery at 0 weeks (baseline) and 6 weeks (follow-up)"" - the claimed quote is accurate. Co-primaries 1, 2 and 4 are body weight, waist-to-hip circumference and DXA body composition, exactly as flagged.

READOUT GENUINELY PENDING: Recruitment status ""Recruiting""; Overall study status ""Ongoing""; date of first enrolment 01/06/2026; date of final enrolment 01/06/2027; Completion date 31/08/2027; submitted 02/06/2026, registered and last edited 04/06/2026. The Results and Statistical-analysis-plan checkboxes are unticked and the Results and Publications section contains only ""IPD sharing plan summary: Not expected to be made available"". Nothing is published; today is 2026-09-20 and the trial is mid-recruitment.

Three inaccuracies in the researcher's write-up, none of which change the verdict, so I am confirming rather than rejecting as misdescribed - each was hedged as a retrieval limitation rather than asserted as fact, except the digit-span item.","Three corrections, all non-material to the verdict:

(1) COMPASS battery composition is wrong. The researcher lists five/six components ending in ""digit span"". The record states seven: 1. immediate and delayed word recall, 2. delayed word recognition, 3. delayed picture recognition, 4. Corsi blocks task, 5. DIGIT VIGILANCE (not digit span), 6. Stroop test, 7. choice reaction time. Stroop and choice reaction time were omitted entirely - relevant because they are the executive-function/processing-speed endpoints most likely to move.

(2) Doses ARE stated in the registry, contrary to ""no dose should be assumed"". Three parallel arms: T1 placebo maltodextrin 2 x 6 g/day; T2 omega-3 fatty acids 2 x 1 g/day (3:1 DHA:EPA) + curcumin 2 x 500 mg/day + citicoline 2 x 500 mg/day + maltodextrin 2 x 6 g/day; T3 the same three plus creatine monohydrate 2 x 5 g/day + guanidinoacetic acid 2 x 1 g/day. So citicoline is 1000 mg/day total, split with breakfast and dinner. Double-blind, randomized, parallel, placebo-controlled.

(3) A recruitment status string does exist. The record carries ""Recruitment status: Recruiting"" and ""Overall study status: Ongoing"" - the default API format the researcher used simply did not surface them. Reporting dates instead was a safe fallback, but the status is in the registry.

Unverified: the ""version 10"" claim is not visible in the PDF export and I could not confirm it; the record shows submission 02/06/2026 and last edit 04/06/2026, so a version-10 history within two days is possible via editorial workflow but unchecked. Immaterial.",,
cholinergic,CONFIRMED,ClinicalTrials.gov,NCT06906848,https://clinicaltrials.gov/study/NCT06906848,"A Randomized, Double-blind, Placebo-Controlled Study to Evaluate the Effects of Cognizin ® Citicoline on Cognitive Performance in Generally Healthy Adults","Cognizin® citicoline, oral, versus oral placebo, over 12 weeks. Dose is not stated in the registry record — the intervention description gives only the route ('Oral'), so any prediction must not assume a specific milligram amount.","Healthy adult males and females 18-35 at screening, BMI 18.0-34.9, in good general health, MMSE score above 24 at screening, naive to or only light users of oral cannabis/hemp. Healthy-volunteers flag true; conditions listed as 'Healthy' and 'Cognitive Performance'. My judgement: unambiguously healthy young adults.",90 (actual),"Effect of the test product on cognitive performance versus placebo after 12 weeks using the Psychomotor Vigilance Test (PVT). Secondary objective measures are attention control via Stroop squared, Flanker squared and Simon squared tasks, and motor speed via the Finger-Tapping test.",Completed,"Primary completion 2025-05-31, study completion 2025-06-20, last update posted 2025-07-09. No results posted to the registry, and a targeted web search for published results returned none — only the registry entry and unrelated earlier Cognizin studies. Readout is pending roughly 15 months after completion.","""Healthy adult males and females who are 18-35 years of age (inclusive) at screening."" / ""To evaluate the effect of the Test Product (TP) on cognitive performance compared to a placebo after 12 weeks using the Psychomotor Vigilance Test (PVT)""","A dated prediction would claim the sign and magnitude of the citicoline-minus-placebo difference in PVT performance at 12 weeks in healthy 18-35 year olds. Because this trial is finished but unreported, the prediction is genuinely blind to the result while still being resolvable — and the industry-sponsored, sole-primary-endpoint design makes a null especially diagnostic.","Re-found independently via the ClinicalTrials.gov API v2 raw JSON (versionHolder 2026-09-18), not just the rendered page. NCT06906848 resolves to exactly the described study: official title matches verbatim (""A Randomized, Double-blind, Placebo-Controlled Study to Evaluate the Effects of Cognizin ® Citicoline on Cognitive Performance in Generally Healthy Adults""), sponsor Kirin Holdings Company Limited, INTERVENTIONAL, randomized parallel, triple-masked, enrollment 90 ACTUAL.

POPULATION healthy: eligibilityModule has healthyVolunteers=true, minimumAge 18 Years, maximumAge 35 Years, sex ALL; conditionsModule lists exactly [""Healthy"", ""Cognitive Performance""]. Inclusion criteria confirm BMI 18.0-34.9, good general health, MMSE >24 at screening, naive-or-light oral cannabis/hemp users. Exclusions remove psychiatric/neurological treatment, neuromuscular disorder, uncontrolled metabolic/cardiovascular disease. Unambiguously healthy young adults, not patients.

COGNITIVE OUTCOME present and objective: primary outcome measure is verbatim ""To evaluate the effect of the Test Product (TP) on cognitive performance compared to a placebo after 12 weeks using the Psychomotor Vigilance Test (PVT)"", timeFrame 12 weeks. Secondaries are Stroop squared / Flanker squared / Simon squared (attention control) and Finger-Tapping (motor speed), both at 12 weeks. Other outcome is AE safety 0-12 weeks.

BOTH CLAIMED QUOTES VERIFIED CHARACTER-FOR-CHARACTER against the record (inclusion criterion 1 and the primary outcome measure string).

DOSE CAVEAT VERIFIED AND CORRECT: armsInterventionsModule gives intervention descriptions of literally ""Oral"" for both the Cognizin® and Placebo dietary-supplement arms. No milligram amount appears anywhere in the record, so the researcher's warning not to assume a dose is accurate and well-flagged.

DATES ALL CORRECT: primaryCompletionDateStruct 2025-05-31 ACTUAL, completionDateStruct 2025-06-20 ACTUAL, lastUpdatePostDateStruct 2025-07-09 ACTUAL (start 2024-11-20 ACTUAL). Status COMPLETED.

READOUT GENUINELY PENDING: top-level hasResults=false and there is no resultsFirstPostDateStruct. Completion June 2025 vs today 2026-09-20 is ~15 months, matching the claim.

RULED OUT REJECT_ALREADY_PUBLISHED (the one serious confounder): web search surfaced a Kirin/Biofortis Cognizin 12-week trial presented at the 5th Symposium on Nutrition for the Ageing Brain (June 2025) reporting significant sustained-attention and processing-speed gains, which superficially looks like this readout. It is a DIFFERENT study: NCT04967157, org study ID BIO-2104, ages 35-75, n=148, 500 mg/day, COMPASS battery, completed 2022-08-31. Decisively, NCT06906848's own detailedDescription states that its Unique Protocol ID K05-24-01-T0060 ""was unintentionally combined with another Unique Protocol ID, Bio-2104"" — i.e. the registry itself documents the ID mixup with NCT04967157, which explains the apparent overlap and confirms the published/presented result belongs to the older, different trial. I also enumerated all 8 Cognizin/citicoline registrations via the API: every one has hasResults=false, and none is a duplicate registration of the 18-35 PVT study. No publication of the 18-35 PVT study was found.

Confidence held just below 1.0 only because absence of a publication is an evidentiary negative (a journal article could exist behind a paywall or in a non-indexed venue), not because any registry detail is in doubt.",,,
cholinergic,CONFIRMED,ClinicalTrials.gov,NCT07267845,https://clinicaltrials.gov/study/NCT07267845,"A Randomised, Double-Blind, Placebo-Controlled Study on the Effects of Alpha-Glycerophosphocholine (α-GPC) on Cognitive Function and Sports Performance in Adults",Alpha-Glycerophosphocholine (α-GPC): one capsule containing 350 mg of GeniusPure® (containing 315 mg of pure α-GPC) daily before breakfast for 6 weeks. Comparator is one capsule of 350 mg microcrystalline cellulose daily for 6 weeks. This is the cleanest single-compound cholinergic test in the lane — no other active ingredient.,"Registry condition is 'Healthy Participants', ages 25-55, healthy-volunteers flag true. Inclusion requires good health as judged by the investigator, BMI 18.5-32.0, normotensive, and at least 2 years of muscle-strengthening or recreational moderate-intensity activity; highly trained or competitive athletes are excluded. My judgement: unambiguously healthy adults, with a mild fitness-selection skew toward recreationally active people.",80 (estimated enrolment),"Cognitive Performance - Stroop Test - Stroop total score: change (Δ) from Day 1 to Day 42 in the α-GPC group compared to placebo. Assessed 60 minutes after ingestion at baseline (visit 2, week 1, day 1) and end of study (visit 3, week 6, day 42). Secondary objective cognitive measures include Digit-Symbol Substitution Test, Go/No-go, and Sustained Attention to Response Task.",Recruiting,"Registry gives estimated primary completion 2026-05-15 and estimated study completion 2026-07-05, with last update posted 2026-12-09 [actual]. Note both stated completion dates have already passed as of today with the record still reading Recruiting and no results posted, so the true readout date is uncertain and may be imminent.","""Be in good health as determined by the investigator."" / ""Test the stroop total score change (Δ) of from Day 1 to Day 42 in the α-GPC group compared to placebo on Stroop Test.""","A dated prediction would claim a specific sign and effect size for the α-GPC-minus-placebo difference in Stroop total score change over 6 weeks in healthy adults — the single most directly falsifiable cholinergic-precursor claim available, because no other active compound is present to confound attribution.","Independently re-found via the ClinicalTrials.gov API (live fetch of /api/v2/studies/NCT07267845, plus a targeted raw-field fetch) rather than relying on the claim. The ID resolves to exactly the described registration, not a different one.

Verified against the live record:
- Official title matches verbatim: ""A Randomised, Double-Blind, Placebo-Controlled Study on the Effects of Alpha-Glycerophosphocholine (α-GPC) on Cognitive Function and Sports Performance in Adults"" (brief title ""The Effect of α-GPC on Cognitive Function and Sports Performance"").
- Population: condition ""Healthy Participants"", healthyVolunteers = Yes, ages 25-55, BMI 18.5-32.0, normotensive (SBP <140 / DBP <90), ≥2 yrs regular strength/recreational activity, competitive athletes excluded. Unambiguously healthy adults with a recreational-fitness skew, as claimed. NOT a patient population.
- Objective cognitive outcome present: primary outcome text matches the claimed quote verbatim — ""Test the stroop total score change (Δ) of from Day 1 to Day 42 in the α-GPC group compared to placebo on Stroop Test,"" assessed at baseline and week 6. Secondary cognitive measures include DSST, Go/No-go, and SART. These are performance tests, not self-report.
- Intervention: 315 mg α-GPC (GeniusPure) vs microcrystalline cellulose placebo, 6 weeks. Single-compound cholinergic, no other active ingredient.
- Readout genuinely pending: overallStatus = RECRUITING, hasResults = false, no results-first-posted date. Nothing published to predict against.
- Design: n=80 estimated, sponsor Nanjing Nutrabuilding Bio-tech Co., Ltd. (NNB Nutrition), single site Atlantia Clinical Trials, Ireland. Start date 2025-10-21, study first posted 2025-12-05.

ONE DATE ERROR in the submitted description, corrected below but not disqualifying: the claim states ""last update posted 2026-12-09 [actual]"". The registry actually shows lastUpdatePostDate 2025-12-09 (lastUpdateSubmitDate 2025-12-07) — one year earlier, and the claimed date is in the future relative to today (2026-09-20), so it could not be actual. The two dates that define the expected readout ARE correct as stated: estimated primary completion 2026-05-15, estimated study completion 2026-07-05, both ESTIMATED type. I did not downgrade to REJECT_MISDESCRIBED because all four CONFIRMED criteria (resolves to this study, healthy adults, objective cognitive outcome, readout pending) hold cleanly and the erroneous field is auxiliary metadata, not the readout date itself.

Materiality of that error for forecasting: it makes the record MORE stale than claimed, not less. The sponsor has not touched the record since 2025-12-09, i.e. ~9 months ago and ~5 months before its own stated primary completion date. Both completion estimates have now lapsed while the record still reads Recruiting with no results. So the registry's stated dates are lapsed estimates on an unmaintained record, and the true readout date is unknown — treat ""may be imminent"" with caution; an industry-sponsored single-site nutraceutical trial may also read out via journal publication (this sponsor's prior GeniusPure acute study appeared in Nutrients) before the registry is ever updated.","Last update posted is 2025-12-09 (submitted 2025-12-07), NOT 2026-12-09; the claimed date is one year off and falls in the future relative to today. Everything else in the description checks out. Additional verified detail not in the claim: study first posted 2025-12-05, start date 2025-10-21, estimated enrollment 80, sponsor Nanjing Nutrabuilding Bio-tech Co., Ltd. (NNB Nutrition), single site Atlantia Clinical Trials, Ireland. Both completion dates are ESTIMATED type and are now lapsed on a record last updated ~9 months ago.",,"DATE CORRECTED 2026-09-20: this lane reported lastUpdatePostDate 2026-12-09, three months in the future and structurally impossible. The live record says 2025-12-09 (ACTUAL), which is what the other lane that found this same registration reported. Prediction unaffected: alpha-GPC has no ledger row and abstains either way."
cholinergic,CONFIRMED,ClinicalTrials.gov,NCT07319117,https://clinicaltrials.gov/study/NCT07319117,"A Double-blind, Placebo-controlled, Randomised, Acute, Repeated Measures Cross-over Study to Evaluate the Impact of Skoshify 'Think Tank' Nutritional Formulation on Cognitive Performance Following Stress Exposure.","Skoshify 'Think Tank' formulation, acute dose, each containing Magnesium 105 mg, Sodium 5 mg, Creatine Monohydrate 2.5 g, Magnesium Gluconate 2 g, L-Tyrosine 500 mg, Phosphatidylserine 20% powder 200 mg, L-Theanine 200 mg, Citicoline Sodium 125 mg, Rhodiola Rosea Root Extract 100 mg. Placebo is maltodextrin plus acacia gum. CAVEAT: citicoline is one of nine ingredients at a low 125 mg dose, so this cannot attribute any effect to the cholinergic component.","Females aged 40-60, daily caffeine drinkers, healthy and free from significant physical and psychiatric disorders; current smokers/vapers, diagnosed psychiatric conditions, recreational drug users, diagnosed cardiovascular conditions and those on prescribed medication (other than contraceptives/HRT) are excluded. Healthy-volunteers flag true. My judgement: healthy middle-aged adults, but female-only and caffeine-habituated, so results do not generalise to men or to caffeine-naive people.",40 (estimated),"Four objective CANTAB primaries, all measured immediately post stress exposure: Working Memory Performance via CANTAB Digit Span (forwards and backwards); cognitive flexibility via the Intra-Extra Dimensional Set-Shift task; sustained attention via Rapid Visual Information Processing; and inhibitory control via the Stop-Signal Task (Stop Signal Reaction Time). Self-report scales and salivary cortisol are secondary only.",Recruiting,"Start date 2025-12-15, estimated primary completion 2026-08-01, estimated study completion 2026-08-31, last update posted 2026-01-06 [actual]. The stated primary completion date has just passed with no registry update.","""Healthy and free from significant physical and psychiatric disorders"" / ""Assessed using the Cambridge Neuropsychological Test Automated Battery (CANTAB) Digit Span Task (Forwards and Backwards).""","A dated prediction would claim whether an acute multi-ingredient stack containing citicoline protects CANTAB performance against an acute stressor, and on which of the four pre-specified domains. The four-primary design also makes it scoreable on multiplicity: one can predict in advance how many of the four survive correction, which is a sharper test than predicting any single domain.","I re-found the record myself via two independent ClinicalTrials.gov API v2 routes: (a) a term search for ""Skoshify"", which returned exactly one study, NCT07319117, and (b) a direct record fetch of NCT07319117 with verbatim field extraction. Both agree, so this is not a plausible-looking but dead ID.

Verified against the claim:
- ID/title: nctId ""NCT07319117""; officialTitle matches the claimed title word-for-word (""A Double-blind, Placebo-controlled, Randomised, Acute, Repeated Measures Cross-over Study to Evaluate the Impact of Skoshify 'Think Tank' Nutritional Formulation on Cognitive Performance Following Stress Exposure.""). Sponsor: Leeds Beckett University.
- Intervention: description reads ""Each acute dose contains, Magnesium 105mg, Sodium 5mg, Creatine Monohydrate 2.5g, Magnesium Gluconate 2g, L-Tyrosine 500mg, Phosphatidylserine 20% powder 200mg, L-Theanine 200mg, Citicoline Sodium 125mg, Rhodiola Rosea Root Extract 100mg."" — identical to the claim, including the nine-ingredient stack and the 125 mg citicoline. Placebo is maltodextrin plus organic acacia gum. The caveat that no effect can be attributed to the cholinergic component is sound.
- Population: healthyVolunteers = true, sex FEMALE, 40-60 Years, inclusion criterion 5 is verbatim ""Healthy and free from significant physical and psychiatric disorders"", inclusion 4 ""Daily caffeine drinkers""; exclusions include smokers/vapers, diagnosed psychiatric conditions, recreational drug use, diagnosed cardiovascular conditions, and prescribed medication other than contraceptives/HRT. Healthy adults, not patients. The stated generalisability limit (female-only, caffeine-habituated) is accurate.
- Cognitive outcome: all four primaries are objective CANTAB tasks. Description 1 is verbatim ""Assessed using the Cambridge Neuropsychological Test Automated Battery (CANTAB) Digit Span Task (Forwards and Backwards).""; the other three are CANTAB IED, RVIP and Stop-Signal Task. Cortisol, BP/HR and self-report scales are secondary. Both claimed quotes check out verbatim.
- Pending readout: overallStatus RECRUITING, hasResults false, start 2025-12-15 (estimated), primary completion 2026-08-01 (estimated), completion 2026-08-31 (estimated), lastUpdatePostDate 2026-01-06 type ACTUAL. All dates as claimed, including the ""actual"" flag on the last update. As of today (2026-09-20) the estimated primary completion has indeed just passed with no registry update since January, so nothing is published and the readout is genuinely still ahead.

Two immaterial nuances, not enough to downgrade to misdescribed: (1) the primaries' timeFrame is ""at baseline (Visit one - Screening) and immediately post stress exposure"" at each of the two test sessions, so the claim's ""all measured immediately post stress exposure"" omits the screening baseline while correctly describing the active-vs-placebo comparison timepoint; (2) statusVerifiedDate is only 2025-12 and lastUpdateSubmitDate 2025-12-19, so the registry entry is roughly nine months stale — still ""Recruiting"" on paper, but not independently re-verified since then. Nothing indicates termination or withdrawal. Confidence is 0.95 rather than higher only because of that staleness and because I read the API through a fetch-and-summarise layer rather than the rendered study page (the HTML page returned only the SPA shell).",,,
cholinergic,CONFIRMED,ClinicalTrials.gov,NCT07408180,https://clinicaltrials.gov/study/NCT07408180,"Impact of Nicotine From Five Variants of a Nicotine Tablet on Attention in Adult Users of Nicotine Pouches: An Exploratory, Randomized, Controlled, Double-blind, Crossover Study","Dissolvable oral nicotine tablet (mint flavour) at five nicotine contents — 0 mg, 0.5 mg, 1.0 mg, 1.5 mg, 2.0 mg — used for approximately 10 minutes, double-blind crossover. This is a true dose-response design, which is unusual and makes it more informative than a single-dose comparison.","Adults 19-60, healthy-volunteers flag true, condition listed as 'Attention'. Participants are current non-daily users of nicotine pouches (past 30-day use) who express no desire to quit; excluded if using NRT or cessation medication, if urine cotinine exceeds 500 ng/mL, or if exhaled CO is at least 10 ppm. My judgement: healthy adults, NOT a patient group — but explicitly nicotine-experienced rather than nicotine-naive, which matters because acute nicotine effects in users can partly reflect relief of mild abstinence rather than net enhancement.",40 (actual),"Change in attentional performance 15 minutes after the start of product use, assessed with the Conners Continuous Performance Test (CPT). Secondary outcome repeats the CPT at 2 hours to probe sustained effects.",Completed,"Primary completion 2026-03-16, study completion 2026-04-23, last update posted 2026-05-05. No results have been posted to the registry (resultsFirstPostDate is absent). Readout is therefore pending and overdue rather than scheduled.","""Subject is a current non-daily user of nicotine pouches (past 30-day use)"" / ""The main objective of this exploratory study is to characterize the effect of nicotine on attentional performance, using metrics derived from Continuous Performance Test (CPT).""","A dated prediction would claim whether the nicotine-dose-to-CPT-attention relationship is monotonic, flat, or inverted-U across 0 to 2.0 mg, and at which dose any benefit peaks — scoreable the moment results post, and the dose-response shape is a much sharper target than a simple yes/no effect.","Re-found the record myself via the ClinicalTrials.gov v2 API (record endpoint returned HTTP 200 with full JSON; independently cross-checked with the search endpoint query.id=NCT07408180, which returned the same nctId, title, status and hasResults:false). The human-readable /study/ page returned only the SPA shell to a text fetcher, which is normal and not evidence of non-resolution.

Field-by-field match against the claim:
- IDENTIFIER: nctId ""NCT07408180"" resolves. orgStudyIdInfo ""NS-CAP-01"", sponsor Philip Morris Products S.A. (INDUSTRY), site CTC Clinical Trial Consultants AB, Uppsala, Sweden.
- TITLE: officialTitle is verbatim identical to the claimed title.
- INTERVENTION: five OTHER interventions ""NICOTINE TABLET-0mg / -0.5mg / -1.0mg / -1.5mg / -2.0mg"", each described ""(nicotine content Xmg; Mint flavor)"", 5 randomized product sequences, CROSSOVER, masking QUADRUPLE (participant, care provider, investigator, outcomes assessor). True five-level dose-response as described; the claim's ""double-blind"" wording is the registry's own title wording, so not a discrepancy.
- POPULATION: healthyVolunteers true, minimumAge 19 Years, maximumAge 60 Years, conditions [""Attention""], enrollment 40 ACTUAL. Eligibility confirms current non-daily nicotine-pouch users (past 30-day use), no desire to quit within 3 months, and exclusions for NRT/cessation medication, urine cotinine >500 ng/mL, and exhaled CO >=10 ppm. Healthy adults, not a patient group; the researcher's own caveat that they are nicotine-experienced rather than naive is accurate and supported by the record.
- OUTCOME: primary ""Change in attentional performance after 15 minutes"", timeFrame ""15 minutes after the start of product use"", assessed with the Conners Continuous Performance Test. Secondary ""Change in attentional performance after 2 hours"" with CPT. Objective cognitive performance outcome present.
- STATUS/DATES: overallStatus COMPLETED; primaryCompletionDate 2026-03-16 (ACTUAL); completionDate 2026-04-23 (ACTUAL); lastUpdatePostDate 2026-05-05 (ACTUAL). All three claimed dates are exact.
- PENDING READOUT: hasResults false and no resultsFirstPostDate field present in either endpoint's response. A targeted web search surfaced no publication, preprint or posted results for NS-CAP-01/NCT07408180. Study completed 2026-04-23, today is 2026-09-20, so a readout is genuinely still outstanding.
- CLAIMED QUOTE: both fragments are verbatim. Eligibility contains ""Subject is a current non-daily user of nicotine pouches (past 30-day use)"" (registry continues ""based on self-reported tobacco/nicotine-containing product use history""), and briefSummary contains ""The main objective of this exploratory study is to characterize the effect of nicotine on attentional performance, using metrics derived from Continuous Performance Test (CPT)."" exactly.

Two immaterial notes, neither rising to REJECT_MISDESCRIBED: (1) the claim omits a third outcome, a secondary 100 mm craving VAS at 10 minutes; (2) ""overdue"" is an interpretation rather than a registry fact - isFdaRegulatedDrug and isFdaRegulatedDevice are both false, and even under a 12-month FDAAA-style clock from primary completion nothing would be due until 2027-03-16, so the readout is better characterized as outstanding/unscheduled than statutorily overdue. Everything material in the claim is accurate.

Incidental: the scratchpad file I saved the JSON to was overwritten mid-task by another process with an unrelated record (NCT06906848, Kirin citicoline). My verification does not rest on that file - the decisive evidence is the WebFetch of the record endpoint and the direct-to-stdout search-endpoint cross-check, which agreed.",,,
frontier,CONFIRMED,ClinicalTrials.gov,NCT05483465,https://clinicaltrials.gov/study/NCT05483465,Effects of NAD Restoration on Neurovascular Coupling in Community Dwelling Older Adults (brief title: The Effect of NAD Supplementation on Brain Vascular Health in Aging),"Nicotinamide riboside, registered as ""Oral NR, 1g/day per os for 8 weeks"", against a visually identical placebo. Sponsor: University of Oklahoma.","Community-dwelling adults aged 60-85 with Mini-Mental State Exam >=24, competent to consent; active CNS disease, recent stroke, major uncontrolled psychiatric illness, and abnormal kidney/liver function all excluded. Registry healthy-volunteers flag = Yes. My judgement: HEALTHY OLDER ADULTS. The MMSE >=24 floor screens out dementia; there is no cognitive-complaint entry requirement, so this is not a subjective-cognitive-decline cohort.",214 (ESTIMATED enrolment target),"Objective cognition sits in the secondary outcomes as a full NIH Toolbox panel: Attention (Flanker Inhibitory Control), Episodic Memory (Picture Sequence Memory Test), Working Memory (List Sorting), Processing Speed (Pattern Comparison), Executive Function and Language. The four primary outcomes are neurovascular coupling measured by fNIRS, transcranial Doppler, dynamic retinal vessel analysis and EEG — the fNIRS and Doppler measures are acquired while participants perform the cognitive n-back task, so a behavioural n-back readout exists but is not separately registered as a scored outcome.",Recruiting,Primary completion 2027-06 (estimated); overall completion 2027-12 (estimated). Last update posted 2026-04-01.,"Eligibility: ""Age >=60 and <=85 years of age ... Mini-Mental State Exam score >=24"". Outcome: ""Change in Episodic Memory ... will be measured using the 'Picture Sequence Memory Test'"".","A dated prediction would claim, before mid-2027, whether 8 weeks of 1 g/day NR moves NIH Toolbox performance in 214 healthy 60-85 year olds — and because the trial's own primaries are vascular, a prediction can be scored separately on the vascular mechanism succeeding while the cognitive endpoint fails, which is the most likely and most diagnostic outcome pattern for NAD+ precursors.","Re-found independently via the ClinicalTrials.gov API v2 record for NCT05483465 (the rendered HTML page returned only a nav shell, so the API record is the basis). The ID resolves to exactly the described study, not a different one.

IDENTITY: Official title ""Effects of NAD Restoration on Neurovascular Coupling in Community Dwelling Older Adults""; brief title ""The Effect of NAD Supplementation on Brain Vascular Health in Aging"". Lead sponsor University of Oklahoma. Intervention verbatim ""Treatment with oral NR (1g/day per os for 8 weeks)"" against ""Visually identical placebo (daily, per os, for 8 weeks)"". Randomized, double-blind, parallel, n=214 est. All match.

POPULATION = healthy older adults. Eligibility quotes verbatim: ""Age >=60 and <=85 years of age"" and ""Mini-Mental State Exam score >=24"". Registry healthyVolunteers flag = true. Condition listed is ""Aging"". Exclusions include active CNS disease, recent stroke (except TIA), uncontrolled psychiatric disease, abnormal kidney/liver function, prior NAD enhancer use within 4 weeks. Confirmed there is no cognitive-complaint or subjective-cognitive-decline entry requirement, so the researcher's judgement is correct: this is not an SCD/MCI cohort. Not REJECT_WRONG_POPULATION.

OBJECTIVE COGNITION PRESENT. Secondary outcomes carry the full NIH Toolbox panel across all six claimed domains, verified verbatim: Change in Attention (""Flanker Inhibitory Control and Attention Test""), Change in Episodic Memory (""Picture Sequence Memory Test""), Change in Working Memory (""List Sorting Working Memory Test""), Change in Processing Speed (""Pattern Comparison Processing Speed Test""), Change in Executive Function (""Dimensional Change Card Sort Test""), Change in Language (""Picture Vocabulary Test""). These are objective performance tasks, not self-report. Not REJECT_NOT_COGNITIVE.

PRIMARIES match the four described: fNIRS, transcranial Doppler, dynamic retinal vessel analysis, EEG spectral. I specifically checked the researcher's hedged n-back claim, which a surface pass would miss: primary outcome 1 states fNIRS ""will be performed during the cognitive n-back task"" and outcome 2 measures ""blood flow velocities during the cognitive n-back task"", while outcomes 3 (flicker-induced retinal dilation) and 4 (EEG spectral) carry no task component. The characterisation that a behavioural n-back readout exists but is not separately registered as a scored outcome is accurate.

PENDING. Overall status RECRUITING. Primary completion 2027-06 (estimated), overall completion 2027-12 (estimated), last update posted 2026-04-01 — all three match exactly. No results posted. Readout is genuinely future relative to today (2026-09-20). Not REJECT_ALREADY_PUBLISHED, not REJECT_NO_PENDING_READOUT.

DISAMBIGUATION I performed rather than assumed: a search surfaced a published NR paper from the same Oklahoma lab (Yabluchanskiy, OU Health Sciences Center), ""Effects of NAD+ supplementation with oral nicotinamide riboside on vascular health and cognitive function in older adults with peripheral artery disease"". That is a DIFFERENT study — a 4-week open-label pilot in PAD patients — not a readout of this 8-week blinded placebo-controlled trial in community-dwelling older adults. It does not trigger already-published, but it is a live conflation risk for any later auditor.

NOT A MISDESCRIPTION, BUT WORTH DISCLOSING: collaborators on the record include Elysium Health, a commercial NR manufacturer, alongside University of Pennsylvania and Oklahoma Medical Research Foundation. The researcher's ""Sponsor: University of Oklahoma"" is correct for the lead sponsor, so no correction is warranted, but the industry co-sponsorship is relevant to how much weight the eventual effect estimate should carry.

Confidence held at 0.96 rather than higher only because verification rests on the API record via a fetch-and-summarize layer rather than my own reading of raw JSON; every load-bearing field was nonetheless returned as an exact quote across three independent field-scoped fetches that agreed with each other.",,,
frontier,CONFIRMED,ClinicalTrials.gov,NCT06431932,https://clinicaltrials.gov/study/NCT06431932,"Pharmacokinetics, Safety, and Efficacy of Fisetin - A Phase I and Pilot Phase IIa Study (brief title: Pilot Trial of Fisetin in Healthy Volunteers and Older Patients With Multimorbidity)","Fisetin 20 mg/kg/day for two consecutive days, versus matching placebo capsules, with follow-up to three months. Sponsor: Ove Andersen, Denmark.","TWO COHORTS, and I am flagging the mix explicitly. Cohort 1: healthy volunteers aged 20-35 with suPAR <3.5 ng/mL, no chronic diagnosis, no prescribed medication except contraceptives, no prior cancer. Cohort 2: acutely hospitalised medical patients aged >=65 with suPAR >5 ng/mL and multimorbidity (>=2 chronic diagnoses). Registry healthy-volunteers flag = Yes, condition field lists both 'Multimorbidity' and 'Healthy'. My judgement: MIXED. Only the young cohort is healthy, and the three-month cognitive follow-up plausibly applies mainly to the older multimorbid cohort — the registration does not state which cohort each secondary outcome is scored in, which is the main weakness of this entry.","60 (ESTIMATED, across both cohorts)","Two objective cognitive measures registered as SECONDARY outcomes: the Digit Symbol Substitution Test (scored as number of correct symbols — an objective processing-speed test) and the Montreal Cognitive Assessment. Primary outcomes are a population pharmacokinetic model for fisetin and its metabolites, adverse events, and change in plasma suPAR.",Recruiting,Primary completion and overall completion both 2028-12-31 (estimated). Last update posted 2026-05-19. This is the most distant readout I am reporting.,"Eligibility, healthy cohort: ""Healthy volunteers: Inclusion Criteria: Aged 20-35 years ... Presence of known chronic diagnosis"" listed as an exclusion. Outcome: ""Cognitive function (Digit Symbol Substitution Test) — The change in cognitive function assessed using the Digit Symbol Substitution Test (number of correct symbols).""","A dated prediction would claim whether a two-day 20 mg/kg fisetin pulse produces any measurable Digit Symbol Substitution Test change by 2028 — and the honest prediction is near-certainly null, because a two-day exposure with a three-month follow-up and n=60 split across two very different cohorts is the weakest possible design for detecting a cognitive effect, which makes this a useful calibration case rather than a live hypothesis test.","Re-found independently via the ClinicalTrials.gov API v2 record for NCT06431932 (HTTP 200), then inspected the raw JSON field-by-field rather than trusting a summarizer.

ID RESOLVES, SAME STUDY: officialTitle ""Pharmacokinetics, Safety, and Efficacy of Fisetin - A Phase I and Pilot Phase IIa Study""; briefTitle ""Pilot Trial of Fisetin in Healthy Volunteers and Older Patients With Multimorbidity""; acronym ""Fisetin HIGH""; org Hvidovre University Hospital; responsibleParty SPONSOR_INVESTIGATOR = Ove Andersen (Denmark). Exact match, not a near-miss.

POPULATION: mixed, exactly as the researcher disclosed up front. conditions = ['Multimorbidity','Healthy']; healthyVolunteers = true; stdAges ADULT + OLDER_ADULT. Eligibility text confirms Cohort 1 ""Aged 20-35 years"", ""suPAR <3.5 ng/mL"", with ""Presence of known chronic diagnosis"", ""Prescribed medication, except contraceptives"" and ""Previous cancer diagnosis or treatment"" as exclusions; Cohort 2 acutely hospitalized, age >=65, suPAR >5, multimorbidity (>=2 chronic diagnoses). Healthy cohort n=20, older cohort n=40, total enrollment 60. The claimed quote reproduces verbatim. Not REJECT_WRONG_POPULATION: a genuinely healthy young cohort is present AND is scored on the cognitive outcomes (see correction).

COGNITIVE OUTCOME: present and objective. Secondary outcome #13 ""Cognitive function (Digit Symbol Substitution Test)"", description verbatim: ""The change in cognitive function assessed using the Digit Symbol Substitution Test (number of correct symbols)."" Plus #12 MoCA (0-30). DSST is an objective processing-speed performance test, not a self-report. Claimed quote matches character-for-character.

READOUT GENUINELY PENDING: overallStatus RECRUITING; statusVerifiedDate 2026-05; start 2026-03-24 ACTUAL; primaryCompletionDate and completionDate both 2028-12-31 ESTIMATED; lastUpdatePostDate 2026-05-19 ACTUAL. hasResults = false, no resultsSection in the payload, and referencesModule is empty ({}) — no linked publications. So not ALREADY_PUBLISHED, and not terminated/withdrawn. Every date the researcher reported is correct.

INTERVENTION: confirmed ""fisetin corresponding to 20 mg/kg/day for two consecutive days"" vs ""a corresponding number of placebo capsules""; brief summary confirms participants ""will be examined at regular intervals for up to three months.""

The two corrections below do not touch any of the four CONFIRMED gates, and the first one makes the entry stronger than claimed rather than weaker, so I am confirming rather than rejecting as misdescribed. Confidence held at 0.93 rather than higher only because the healthy-cohort cognitive arm is open-label and uncontrolled, which is a real interpretive caveat for anyone predicting this readout.","Two corrections, neither fatal:

(1) The researcher's stated ""main weakness"" is factually WRONG, and wrong in the conservative direction. They wrote: ""the registration does not state which cohort each secondary outcome is scored in."" It does. Both cognitive outcomes carry the timeFrame field: ""Healthy volunteers: day 1, 29. Older patients: day 1, 29, 84."" So DSST and MoCA are registered in BOTH cohorts, and the healthy 20-35 cohort has its own pre-specified cognitive readout at day 1 and day 29. The researcher's secondary hunch was right, though: the three-month (day 84) timepoint is exclusive to the older multimorbid cohort. Net effect — this entry is a cleaner healthy-adult cognition readout than the researcher claimed, but the healthy-cohort readout lands at day 29, not at three months.

(2) ""Fisetin 20 mg/kg/day for two consecutive days, versus matching placebo capsules"" is accurate trial-wide but must not be read as applying to the healthy cohort. Per designInfo.interventionModelDescription and the arm groups, the healthy-volunteer study is SINGLE-ARM OPEN-LABEL (n=20, no placebo); only the older-patient study is randomized placebo-controlled (n=40, 2 arms). This matters for the cognitive endpoint: the healthy-cohort DSST change at day 29 is uncontrolled and unblinded, so it is exposed to practice effects with no placebo arm to net them out. (Registry note, not the researcher's error: masking is coded QUADRUPLE in the structured field while the narrative says ""triple-blind."")

Minor additions: collaborators are University of Southern Denmark and Mayo Clinic; phases PHASE1/PHASE2; study first posted 2024-05-29. Registry contains a typo in the MoCA outcome label (""Montreal Cogntive Assessment"").",,
frontier,CONFIRMED,ClinicalTrials.gov,NCT06682767,https://clinicaltrials.gov/study/NCT06682767,"A Nutritional and Pharmacological Intervention for Body, Brain, and Longevity Effects (NIBBLE) - A Randomized Open-label Intervention of the Fasting-mimicking Diet (FMD) and Rapamycin","Rapamycin 1 mg daily for approximately 8 weeks, versus a fasting-mimicking diet (3 cycles of 5 days), versus matched placebo pill. Sponsor: Cedars-Sinai Medical Center.","Adults aged 45-65 carrying at least one APOE e4 allele, BMI 20-39, on stable medication for 3 months. Excludes significant depression (PHQ-9>9), generalised anxiety (GAD-7>9) and any diagnosed significant neurological condition. Registry healthy-volunteers flag = No. My judgement: COGNITIVELY HEALTHY MIDDLE-AGED ADULTS, GENETICALLY ENRICHED — flagging explicitly. APOE e4 carriage is a genotype, not a diagnosis, and no participant has dementia or MCI, so this is not a patient group; but the sponsor frames the sample as at elevated Alzheimer's risk, and a strict reading of 'healthy adults' may want this excluded. I report it because the risk enrichment is genetic rather than symptomatic.",60 (ESTIMATED enrolment target),Cognition is a registered SECONDARY outcome measured by the NIH Toolbox Flanker and Pattern Comparison tests together with the Mayo Preclinical Alzheimer's Cognitive Composite — all objective performance measures. The sole primary outcome is safety (number of adverse events); cerebral blood flow by arterial spin labelling is the other secondary.,Not yet recruiting,"Start 2026-11 (estimated), primary completion 2028-03 (estimated), overall completion 2028-06 (estimated). Last update posted 2026-09-16 — four days before this search, so the record is live and actively maintained rather than abandoned.","Eligibility: ""Male or female, aged 45-65 years at screening ... Carrier of at least one copy of the APOE e4 allele"". Outcome: ""NIH Toolbox Flanker and Pattern Comparison Tests and the Mayo Preclinical Alzheimer's Cognitive Composite.""","A dated prediction would claim, well before 2028, whether 8 weeks of 1 mg/day rapamycin produces any detectable objective cognitive change in 60 cognitively-unimpaired APOE e4 carriers, and whether it separates from a fasting-mimicking diet — this is the only registered rapamycin trial I found that pairs the drug with a genuine cognitive test battery in non-demented adults, so it is the single cleanest future test of the rapamycin-cognition hypothesis in humans.","Re-found independently via the ClinicalTrials.gov API v2 (the /study/ HTML page is a JS shell and yielded nothing, so I pulled the structured record plus verbatim eligibility and arms text). NCT06682767 resolves to exactly the described study: ""A Nutritional and Pharmacological Intervention for Body, Brain, and Longevity Effects (NIBBLE) - A Randomized Open-label Intervention of the Fasting-mimicking Diet (FMD) and Rapamycin"", sponsor Cedars-Sinai Medical Center, status ""Not yet recruiting"", enrollment 60. The claimed quote is verbatim accurate: inclusion criteria read ""Male or female, aged 45-65 years at screening"" and ""Carrier of at least one copy of the APOE e4 allele""; the cognition secondary outcome reads ""NIH Toolbox Flanker and Pattern Comparison Tests and Mayo Preclinical Alzheimer's Cognitive Composite"". Sole primary outcome is safety (number of adverse events, Day 72+/-5); the other secondary is cerebral blood flow by MRI arterial spin labelling. Exclusions confirmed verbatim including ""Significant depression (PHQ-9>9) or generalized anxiety (GAD-7>9)"" and ""Diagnosis of a significant neurological condition such as multiple sclerosis, epilepsy, Parkinson's disease, major stroke"", plus ""Diagnosis of mild cognitive impairment or dementia... MoCA<23"", diabetes, active cancer, and current liver/kidney/cardiac/pulmonary disease. POPULATION: I agree with the researcher's explicit flag. Participants are screened to be free of cognitive impairment and of significant systemic and neurological disease; enrichment is by APOE e4 genotype, which is not a diagnosis. These are not patients, so REJECT_WRONG_POPULATION does not apply on the stated rule, though the registry healthy_volunteers flag is No and a strict reader who treats genetic AD-risk enrichment as disqualifying could exclude this study. COGNITIVE OUTCOME: present and objective (NIH Toolbox Flanker, Pattern Comparison, Mayo PACC), albeit secondary rather than primary. PENDING: hasResults=false, no results posted, start Nov 2026 (est.), primary completion Mar 2028 (est.), overall completion Jun 2028 (est.), last update posted 2026-09-16, four days before today. Not terminated, withdrawn, or abandoned. Caveat on the confidence: the trial is pre-enrolment, so the 2028 readout depends on a study that has not yet started a single participant. One factual error found in the description, judged non-material: the FMD dosing. The registry says the FMD ""is administered cyclically with 3-5 consecutive days of the diet followed by resumption of normal eating"" (monthly, over the approximately 8-week intervention), which the researcher rendered as ""3 cycles of 5 days"" - a misreading of the hyphenated range 3-5. This does not bear on identity, population, outcome, or pending status, so I confirm rather than reject as misdescribed, but the correction is supplied.","FMD dosing is misstated. The registry reads ""3-5 consecutive days of the diet followed by resumption of normal eating,"" administered cyclically each month across the ~8-week intervention - i.e. 3-5 days per cycle, not ""3 cycles of 5 days."" Two further points of precision, not errors: (1) the cognition measure is a SECONDARY outcome, correctly stated by the researcher, but it is not the primary endpoint, so any readout prediction is on a secondary; (2) the registry's healthy-volunteers flag is No and the listed conditions include APOE 4 / Alzheimer's prevention, so classification as ""healthy adults"" rests on the absence of any diagnosis (MCI, dementia, MoCA<23 and significant neurological disease are all exclusions) rather than on the registry's own flag. Also worth noting for readout-timing purposes: status is ""Not yet recruiting"" with zero participants enrolled and an estimated start of Nov 2026, so the 2028 completion dates are pre-enrolment estimates.",,
frontier,CONFIRMED,ClinicalTrials.gov,NCT07451496,https://clinicaltrials.gov/study/NCT07451496,"PRecision gerOMedicinE: Tailored Healthy agEing With Lifestyle, sUpplements and drugS (PROMETHEUS)","Biomarker-personalised supplement stack plus supervised training over 8 weeks. Nicotinamide mononucleotide (NMN) 300 mg/day is allocated only to participants below the 50th percentile for normative VO2peak; urolithin A 250 mg/day only to those below the 50th percentile for muscle mass; a multivitamin only to those below the 50th percentile for cognitive performance. All participants receive whey protein (weight-banded), creatine monohydrate (weight-banded), fucoidan 2.4 g/day, optional ergothioneine 25 mg three times weekly from month 1, plus supervised dual-task cognitive-physical exergaming three times weekly for 60 minutes, sleep and dietary counselling, and motivational interviewing. Sponsor: National University of Singapore.","Adults 50-80, described in the eligibility text as relatively healthy and in stable health, untrained for 12 months, with VO2peak and cognitive performance both below the 75th percentile of age- and sex-specific norms. Major cardiovascular disease, more than two unstable chronic conditions, and psychiatric/cognitive conditions are excluded. Registry healthy-volunteers flag = Yes. My judgement: HEALTHY ADULTS, though performance-enriched — entry requires below-median-to-75th-percentile fitness and cognition, so the sample is deliberately selected for headroom rather than for illness.",20 (ESTIMATED enrolment target),"""Change from baseline in cognitive performance (NIH Toolbox Fluid Cognition Composite)"" — a registered PRIMARY outcome, assessed at baseline, week 4 and week 8. Fluid Cognition Composite is an objective performance score spanning executive function, attention, working memory, episodic memory and processing speed. The four co-primaries are VO2peak, 1RM strength, ultrasound muscle thickness and the CD4+:CD8+ ratio.",Recruiting,"Primary completion 2026-02-23 (ACTUAL — already reached), overall completion 2026-06-30 (estimated), also now passed. Last update posted 2026-03-05. The record still reads recruiting despite an actual primary completion date, an internal inconsistency worth noting; either way no results are posted and the readout is pending and imminent.","Eligibility: ""Age 50-80 years (both male and female) ... Relatively healthy and in stable health condition ... Cognitive performance below 75th percentile on the NIH Toolbox Cognitive Function Battery"". Outcome: ""Change from baseline in cognitive performance assessed by the NIH Toolbox Fluid Cognition Composite score.""","This is the compound-plus-training design the lane specifically wants: a dated prediction would claim whether 8 weeks of a personalised NMN/urolithin-A stack layered on supervised cognitive-physical exergaming shifts the NIH Toolbox Fluid Cognition Composite in 20 untrained healthy 50-80 year olds — and the personalised allocation means a strict prediction should also specify that NMN's contribution is unidentifiable, since only the low-VO2peak subgroup receives it.","Independently re-found via the ClinicalTrials.gov API v2 (the /study/ HTML page is a JavaScript shell and yields nothing to a fetcher; the API is the authoritative route). NCT07451496 resolves to exactly the claimed study: brief and official title both ""PRecision gerOMedicinE: Tailored Healthy agEing With Lifestyle, sUpplements and drugS (PROMETHEUS)"", acronym field PROMETHEUS, org study ID NUS-IRB-2025-393, lead sponsor National University of Singapore, PI Prof. Andrea Britta Maier. Not a different study, so no fabrication signature.

POPULATION = healthy adults. Condition is ""Ageing"" (not a disease indication), registry healthyVolunteers flag = Yes, ages 50-80. Inclusion text verbatim: ""Age 50-80 years (both male and female)"", ""Relatively healthy and in stable health condition"", ""Not engaged in regular resistance or aerobic training in the past 12 months (i.e., untrained)"", VO2peak below 75th percentile, ""Cognitive performance below 75th percentile on the NIH Toolbox Cognitive Function Battery"". Exclusions remove history of major cardiovascular disease, more than two unstable chronic conditions, and any medical/psychiatric/cognitive condition jeopardising safety or compliance. The claimant's own caveat is accurate and honest: the sample is performance-enriched (selected for headroom via sub-75th-percentile fitness and cognition), but these are not patients.

OBJECTIVE COGNITIVE OUTCOME PRESENT and registered as PRIMARY. It is the 4th of five co-primaries: ""Change from baseline in cognitive performance (NIH Toolbox Fluid Cognition Composite)"", time frame Baseline, Week 4, Week 8. The other four co-primaries are exactly as claimed: VO2peak, 1RM muscle strength, muscle mass by ultrasound imaging, and CD4+:CD8+ ratio. Fluid Cognition Composite is an objective performance battery, not self-report.

BOTH CLAIMED QUOTES VERIFY VERBATIM. The eligibility fragments match the inclusion criteria exactly. The outcome quote ""Change from baseline in cognitive performance assessed by the NIH Toolbox Fluid Cognition Composite score."" is the primary outcome's description field, reproduced character-for-character.

INTERVENTION DETAIL VERIFIES: NMN (AbinoNutra) 300 mg/day to those below 50th percentile normative VO2peak; urolithin A (StanYouth, Bonerge) 250 mg/day to those below 50th percentile muscle mass; gender-specific Centrum multivitamin to those below 50th percentile cognitive performance; weight-banded whey protein (Optimum Nutrition isolate) and creatine monohydrate; fucoidan (SIRT6Activator) 2.4 g/day; ergothioneine 25 mg three times weekly from the 1-month midpoint based on individual response; supervised dual-task cognitive-physical exergaming 3x/week for 60 min; sleep/dietary counselling and motivational interviewing.

READOUT GENUINELY PENDING. hasResults = false. Status RECRUITING; not terminated, withdrawn, or abandoned. Start 2025-09-29 (actual), primary completion 2026-02-23 (ACTUAL), overall completion 2026-06-30 (estimated), last update posted 2026-03-05 — all exactly as claimed, and both dates are now past as of today 2026-09-20, so the readout is pending and overdue rather than distant.

I specifically chased the one condition that could have forced a reject: a PROMETHEUS paper exists (GeroScience, PubMed 42393428, doi 10.1007/s11357-026-02394-6, published 2026-07-03). Retrieved the abstract via NCBI eutils: it is a study PROTOCOL — design and methods only, explicitly aimed at ""recruitment feasibility, safety, adherence, and exploratory outcome trajectories"" to inform a subsequent 12-month randomised controlled trial. It reports no participant outcome data for VO2peak, cognition, strength, or CD4:CD8. So REJECT_ALREADY_PUBLISHED does not apply.

Two minor imprecisions in the claim, neither material enough to reject: (1) ergothioneine is registered only in Arm 2 (Augmented), not received by ""all participants"" as the claim's intervention paragraph states — though the registry's two arms are the base and personalised layers of what the protocol paper calls a single-arm feasibility design, so this is close to a wash; (2) the claim omits that enrollment is only 20 (estimated), open-label and non-randomized, with five co-primaries and twenty secondary outcomes — an omission rather than a misstatement, but it means any cognitive readout here will be severely underpowered and multiplicity-laden, which the parent agent should weigh before treating it as a forecastable result.

The internal inconsistency the claimant flagged is real and in fact sharper than described: the record was first posted 2026-03-05, which is AFTER its own actual primary completion date of 2026-02-23. This is a retrospectively registered study still carrying a RECRUITING status. That is a registry-hygiene oddity, not evidence of fabrication, and it does not change the verdict — the record is real, the population is healthy adults, the objective cognitive primary outcome is present, and no results are posted.",,,
frontier,CONFIRMED,ClinicalTrials.gov,NCT07475546,https://clinicaltrials.gov/study/NCT07475546,A Pilot Randomized Controlled Study of Combinatorial Gerotherapeutics for Healthspan Improvement (brief title: Combination Gerotherapeutic Interventions for Healthspan Improvement),Multi-drug geroprotective stack over 90 days. Rapamycin titrated 2 mg to 6 mg once weekly (comprehensive arm only); metformin 500 mg daily; NAD+ 30 mg/day nasal spray; low-dose naltrexone titrated 1.5 mg to 4.5 mg daily; topical glutathione patch weekly; a proprietary seven-compound supplement; vitamin B12. Control arm receives vitamin C and vitamin E as placebo. Both arms also receive exercise and either guided meditation (intervention) or podcast listening (control). Sponsor: AgelessRx.,"Adults 60-80, AgelessRx patients, required to have ""at-risk indicators for decline"" satisfied by any combination of BMI 26-30, low SF-36 subscale scores, low Immune Status Questionnaire score, self-reported brain fog, or pre-diabetes. Registry healthy-volunteers flag = Yes. My judgement: MIXED / AT-RISK-ENRICHED, and I am flagging this explicitly. No participant carries a neurological or psychiatric diagnosis and dementia is not being studied, so this is not a patient group — but one of the qualifying entry routes is self-reported brain fog or difficulty with mental clarity, which is a subjective cognitive complaint. Treat as community-dwelling older adults enriched for subclinical decline, not a clean healthy sample.",30 (ESTIMATED; 10 per arm across three arms),"""Change in cognitive performance measured by Creyos Cognitive Test composite score"" — a registered PRIMARY outcome, using the Creyos (formerly Cambridge Brain Sciences) online objective battery, assessed twice at baseline and twice at the final period at least 7 days apart, with the paired scores averaged. The other three primaries are VO2 max, the iAge inflammation index and DEXA lean body mass.","Active, not recruiting",Primary completion and overall completion both 2026-04 (estimated) — a date that has already passed as of 2026-09-20 while the record still reads active and shows no posted results. Last update posted 2026-03-16. The readout is overdue rather than distant.,"Outcome: ""Change in cognitive performance measured by Creyos Cognitive Test composite score."" Eligibility: ""Adults (60-80 years of age) ... Has at-risk indicators for decline on measures of cognitive, immune, and muscle function"".","This is the only registered trial I found that puts rapamycin AND metformin together against an objective cognitive battery as a declared primary outcome, so a dated prediction can claim whether the combined gerotherapeutic stack moves Creyos composite scores at 90 days — while noting the prediction is nearly unfalsifiable at the compound level, since n=10 per arm and seven agents plus exercise and meditation change simultaneously, making any positive result unattributable to rapamycin or metformin specifically.","Re-found independently via the ClinicalTrials.gov API v2 (the /study/ HTML page returns only the SPA shell, so the API was used as the authoritative source) and cross-checked against the Veeva CTV mirror.

ID RESOLVES, SAME STUDY: NCT07475546 returns official title ""A Pilot Randomized Controlled Study of Combinatorial Gerotherapeutics for Healthspan Improvement"", brief title ""Combination Gerotherapeutic Interventions for Healthspan Improvement"", sponsor AgelessRx (industry). Exact match. Not a fabrication signature.

OBJECTIVE COGNITIVE PRIMARY OUTCOME PRESENT: the four registered primary outcomes are verbatim (1) ""Change in cardiorespiratory fitness measured by maximal oxygen uptake (VO2 max)"", (2) ""Change in cognitive performance measured by Creyos Cognitive Test composite score"", (3) ""Change in systemic chronic inflammation measured by iAge index score"", (4) ""Change in lean body mass measured by dual-energy X-ray absorptiometry (DEXA)"". The claimed outcome quote is an exact string match and is genuinely a PRIMARY, not secondary. Creyos (formerly Cambridge Brain Sciences) is an objective performance battery, not a questionnaire. The twice-at-baseline / twice-at-endpoint, >=7 days apart, averaged design is confirmed in the outcome description.

POPULATION IS HEALTHY-ADULT (with the researcher's own caveat upheld): healthyVolunteers = true, age 60-80, all sexes. Eligibility confirmed verbatim on an independent mirror: ""Adults (60-80 years of age)"" and ""at-risk indicators for decline on measures of cognitive, immune, and muscle function"", qualified by BMI 26-30, SF-36 below validated norms, ISQ < 6, reported cognitive issues/brain fog, pre-diabetic status, or other comorbidities. Significant psychiatric illness is an EXCLUSION; no neurological diagnosis is required and dementia is not the condition studied (conditions = Healthspan Improvement, Aging, Longevity). So this is community-dwelling older adults enriched for subclinical decline, exactly as the researcher flagged. Self-reported brain fog as one qualifying entry route is a subjective cognitive complaint, but it does not convert the sample into a patient group. Not REJECT_WRONG_POPULATION; the researcher disclosed this enrichment proactively rather than hiding it.

READOUT GENUINELY PENDING: overallStatus = ACTIVE_NOT_RECRUITING, hasResults = false. Start 2025-07-23 (ACTUAL). Primary completion 2026-04 (ESTIMATED) and overall completion 2026-04 (ESTIMATED). Last update posted 2026-03-16. As of today 2026-09-20 the record is roughly five months past its estimated completion with no results posted — overdue, not distant, exactly as claimed.

ALREADY-PUBLISHED CHECK (the one real risk I chased down): web search surfaced past-tense language stating 26 adults enrolled and 18 included in the final analysis, which is a plausible already-published signature. I traced it to an AgelessRx press release dated 2026-08-11 announcing selection as an XPRIZE Healthspan Milestone 2 awardee with a $1M award. That release describes the 90-day design, the arms, and confirms Creyos cognitive testing was administered at baseline and study end, but reports NO quantitative outcome results whatsoever — nothing on the Creyos composite, VO2 max, iAge, or DEXA lean mass. Searches of medRxiv/bioRxiv/PubMed found no preprint or peer-reviewed publication of this pilot's results (hits were the separate AgelessRx PEARL rapamycin trial and unrelated work). So data collection has finished and the sponsor has disclosed enrollment/attrition numbers, but the cognitive readout itself is unpublished and still to come. Not REJECT_ALREADY_PUBLISHED — though the readout looks imminent rather than far off, which if anything strengthens the case for it as a prediction target.

NOT terminated/withdrawn/abandoned: status is active with a sponsor actively advancing the program into a follow-on year-long XPRIZE trial, so REJECT_NO_PENDING_READOUT does not apply.

WHY NOT MISDESCRIBED: every material registered fact the researcher asserted — identifier, both titles, sponsor, status, healthy-volunteer flag, age band, the four primaries, the Creyos assessment schedule, both completion dates and their estimated flags, the 2026-03-16 last-update date, and both claimed quotes — checks out against the registry. The drug specifics also match: rapamycin 2-6 mg weekly in the comprehensive arm only, metformin 500 mg daily, NAD+ 30 mg/day nasal spray, LDN 1.5-4.5 mg daily, weekly glutathione patch, B12, the proprietary ""Infinite"" supplement, and vitamin C/E placebo with podcast-vs-meditation and exercise co-interventions. The imprecisions I did find are additive detail rather than contradictions, so they are recorded as refinements rather than triggering a reject.","Verdict stands as CONFIRMED; the following are non-material refinements, not contradictions of the claim.

(1) ARM COUNT: the registry lists THREE arms, not two. The description's phrase ""Both arms also receive exercise and either guided meditation (intervention) or podcast listening (control)"" reads as a two-arm design. Actual arms: Placebo (PLACEBO_COMPARATOR — vitamin C and E, neutral podcast listening, standard exercise 150 min/week aerobic); Multi-Therapy (EXPERIMENTAL — NAD+, low-dose naltrexone, B12, metformin, plus guided meditation and structured exercise); Comprehensive Therapy (EXPERIMENTAL — all of Multi-Therapy plus low-dose rapamycin, weekly glutathione patch, and Infinite supplement). The researcher's note that rapamycin is ""comprehensive arm only"" is correct and implies awareness of two distinct active arms, so this is a phrasing slip rather than a factual error — but anyone modelling this readout should treat it as a 3-arm comparison.

(2) PHASE AND SAMPLE SIZE (omitted, and materially important): registered as PHASE3 with estimated enrollment of 30. The sponsor's 2026-08-11 XPRIZE press release states 26 adults were actually enrolled and only 18 were included in the final analysis. Split across three arms that is roughly 6 per arm. This is a very small, attrition-heavy pilot and the Creyos composite is one of four co-primary outcomes with no stated multiplicity control — the cognitive readout will be severely underpowered, and that should dominate any prediction about it.

(3) SUPPLEMENT DESCRIPTOR: the registry names it only ""Infinite Supplement"" / ""Infinite"". The ""proprietary seven-compound"" characterisation is not stated in the registry record and I did not verify the seven-compound count.

(4) STATUS CONTEXT (not an error, but relevant): data collection is complete and the sponsor has already reported enrollment and analysis Ns publicly, while the registry record still reads active with no results and has not been updated since 2026-03-16. The readout is imminent rather than merely overdue, so the window for treating this as an unresolved prediction target may be short.",,
frontier,CONFIRMED,ClinicalTrials.gov,NCT07637487,https://clinicaltrials.gov/study/NCT07637487,"A Randomized, Double-Blind, Placebo-Controlled Phase 2 Clinical Trial Evaluating Tocotrienol-Rich Fraction as a Senolytic Agent in Middle-Aged Adults","Tocotrienol-rich fraction 200 mg/day in capsules, split into two daily doses, versus a 200 mg placebo softgel, over 6 months. Sponsor: National University of Malaysia.","Adults aged 35-50, required to be generally healthy on physical examination and blood laboratory testing including adequate liver and renal function and specified neutrophil, platelet and haemoglobin ranges. Registry condition field is literally 'Healthy' and the healthy-volunteers flag = Yes. My judgement: HEALTHY MIDDLE-AGED ADULTS — the cleanest population in the senolytic sub-lane.",220 (ESTIMATED enrolment target),"Three objective cognitive measures are registered as SECONDARY outcomes: the Rey Auditory Verbal Learning Test for recall memory, the Digit Span Test (forward, backward, sequencing) for working memory, and the Montreal Cognitive Assessment. Assessed at baseline, month 3 and month 6. All primaries are biological — AGEs, protein carbonyl, MDA, DNA damage, SASP gene and protein expression, TNF-alpha, IL-6, mitochondrial ATP and membrane potential, plasma tocotrienol levels, body composition.",Recruiting,Overall completion 2027-01-30 (estimated); last update posted 2026-06-09. NOTE an internal inconsistency in the record: primary completion is listed as 2024-12-19 (ACTUAL) while the study is still marked recruiting with a 2027 completion date. I am reporting both dates as the registry gives them rather than picking one. No results posted.,"Eligibility: ""Generally healthy as assessed by physical examination and blood lab test"". Outcome: ""Recall memory function — The Rey Auditory Verbal Learning Test (RAVLT) will be utilized.""","A dated prediction would claim whether 6 months of a senolytic-framed tocotrienol-rich fraction moves RAVLT and Digit Span in 220 healthy 35-50 year olds — and this matters disproportionately because it is the ONLY pending trial I found that attaches an objective memory test to a senolytic hypothesis in an unambiguously healthy adult sample, the flagship fisetin trial having registered no cognitive outcome whatsoever.","Independently re-found via the ClinicalTrials.gov API v2 (raw JSON, HTTP 200, 15,332 bytes) rather than a rendered page. The initial human-page fetch returned only the SPA shell, so I did not treat that as non-resolution; the API record by NCT ID is definitive.

IDENTITY: NCT07637487 resolves to this exact study. officialTitle matches the claim verbatim: ""A Randomized, Double-Blind, Placebo-Controlled Phase 2 Clinical Trial Evaluating Tocotrienol-Rich Fraction as a Senolytic Agent in Middle-Aged Adults"". Lead sponsor ""National University of Malaysia"". Interventions match precisely: DIETARY_SUPPLEMENT ""200mg/day of tocotrienol-rich fraction capsules divided into two daily doses"" vs OTHER ""placebo softgel of 200mg divided into two daily doses"". Enrollment 220 estimated, randomized parallel, TRIPLE masked. Not a fabrication.

POPULATION: conditions = [""Healthy""], healthyVolunteers = true, minimumAge ""35 Years"", maximumAge ""50 Years"", stdAges ADULT. Healthy middle-aged adults confirmed.

COGNITIVE OUTCOME: three objective performance measures registered as SECONDARY outcomes — ""Recall memory function"" (RAVLT, scored by words recalled across trials A1-A5 plus delayed recall), ""Working memory function"" (Digit Span forward/backward/sequencing, total 30), ""Cognitive Function"" (MoCA, max 30). These are objective instruments, not self-report. All 17 primaries are biological, as claimed.

PENDING: overallStatus RECRUITING, hasResults false, statusVerifiedDate 2026-06, completion 2027-01-30 ESTIMATED. Web search surfaced no published results for this trial; the nearby publications are a JMIR Research Protocols protocol paper and a separate tocotrienol-beverage RCT, both for the same group's DIFFERENT older-adults (50-75) study. Readout genuinely outstanding.

QUOTE: both fragments verified verbatim in the record.

DATES: the researcher's handling was correct and honest — primaryCompletionDateStruct is {2024-12-19, ACTUAL} while completionDateStruct is {2027-01-30, ESTIMATED} with status still RECRUITING. I found the explanation: studyFirstSubmitDate 2025-12-29, studyFirstPostDate 2026-06-09 ACTUAL. This is a RETROSPECTIVE registration of a study that began 2023-10-31, which is why ""last update posted"" (2026-06-09) is simply the initial posting. A data-quality flag, not a fabrication signature. The claimed dates are accurate to the registry.

ONE INACCURACY (non-material, does not change the verdict): the claim states the cognitive measures are ""Assessed at baseline, month 3 and month 6."" All three cognitive secondary outcomes carry timeFrame ""Baseline and Month 6"". The month-3 timepoint belongs to the biological primaries (""Baseline, Month 3, and Month 6""), not the cognitive secondaries. Independently corroborated by the same group's sibling protocol publication, which states cognitive testing occurs ""at 0 and 6 months."" I judged this NOT material to the verdict because every determinative criterion — identifier resolves to a real matching registration, population is healthy adults, an objective cognitive outcome is present, readout genuinely pending — is satisfied, and the final cognitive readout timepoint (month 6) is unchanged. Recorded in the correction field regardless rather than suppressed.

TWO REGISTRY-INTERNAL INCONSISTENCIES, attributable to the record and not the researcher: (1) the free-text eligibility criterion reads ""Subject of either gender, 35 to 64 years of age (inclusive)"" while the structured maximumAge field is ""50 Years"" — the researcher followed the structured field, which is the defensible read, but the true upper bound is ambiguous in the source; (2) the official title says ""Phase 2"" while designModule.phases is [""NA""] — the researcher quoted the title accurately.

Confidence held at 0.93 rather than higher because of the unresolved age-ceiling contradiction inside the record itself and the unusual retrospective-registration date pattern, neither of which I can adjudicate beyond what the registry states.","Minor, non-material: the three cognitive measures (RAVLT, Digit Span, MoCA) are registered with timeFrame ""Baseline and Month 6"" — NOT ""baseline, month 3 and month 6"". The month-3 timepoint applies to the 17 biological PRIMARY outcomes only. Also worth flagging as registry-internal contradictions rather than researcher errors: the structured age fields read 35-50 years while the free-text inclusion criterion reads ""35 to 64 years of age (inclusive)""; and the official title says ""Phase 2"" while the registry's designModule.phases field is ""NA"".",,
glutamatergic,CONFIRMED,ClinicalTrials.gov,NCT05301608,https://clinicaltrials.gov/api/v2/studies/NCT05301608,Effects of Psilocybin on Electrophysiology and the Dynamic Content of Thought,"Psilocybin, synthetically manufactured under cGMP, oral capsule, vs. placebo (microcrystalline cellulose in a size 0 blue gelatin capsule). Multiple drug administration sessions. The registration does not state the mg dose.","Healthy adults aged 18-75. HealthyVolunteers flag = true; condition listed simply as 'Healthy'. Eligibility requires screening for medical and psychiatric problems by interview, questionnaire, physical exam, ECG and blood/urinalysis. Judgement: clean healthy-adult population, no patient group.",30 (estimated enrolment),"Three objective performance measures sit among the primary outcomes: (1) 'Sensitivity in distinguishing old versus newly presented visual stimuli' — next-day recognition memory for words and images studied during dosing; (2) 'Accuracy in the remote associates task as assessed by total correct number of trials' — convergent/insight problem solving; (3) 'Accuracy in the alternative uses task' — divergent thinking, scored as total responses and uniquely novel uses. Other primaries are free-association word frequency, EEG alpha power and fMRI inter-subject response reliability.",Recruiting,Primary completion date 2026-12-01; study completion date 2027-01-01. Last update posted 2026-07-23.,"Primary outcome: ""Sensitivity in distinguishing old versus newly presented visual stimuli"". Eligibility: ""Be healthy and psychologically stable as determined by screening for medical and psychiatric problems"".","A dated prediction could claim, before December 2026, a specific direction and rough magnitude for psilocybin versus placebo on next-day recognition-memory sensitivity and on Remote Associates Task accuracy in healthy adults — and be scored as wrong if, say, memory is impaired while creativity measures are unchanged.","Re-fetched the primary source myself: GET https://clinicaltrials.gov/api/v2/studies/NCT05301608 returned HTTP 200, 13,483 bytes, with protocolSection.identificationModule.nctId == ""NCT05301608"" — so the ID resolves and resolves to THIS study, not a different one. No fabrication signature.

TITLE: briefTitle and officialTitle are both exactly ""Effects of Psilocybin on Electrophysiology and the Dynamic Content of Thought"". Lead sponsor Johns Hopkins University; site = Johns Hopkins Center for Psychedelic and Consciousness Research, Baltimore MD, contact Frederick S. Barrett. Matches the claim.

POPULATION (healthy adults — CONFIRMED): eligibilityModule.healthyVolunteers = true; minimumAge ""18 Years"", maximumAge ""75 Years""; stdAges [ADULT, OLDER_ADULT]; conditionsModule.conditions = [""Healthy""]. The claimed eligibility quote appears verbatim: ""Be healthy and psychologically stable as determined by screening for medical and psychiatric problems via a personal interview, a medical questionnaire, a physical examination, an electrocardiogram (ECG), and routine medical blood and urinalysis laboratory tests"". No patient/disease group. One nuance worth flagging but not disqualifying: inclusion also requires prior psychedelic experience (""Have used a psychedelic drug ... at least five times in their lifetime""), so this is an experienced-user healthy cohort, not a psychedelic-naive one — relevant to generalization, but they are still healthy volunteers.

OBJECTIVE COGNITIVE OUTCOME (present — CONFIRMED): 6 primary outcomes, 0 secondary. Three are objective cognitive performance measures, with measure titles matching the claim word-for-word: #2 ""Sensitivity in distinguishing old versus newly presented visual stimuli"" (next-day old/new recognition for words and images studied during dosing, confidence-rated); #3 ""Accuracy in the remote associates task as assessed by total correct number of trials"" (RAT convergent/insight, e.g. falling/actor/dust -> star); #4 ""Accuracy in the alternative uses task"" (divergent thinking, scored as total responses and uniquely novel uses). The other three primaries are also as claimed: #1 free-association word-use frequency, #5 alpha band power in EEG, #6 reliability of whole-brain response while watching videos (inter-subject correlation). All timeframes 8 weeks / 8-week study period.

PENDING READOUT (still pending — CONFIRMED): overallStatus = RECRUITING (site-level status also RECRUITING); no lastKnownStatus and no whyStopped, so not terminated/withdrawn/suspended. hasResults = false; resultsFirstPostDateStruct absent; referencesModule is empty {} — no posted results and no linked publications. Primary completion 2026-12-01 (ESTIMATED) and study completion 2027-01-01 (ESTIMATED) match the claim exactly. lastUpdatePostDate 2026-07-23 (ACTUAL), lastUpdateSubmitDate 2026-07-22 — i.e. updated two months before today (2026-09-20), so this is a live, maintained record, not an abandoned one. Start date 2022-03-03 (ACTUAL) means recruitment has run ~4.5 years, which is slow, but the recent update plus active recruiting status argue against abandonment. Design: randomized quadruple-masked crossover, PHASE1/PHASE2, primary purpose BASIC_SCIENCE, estimated enrollment 30.

ONE ERROR FOUND, non-disqualifying: the claim asserts ""The registration does not state the mg dose."" That is false — the registration does state it, in two places. armsInterventionsModule.interventions Psilocybin description: ""The active drug is encapsulated using a size 0 blue gelatin capsule and contains 10 mg of psilocybin."" And the arm ""Psilocybin First"" description: ""Psilocybin (10mg) will be administered one time orally as a capsule taken with water."" The rest of the intervention claim is verbatim accurate (synthetic, cGMP, oral capsule, vs. microcrystalline-cellulose placebo in a size 0 blue gelatin capsule). ""Multiple drug administration sessions"" is supported — crossover with all participants receiving all interventions, and primary outcome #6 refers to ""the second two drug administration sessions"".

I did not escalate this to REJECT_MISDESCRIBED because all four CONFIRMED conditions hold independently, the error is an incorrect claim about ABSENT information rather than a mischaracterization of the study's identity, population, outcomes, or timing, and it resolves in the direction of more information rather than less. It does not change whether this is a usable pending healthy-adult cognition readout. It is worth correcting downstream, though, because 10 mg is a moderate/low dose (vs. the 25-30 mg typical of high-dose psilocybin work) and dose materially shapes any predicted effect size on recognition memory, RAT and AUT. Confidence is 0.93 rather than higher only because of that one description error and the unusually long recruitment window.","The claim ""The registration does not state the mg dose"" is wrong. The registration DOES state the dose: 10 mg of psilocybin, oral, given once per drug session. Intervention description: ""The active drug is encapsulated using a size 0 blue gelatin capsule and contains 10 mg of psilocybin."" Arm description: ""Psilocybin (10mg) will be administered one time orally as a capsule taken with water. Expected duration of acute effects is approximately 6 hours."" Everything else in the description is accurate as written. Secondary refinement (optional): the population is healthy adults 18-75 who are ALSO required to have used a psychedelic at least five times in their lifetime, i.e. an experienced-user healthy cohort; and the design is a randomized, quadruple-masked, Phase 1/2 crossover with estimated enrollment of 30, sponsored by Johns Hopkins University.",,
glutamatergic,CONFIRMED,ClinicalTrials.gov,NCT06367738,https://clinicaltrials.gov/api/v2/studies/NCT06367738,Investigating the Persisting Effects of a Single Dose of Psilocybin on Structural Plasticity in Healthy Older Adults,"Psilocybin, single dose, stated on the registration as 'Psilocybin 1-30 mg'. Outcomes assessed at baseline, week 1 and week 4.","Healthy older adults aged 60-85. HealthyVolunteers flag = true; condition listed as 'Aging'. Inclusion criteria are logistical and capacity-related (able to attend visits, swallow capsules, normal or corrected-to-normal vision, identified support person) with no disease requirement. Judgement: clean healthy-older-adult population — explicitly not MCI or dementia.",40 (estimated enrolment),"The PRIMARY outcome is imaging, not cognition: mean diffusivity in prefrontal cortex and hippocampus on diffusion-weighted MRI. The objective cognitive measures are SECONDARY, and they are a full neuropsychological battery: California Verbal Learning Test, Second Ed. (CVLT-II); Logical Memory and Visual Reproduction from the Wechsler Memory Scale-Third Edition; Penn Conditional Exclusion Test (PCET); recognition memory (REC); and lure discrimination index (LDI). Flagging the primary/secondary split explicitly so no one over-reads it.",Recruiting,Primary completion date 2026-12-30; study completion date 2027-12-30. Last update posted 2025-10-21.,"Title: ""Investigating the Persisting Effects of a Single Dose of Psilocybin on Structural Plasticity in Healthy Older Adults"". Secondary outcome: ""California Verbal Learning Test, Second Ed. (CVLT-II)"".","A dated prediction could claim, before the end of 2026, whether a single psilocybin dose produces a detectable week-1 or week-4 change in verbal learning (CVLT-II) and pattern separation (LDI) in healthy 60-85 year olds, and separately whether any such cognitive change tracks the hippocampal mean-diffusivity change — a directly testable structure-to-function coupling claim.","Re-found the registration myself via two independent ClinicalTrials.gov API v2 calls: the direct record endpoint (/api/v2/studies/NCT06367738) and a fielded query endpoint (/api/v2/studies?query.id=NCT06367738&fields=...). Both returned the same record, so this is not a well-formed-looking ID that fails to resolve.

ID resolves to the claimed study: Brief/official title returned verbatim as ""Investigating the Persisting Effects of a Single Dose of Psilocybin on Structural Plasticity in Healthy Older Adults"". Sponsor: University of California, Berkeley.

Population is healthy adults: HealthyVolunteers = true; condition listed as ""Aging""; age range 60-85 years. Eligibility is logistical/capacity-related (able to swallow capsules, normal or corrected vision, identified support person to accompany home after dosing, access to quiet space and computer). Exclusions are the standard psychedelic-trial safety screen (psychiatric/psychotic/bipolar/dissociative disorders, MRI contraindications, suicidality, seizure history, cardiovascular/hypertension, antidepressant/antipsychotic use). No disease requirement — not an MCI or dementia cohort. Population claim is accurate.

Objective cognitive outcome present: the secondary outcome list explicitly contains Penn Conditional Exclusion Test (PCET), California Verbal Learning Test, Second Ed. (CVLT-II), Logical Memory and Visual Reproduction (Wechsler Memory Scale-Third Edition), recognition memory (REC), and lure discrimination index (LDI). These are objective performance measures, not self-report.

Primary/secondary split as described: the PRIMARY outcome is imaging — diffusion-weighted MRI brain-structure measures (prefrontal cortex and hippocampus) at baseline, week 1 and week 4. Cognition is secondary. The researcher flagged this correctly rather than over-claiming.

Intervention as described: psilocybin, single dose, registered across three dose-level arms (Level 1: 1-10 mg, Level 2: 11-20 mg, Level 3: 21-30 mg), which the fielded query renders as ""Psilocybin (1-30 mg)"" — consistent with the claimed ""Psilocybin 1-30 mg"". The three-level arm structure is finer-grained than the one-line summary but does not contradict it; each participant still receives a single dose.

Readout genuinely pending: Overall status RECRUITING; hasResults = false; estimated study start November 2025; primary completion date 2026-12-30; study completion date 2027-12-30; last update posted 2025-10-21. Today is 2026-09-20, so primary completion is still roughly three months out and nothing is published. Not terminated, not withdrawn, and the ~11-month-old last update on a study that started only in Nov 2025 is not an abandonment signature.

Every claimed date, the status, the population flag, the primary/secondary structure and the named cognitive instruments matched the live registry record. No material detail was found wrong.",,,
glutamatergic,CONFIRMED,ClinicalTrials.gov,NCT06692192,https://clinicaltrials.gov/api/v2/studies/NCT06692192,"Role of Experience, Conscious Awareness, and Plasticity in Psilocybin's Behavioral Effects - Follow-Up Study (The RECAP 2 Study)","Psilocybin 25 mg or 1 mg, each combined with either midazolam or saline placebo, in a four-cell design. The midazolam regimen is explicitly intended 'to induce amnesia of the psychedelic experience without inducing over-sedation during the dosing session.' Participants also undergo MRI and TMS/EEG.","Adults aged 18-65, physically healthy, with no exclusionary DSM-5 psychiatric diagnosis. HealthyVolunteers flag = true. FLAG: participants are selected for a 'Modest decrement in self-reported wellbeing without the presence of a DSM-5 Axis I mood or anxiety disorder' — so this is a healthy, non-clinical sample deliberately enriched for mildly reduced wellbeing, not a patient group and not subjective cognitive decline. Stating it explicitly so the enrichment is visible.",60 (estimated enrolment),"'Change in Probabilistic Reversal Learning (PRL)' — an objective learning task in which participants choose between two stimuli, learn which is more likely to be rewarded from trial-by-trial feedback, and must re-learn when the contingency reverses. It is listed as a PRIMARY outcome alongside WEMWBS, BEAQ and TMS-evoked potential amplitude.",Recruiting,Primary completion and study completion both 2027-12. Last update posted 2026-08-13.,"Eligibility: ""Physically healthy; does not meet criteria for an exclusionary medical condition"". Primary outcome: ""Change in Probabilistic Reversal Learning (PRL)"".","This is the closest thing in the lane to a manipulable plasticity-window experiment with an objective learning readout: midazolam-induced amnesia dissociates the conscious psychedelic experience from the drug's pharmacology. A dated prediction could claim whether the psilocybin effect on reversal learning survives when memory for the experience is abolished — i.e. whether any cognitive benefit is carried by the subjective experience or by the pharmacology, which is exactly the mechanistic fork a repurposing programme needs settled.","Re-found independently by pulling the raw JSON from https://clinicaltrials.gov/api/v2/studies/NCT06692192 (curl, HTTP 200) and parsing fields directly rather than relying on a summarizer.

ID RESOLVES, SAME STUDY: nctId = NCT06692192. officialTitle matches the claim verbatim: ""Role of Experience, Conscious Awareness, and Plasticity in Psilocybin's Behavioral Effects - Follow-Up Study (The RECAP 2 Study)"". briefTitle ""The RECAP2 Study: Midazolam and Psilocybin"". Sponsor/org: University of Wisconsin, Madison (orgStudyId 2024-0852). First posted 2024-11-18.

INTERVENTION AS DESCRIBED: four interventions (Psilocybin 25mg, Psilocybin 1mg, Midazolam IV, Saline) across exactly four arms — 25mg+midazolam, 25mg+saline, 1mg+midazolam, 1mg+saline. The four-cell design is real. The midazolam quote is verbatim in the intervention description: ""The goal of the midazolam dosing regimen is to induce amnesia of the psychedelic experience without inducing over-sedation during the dosing session."" Eligibility requires ability to undergo MRI and TMS, and a TMS-evoked potential (TEP) outcome is registered, consistent with the MRI + TMS/EEG claim.

POPULATION IS HEALTHY ADULTS: healthyVolunteers = true; sex ALL; minimumAge 18 Years, maximumAge 65 Years. Inclusion criteria verbatim include ""Physically healthy; does not meet criteria for an exclusionary medical condition"" and ""Modest decrement in self-reported wellbeing without the presence of a DSM-5 Axis I mood or anxiety disorder""; exclusion includes ""Exclusionary DSM-5 psychiatric diagnosis and/or active suicidal ideation"". This is a non-clinical sample enriched for mildly reduced wellbeing, exactly as the researcher flagged up front — not a patient cohort, not SCD. The claimed eligibility quote is verbatim.

OBJECTIVE COGNITIVE OUTCOME PRESENT AND PRIMARY: primaryOutcomes list four measures — ""Change in Warwick-Edinburgh Mental wellbeing Scale (WEMWBS)"", ""Change in Brief Experiential Avoidance Questionnaire (BEAQ)"", ""Change in Probabilistic Reversal Learning (PRL)"", ""Change in transcranial magnetic stimulation evoked potential (TEP) amplitude"" — all with timeFrame ""Baseline to 7 days post-dose"". The claimed outcome quote is verbatim. The PRL description confirms it is a trial-by-trial feedback learning task with contingency reversal, i.e. objective task performance, not self-report.

READOUT GENUINELY PENDING: overallStatus RECRUITING; start 2025-08-07 (ACTUAL); primaryCompletionDate 2027-12 (ESTIMATED); completionDate 2027-12 (ESTIMATED); lastUpdatePostDate 2026-08-13 (ACTUAL) — every date in the claim is exact. hasResults = false, resultsFirstPostDate absent, no results section in the payload. A secondaryId ""Protocol Version 7/22/2026"" shows active maintenance about two months before today (2026-09-20).

NOT ALREADY PUBLISHED: I checked for an existing readout. There is a Feb 2026 Translational Psychiatry paper, ""Electrophysiological effects of psilocybin co-administered with midazolam"" (PMID 41688423), but that is the RECAP program's earlier open-label midazolam dose-finding pilot reporting electrophysiology — a different study from this randomized, triple-masked, four-arm n=60 trial. The registration's referencesModule contains no linked publications at all (only a pre-screening REDCap survey link). The PRL readout for NCT06692192 is still ahead.

Detail not in the claim but not contradicting it: Phase 1, interventional, randomized parallel assignment, TRIPLE masking (participant/care provider/investigator), primary purpose BASIC_SCIENCE, enrollment 60 (estimated), condition listed simply as ""Psilocybin"". Also note WEMWBS/BEAQ/PRL/TEP are additionally repeated as secondary outcomes at later time frames — a registry duplication quirk, not a misdescription.

Deduction from 1.0: the only residual risk is the registry record itself being stale relative to unposted study events, which no amount of re-reading the registry can resolve.",,,
glutamatergic,CONFIRMED,ClinicalTrials.gov,NCT06768944,https://clinicaltrials.gov/api/v2/studies/NCT06768944,"The Role of the Subjective Experience in Supporting Positive Effects Following Psilocybin: a Randomized, Controlled Clinical Trial Using Risperidone in Healthy Adults","Psilocybin (PEX010 capsules, drug substance PYEX 12.5-14.0% psilocybin) at high dose or low dose, combined with either risperidone 1 mg or inactive placebo. Risperidone is used to block the subjective effects of psilocybin. The registration does not state the mg values of 'high' and 'low'.","Healthy adults aged 18-65, all sexes and gender identities. HealthyVolunteers flag = true. Exclusions include any notable ECG or laboratory abnormality and current psychiatric diagnoses such as major depressive disorder, generalized anxiety disorder, panic disorder, social anxiety disorder and OCD. Judgement: clean healthy-adult population; the title itself says 'in Healthy Adults'.",128 (estimated enrolment),"The PRIMARY outcome is self-report (Persisting Effects Questionnaire), so the objective cognitive measures are SECONDARY — flagging that split. They are: 'Cognitive Flexibility', measured by the Berg Card Sorting Task, a set-shifting measure modelled on the Wisconsin Card Sorting Task scored on perseverative errors; and 'Reinforcement Learning', measured by a three-armed bandit task in which the reward probabilities of three targets change across trials.",Recruiting,Primary completion 2027-12; study completion 2028-01. Last update posted 2026-09-02.,"Secondary outcome: ""The Berg Card Sorting Task is a set-shifting measure of cognitive flexibility modeled after the Wisconsin Card Sorting task"". Eligibility: ""Ages 18 to 65 years of age at the time of screening"".","At n=128 this is by far the best-powered healthy-adult psychedelic trial in the lane with an objective executive-function readout. A dated prediction could claim whether psilocybin改 improves set-shifting (Berg perseverative errors) and bandit-task learning relative to placebo, and crucially whether blocking the subjective experience with risperidone abolishes any such effect — a second, independent test of the same experience-versus-pharmacology fork that RECAP2 probes with midazolam.","Independently fetched https://clinicaltrials.gov/api/v2/studies/NCT06768944 (HTTP 200) and parsed the raw JSON rather than relying on a summarizer. ID RESOLVES to exactly the described study: nctId NCT06768944, officialTitle a character-for-character match (""The Role of the Subjective Experience in Supporting Positive Effects Following Psilocybin: a Randomized, Controlled Clinical Trial Using Risperidone in Healthy Adults""), briefTitle ""Subjective Experience Following Psilocybin"", sponsor University of Calgary, Phase 2 interventional, n=128 estimated, single site Calgary Canada (RECRUITING). POPULATION is healthy adults: healthyVolunteers=true, minimumAge 18 Years, maximumAge 65 Years, sex ALL; inclusion states ""Individuals of all sexes, gender identities, and ethnicities"" and ""Ages 18 to 65 years of age at the time of screening""; exclusions include ""Any notable abnormality on electrocardiogram or routine medical blood or urinalysis laboratory tests"" and current MDD/GAD/panic/social anxiety/OCD; detailed description confirms participants ""do not meet criteria for any psychiatric diagnoses"". OBJECTIVE COGNITIVE OUTCOME is present: secondaryOutcomes[5] ""Cognitive Flexibility"" whose description begins verbatim ""The Berg Card Sorting Task is a set-shifting measure of cognitive flexibility modeled after the Wisconsin Card Sorting task"", with perseverative errors defined as scoring; and secondaryOutcomes[7] ""Reinforcement Learning"" using a three-armed bandit task ""in which participants must choose between three alternative targets whose values (probability of reward) changes over the trials"". Both CLAIMED QUOTES are literal matches, not paraphrases. The researcher's own flag that the PRIMARY outcome is self-report (Persisting Effects Questionnaire, 145 items, 12 sub-scales) and the cognitive measures are therefore SECONDARY is accurate and disclosed up front, so it is not a misdescription. INTERVENTION matches: PEX010 oral capsules manufactured with DS PYEX (12.5-14.0% psilocybin) in two product strengths (high-dose and low-dose arms), risperidone 1 mg capsules, and inactive placebo, in a 2x2 arm structure; the record indeed states no mg values for high/low, exactly as the researcher caveated, and briefSummary confirms risperidone is ""an atypical antipsychotic that block the subjective effects of psilocybin"". READOUT IS GENUINELY PENDING: overallStatus RECRUITING, startDate 2026-05-15 (ACTUAL), primaryCompletionDate 2027-12 (ESTIMATED), completionDate 2028-01 (ESTIMATED), lastUpdatePostDate 2026-09-02 (ACTUAL) — all matching the claim. hasResults=false, no resultsSection key, no resultsFirstPostDateStruct, so nothing is already published; against today's date 2026-09-20 the primary readout is over a year away. No discrepancy found in any claimed field. Confidence held just below 1.0 only for ordinary residual risk (registry record could be updated or the sponsor could later alter dates), not for any observed problem.",,,
glutamatergic,CONFIRMED,ClinicalTrials.gov,NCT07079852,https://clinicaltrials.gov/api/v2/studies/NCT07079852,"The Acute Effects of Psilocybin on Cognition, Memory, and Brain Function","Psilocybin 15 mg, described on the registration as 'a moderate psychoactive dose', versus an inactive placebo control condition.","Healthy adults aged 21-45 with 3-30 lifetime psychedelic uses. HealthyVolunteers flag = true; condition listed as 'Healthy'. Inclusion requires being psychiatrically healthy as assessed by the SCID-5 and medically healthy by physical exam and ECG, with BMI 19-30. Judgement: clean healthy-adult population.",48 (estimated enrolment),"'Memory accuracy from performance on a recognition memory test' — participants view a series of pictures and are later tested with previously seen pictures (targets) intermixed with new pictures (lures), responding whether each was seen before. This is an objective performance measure and it is a PRIMARY outcome. The second primary is the fMRI neural correlate of the same memory task. Time frame 8 weeks.",Not yet recruiting,Study start 2026-09; primary completion and study completion both 2028-08. Last update posted 2026-06-15.,"Primary outcome: ""Memory accuracy from performance on a recognition memory test"". Eligibility: ""Psychiatrically healthy (as assessed by the SCID-5)"".","This is the most on-the-nose trial in the lane — its stated purpose is psilocybin's acute effect on cognition and memory in healthy adults. A dated prediction could claim the sign of the 15 mg psilocybin effect on recognition-memory accuracy (target/lure discrimination) relative to placebo, which the 2028 readout would confirm or refute directly, with no outcome ambiguity to hide behind.","Re-fetched the record myself from the ClinicalTrials.gov v2 API (HTTP 200, 9,107 bytes raw JSON) rather than relying on a summary. The ID resolves to exactly the described study, not a different one: nctId NCT07079852, brief and official title both ""The Acute Effects of Psilocybin on Cognition, Memory, and Brain Function"", sponsor-investigator Manoj Doss (Assistant Professor, UT Austin), org study ID ""mindflux"", site = UT Austin Dell Medical School.

POPULATION is clean healthy-adult: healthyVolunteers = true, conditions = [""Healthy""], minimumAge 21 Years / maximumAge 45 Years. Inclusion criteria verbatim include ""3-30 lifetime psychedelic uses."", ""Psychiatrically healthy (as assessed by the SCID-5)."", ""Medically healthy (as assessed by a physical examination and ECG)."", and ""BMI between 19 and 30."" No patient indication anywhere; primaryPurpose is BASIC_SCIENCE.

COGNITIVE OUTCOME is present, objective, and primary: primaryOutcomes[0].measure = ""Memory accuracy from performance on a recognition memory test"", time frame 8 weeks, with the description specifying targets intermixed with lures, old/new responses, and Memory accuracy = hit rate - false alarm rate. That is a behavioral performance metric, not self-report. primaryOutcomes[1] = ""Neural correlates of memory as measured from fMRI"", also 8 weeks, matching the claimed second primary.

INTERVENTION matches: arm ""psilocybin"" = capsule containing 15 mg psilocybin, intervention description verbatim ""This is a moderate psychoactive dose.""; arm ""placebo"" = microcrystalline cellulose capsule, description ""This is an inactive control condition."" Double-blind, QUADRUPLE masking, randomized crossover, n=48 estimated, Phase 1/2.

READOUT IS GENUINELY PENDING: overallStatus = NOT_YET_RECRUITING, hasResults = false, startDateStruct 2026-09 (ESTIMATED), primaryCompletionDateStruct 2028-08 (ESTIMATED), completionDateStruct 2028-08 (ESTIMATED), lastUpdatePostDateStruct 2026-06-15 (ACTUAL). Against today's date of 2026-09-20 the study has not begun enrolling and primary completion is about two years out, so nothing is published and there is no termination or withdrawal. statusVerifiedDate 2026-06; studyFirstPostDate 2025-07-23.

Both CLAIMED QUOTES are verbatim in the record. Every date in the EXPECTED READOUT field is exact. I found no material discrepancy between the researcher's description and the registration. Note on method: the human-facing https://clinicaltrials.gov/study/NCT07079852 page returns only the JS app shell to a fetcher and yielded no study data — that is expected SPA behavior and is not evidence against the record; the API is the authoritative surface and returned the full protocol section. Minor cosmetic oddity, not a misdescription: the record still reads ""not yet recruiting"" although its estimated start month has just arrived, with status last verified 2026-06 — ordinary registry lag, and it matches rather than contradicts the claim. Confidence held just below 1.0 only because verification rests on a single registry source with no independent second source available.",,,
glutamatergic,CONFIRMED,ClinicalTrials.gov,NCT07449351,https://clinicaltrials.gov/api/v2/studies/NCT07449351,"Effects of Psilocybin Microdosing on Cognition, Mood and Quality of Life: A Pilot Study","2.0 mg powdered psilocybin derived from Psilocybe cubensis mushrooms, in capsules, three times weekly for four weeks, versus 0 mg matching placebo capsules on the same schedule.","Healthy adults aged 21-40 with no history of psychedelic use. HealthyVolunteers flag = true. Exclusions include current mood, developmental or psychotic disorders per DSM-5, current or past substance use disorder, IQ below 70 on the WASI, and serious medical/neurological illness. Judgement: clean healthy-adult population, and notably psychedelic-naive.",20 (estimated enrolment),"An unusually broad objective battery, all listed as PRIMARY outcomes: NIH Toolbox Cognition Battery (iPad-administered); Complex Working Memory Span (CWMS) task; Switching Stroop Test (response inhibition/interference control); Flanker Inhibitory Control and Attention Test (percent correct); Penn Conditional Exclusion Test (perseverative errors, z-scored); and Face Name Associated Memory Exam. Self-report measures (NEO-FFI, BDI, BAI, Harvard Flourishing, EMA) are also listed as primaries alongside these.",Not yet recruiting,Study start 2026-08-10; primary completion and study completion both 2028-04-01. Last update posted 2026-06-23.,"Intervention: ""2.0mg powdered psilocybin derived from Psilocybe cubensis mushrooms, in capsules, provided three times weekly for four weeks"". Primary outcome: ""NIH Toolbox Cognitive Battery"".","This is the microdosing case the project needs. A dated prediction could claim, before April 2028, that four weeks of 2 mg psilocybin three times weekly produces no detectable change versus placebo on the NIH Toolbox composite, Stroop and Flanker in psychedelic-naive healthy adults — the null that the existing microdosing literature implies but that has rarely been pre-registered against a specific objective battery. At n=20 the power is low, which itself makes the prediction sharper: a confident claim of a null is cheap, a confident claim of a detectable benefit is expensive.","Re-found the record myself via the ClinicalTrials.gov API v2 and verified field-by-field against raw JSON, not a summarizer.

VERIFICATION TRAIL (with controls, because my first read was misleading):
- An initial WebFetch returned a summary that matched the claim almost verbatim — I distrusted it, since a summarizer can parrot details supplied in the prompt.
- A raw curl to the scratchpad then appeared to return two DIFFERENT studies (NCT07079852, then NCT07732166) on re-reads of the same file. This turned out to be a scratchpad filename collision (the file I re-read was 22821 bytes vs. the 12819 curl actually downloaded), not a registry problem.
- Controls: NCT09999999 → HTTP 404 ""NCT number NCT09999999 not found""; NCT04099277 → correct unrelated study. So the endpoint does discriminate real from fake IDs.
- Two fresh full pulls of NCT07449351 were byte-identical (12819 bytes, md5 ee1ead3f...) and contained NCT07449351 as the only NCT string in the document.
- Independent cross-check via the API search endpoint (separate code path): query.titles → exactly one hit, NCT07449351 | ""Psilocybin Microdosing on Cognition, Mood and Quality of Life"" | NOT_YET_RECRUITING | Yale University. (The human-readable /study/ page is a JS-rendered SPA and returned only the shell — inconclusive, not contradictory.)

FIELD CHECKS — all match the claim:
- Official title: ""Effects of Psilocybin Microdosing on Cognition, Mood and Quality of Life: A Pilot Study"". Sponsor Yale University. EARLY_PHASE1, n=20 estimated. First posted 2026-03-04.
- Intervention description verbatim: ""2.0mg powdered psilocybin derived from Psilocybe cubensis mushrooms, in capsules, provided three times weekly for four weeks"", vs ""0mg matching capsules"" on the same schedule. Claimed quote is an exact string match.
- Population: healthyVolunteers = true; ages 21–40 Years; sex ALL. Inclusion ""No history of psychedelic use"" (psychedelic-naive confirmed). Exclusions confirmed verbatim: current mood/developmental/psychotic disorders per DSM-V; current or past alcohol or substance use disorder; ""IQ <70 on the Weschler Abbreviated Scale of Intelligence""; serious medical/neuro-ophthalmological/neurological illness. Clean healthy-adult population — NOT a patient trial.
- Objective cognitive outcomes present as PRIMARY: NIH Toolbox Cognitive Battery (iPad), Complex Working Memory Span (CWMS) task, Switching Stroop, Flanker Inhibitory Control and Attention (percent correct), Penn Conditional Exclusion Test (perseverative errors, z-scored), Face Name Associated Memory Exam. Passes the objective-cognition requirement easily.
- Pending readout: overallStatus NOT_YET_RECRUITING; hasResults = false; no resultsSection in the payload; primary completion and study completion both 2028-04-01 (ESTIMATED); last update posted 2026-06-23 (ACTUAL). All four dates match the claim exactly. Today is 2026-09-20, so the readout is ~19 months out.

IMMATERIAL DISCREPANCIES (not enough for REJECT_MISDESCRIBED, flagged for honesty):
- The record actually lists 14 primary outcomes; the claim enumerated 11. The claim omits ""9-hole pegboard dexterity test"" and ""Neurite Orientation Dispersion and Density Imaging (NODDI)"". Omission, not misstatement — and the claim's characterization ""unusually broad objective battery, all listed as PRIMARY"" is if anything understated.
- The registry itself contains two data-entry errors of its own: the drug name is misspelled ""Psliocybin"", and a second duplicate ""NIH Toolbox Cognitive Battery"" entry carries the 9-hole pegboard description. These are the registrant's errors, not the researcher's.
- CWMS is specifically registered as an fMRI measure (""The Complex Working Memory Span (CWMS) Task- fMRI measure""); the claim describes it as a task without the fMRI framing.
- Worth monitoring: the estimated start date of 2026-08-10 has already passed while status remains ""Not yet recruiting"" (last updated 2026-06-23). This is ordinary registry lag and does not indicate abandonment, but the start date is now stale.

All four reject conditions fail: the ID resolves and is not a different study, the population is healthy volunteers, objective cognitive outcomes are present, and no results exist.",,,
glutamatergic,CONFIRMED,ClinicalTrials.gov,NCT07732166,https://clinicaltrials.gov/api/v2/studies/NCT07732166,Changes in Self-awareness Induced by Psychoactive Substances: an Experimental Study With Psilocybin.,"Psilocybin (Usona Institute), 3 x 5 mg capsules (15 mg total, cGMP), versus an active-placebo comparator of niacin 100 mg plus 2 x 25 mg microcrystalline cellulose inert placebo capsules.","Healthy adults aged 21-60, minimum eight years of schooling, fluent in Portuguese. HealthyVolunteers flag = true; condition listed as 'Healthy Adults'. Judgement: clean healthy-adult population.",100 (estimated enrolment),"FLAG — BORDERLINE ON DOMAIN, include or discard with this in view. The primary outcome is 'Changes in global metacognitive judgment using the Computerized Success-Failure Manipulation Paradigm', a computerized task that uses a titration procedure to establish each participant's reaction-time threshold and then manipulates success/failure. It is an objective, performance-based, reaction-time-anchored paradigm, but metacognition is not squarely one of the named target domains (memory, attention, executive function, processing speed, learning). The secondaries do include a conventional objective attention/executive task — 'Changes in the Eriksen Flanker Task adapted to measure Sense of Agency' — though it is adapted away from its standard scoring.",Recruiting,Study start 2026-04-01; primary completion 2027-08-01; study completion 2027-12-01. Last update posted 2026-07-28.,"""The success-failure manipulation (SFM) task is a computerized paradigm designed to study metacognition.""","A dated prediction could claim whether 15 mg psilocybin shifts global metacognitive judgement — self-assessed competence after manipulated success and failure — away from placebo in healthy adults, and whether performance on an adapted Flanker task moves with it. Weaker as a pure cognitive-enhancement test than the other eight, but it is well powered at n=100, uses an active placebo, and would falsify a strong 'psychedelics recalibrate self-assessment' prediction.","Re-found independently via the ClinicalTrials.gov v2 API (HTTP 200, raw JSON parsed, versionHolder 2026-09-18) plus a second independent fetch of the same record. The ID resolves to exactly this study, not a different one: NCT07732166, briefTitle and officialTitle both ""Changes in Self-awareness Induced by Psychoactive Substances: an Experimental Study With Psilocybin."" (trailing period included). Sponsor Pontificia Universidade Catolica do Rio de Janeiro, PI Daniel Correa Mograbi, site Centro de Pesquisas Matteo Ricci, Rio de Janeiro, Brazil, org study ID 54547221.1.0000.5263 (Brazilian CAAE, consistent with the site).

POPULATION: healthyVolunteers=true, minimumAge 21 Years, maximumAge 60 Years, sex ALL, conditionsModule conditions=[""Healthy Adults""], keywords Psilocybin/Self-awareness. Inclusion confirms minimum eight years of schooling and Portuguese fluency. Exclusions remove primary psychotic disorder, schizophrenia spectrum, bipolar, major depression, first-degree-relative psychosis, TBI/stroke/epilepsy/cardiovascular disease, prior psilocybin use. Clean healthy-adult sample, not a patient sample.

INTERVENTION: matches the claim verbatim in the record — DRUG ""Psilocybin (Usona Institute)"" described as ""3x 5mg capsules of Psilocybin (cGMP)""; comparator DRUG ""Niacin 100 mg"" described as ""1x capsule 100mg Niacin (cGMP) + 2x 25mg Capsules of MCC Inert Placebo"". The brief summary independently corroborates the 15 mg total and the design (100 participants, n=50 psilocybin vs n=50 active placebo niacin 100 mg).

COGNITIVE OUTCOME: present. Primary is ""Changes in global metacognitive judgment using the Computerized Success-Failure Manipulation Paradigm."" — objective, performance-based, with a titration procedure anchoring each participant's reaction-time threshold. The researcher's borderline flag on the primary domain is reasonable but understates the case: the secondaries include ""Changes in an Online Paradigm of Self-reference Effect"", whose description specifies memory tested via free recall or recognition — a conventional objective MEMORY outcome inside the named target domains and not adapted away from standard scoring. Also objective: Heartbeat Discrimination Task (confidence-accuracy correlation), Intentional Binding paradigm, and ""Changes in the Eriksen Flanker Task adapted to measure Sense of Agency"" (congruent/neutral/incongruent flankers, i.e. attention/executive conflict, though scored for agency rather than standard interference). So the criterion is satisfied on firmer ground than the primary alone.

PENDING READOUT: overallStatus=RECRUITING, hasResults=false, no resultsSection. startDateStruct 2026-04-01 type ACTUAL; primaryCompletionDateStruct 2027-08-01 ESTIMATED; completionDateStruct 2027-12-01 ESTIMATED; studyFirstPostDate and lastUpdatePostDate both 2026-07-28 ACTUAL. Against today's date of 2026-09-20, primary completion is roughly eleven months out. Not terminated, withdrawn, suspended, or abandoned.

CLAIMED QUOTE: verified byte-for-byte by grepping the raw JSON. The primary outcome description begins ""The success-failure manipulation (SFM) task is a computerized paradigm designed to study metacognition."" — exact match, no paraphrase.

Every checkable detail in the researcher's description is accurate; nothing material is wrong. Confidence held just below 1.0 only because a single registry snapshot is one source and registry records can be revised, not because any element failed verification.",,,
glutamatergic,CONFIRMED,ClinicalTrials.gov,NCT07818564,https://clinicaltrials.gov/api/v2/studies/NCT07818564,Pilot Study on the Effects of Psilocybin on Belief Updating and Insight Formation,"Single dose of psilocybin 25 mg oral capsule (Usona Institute) versus inactive placebo, microcrystalline cellulose 25 mg capsule.","Healthy adult volunteers aged 18 and over. HealthyVolunteers flag = true. The brief summary states the aim is to evaluate psilocybin's effects on cognition in healthy adult volunteers. Exclusions include any current clinically significant psychiatric episode not in full remission, alcohol or substance use disorder in the past year, and regular psychoactive medication within 3 months. Condition field reads only 'Phase I'. Judgement: clean healthy-adult population — I checked the brief summary and full exclusion list specifically because the condition field was uninformative.","24 (estimated enrolment, 'up to 24 participants')","Two objective computer-based behavioural tasks, both PRIMARY: (1) 'Reinforcement Learning and Abstraction Task' — a custom puzzle-based task that the registration states requires working memory and reinforcement learning and includes a measure of state abstraction; (2) 'Belief Updating Task' — a custom task in which participants dynamically adjust predictions each trial, measuring trial-to-trial belief updating. Assessed 1 day before dosing, during dosing, and 1 day after.",Not yet recruiting,Study start 2026-11; primary completion and study completion both 2027-11. Last update posted 2026-09-14.,"""The primary aim of this phase I mechanistic pilot study is to evaluate the effects of psilocybin on aspects of cognition in healthy adult volunteers.""","A dated prediction could claim, before November 2027, whether psilocybin acutely degrades or enhances working-memory-dependent reinforcement learning and whether it increases trial-to-trial belief-updating rate — the latter being the concrete behavioural form of the widely asserted but rarely pre-registered 'psychedelics loosen priors' claim. It is scoreable in both directions and the two tasks can dissociate.","Re-fetched the record myself, twice, by two independent paths: WebFetch on https://clinicaltrials.gov/api/v2/studies/NCT07818564 and a direct curl of the same v2 API endpoint (HTTP 200). Both returned the same record; raw JSON saved at C:\Users\PIERCE~1\AppData\Local\Temp\claude\C--Users-Pierce-Lonergan--claude-worktrees-momentum-x-fervent-ellis\c30642b5-c7a8-4a14-b253-20ba2ada5973\scratchpad\skeptic_7818564_unique.json.

ID RESOLVES: nctId = NCT07818564, briefTitle and officialTitle both ""Pilot Study on the Effects of Psilocybin on Belief Updating and Insight Formation"" — exact match to the claim. Lead sponsor Brown University, org study ID STUDY00001310, PHASE1, interventional, randomized parallel, triple-masked, basic science, n=24 estimated.

INTERVENTION: armGroups = Psilocybin 25 mg oral capsule (Drug: Psilocybin (Usona Institute)) vs Inert Placebo, ""1 dose of Microcrystalline Cellulose (MCC) 25 mg capsule"" (Usona Institute). Matches exactly.

POPULATION = HEALTHY ADULTS: healthyVolunteers = true; minimumAge ""18 Years"", no maximum, stdAges ADULT + OLDER_ADULT; conditions field literally [""Phase I""] with keywords including ""healthy volunteers"". I read the full eligibility text rather than trusting the uninformative condition field: inclusion #5 requires participants ""be healthy and psychologically stable"" per medical/psychiatric screening, ECG and labs; exclusion #20 excludes any current clinically significant psychiatric episode ""that is not in full remission""; #16 excludes alcohol/substance use disorder in the past 1 year; #19 excludes regular primary psychoactive medication within 3 months. All three specific exclusions the researcher cited are present verbatim in substance. This is a clean healthy-volunteer sample, not a patient sample.

OBJECTIVE COGNITIVE OUTCOME: two primaryOutcomes, both behavioural-performance tasks, not self-report. (1) ""Reinforcement Learning and Abstraction Task"" — ""Custom computer-based behavioral task requiring participants to complete a series of puzzles... requires working memory and reinforcement learning, and it also includes a measure of state abstraction."" (2) ""Belief Updating Task"" — ""Custom computer-based behavioral task in which participants must dynamically adjust predictions on each trial. This task measures trial to trial belief updating."" The 18 secondary outcomes are all subjective/safety scales (ASC, MEQ, PIQ, EBI, CEQ, WEMWBS, CADSS, C-SSRS, etc.), so the objective cognitive measures are precisely the primaries.

READOUT GENUINELY PENDING: overallStatus NOT_YET_RECRUITING; startDate 2026-11 (ESTIMATED), primaryCompletionDate 2027-11 (ESTIMATED), completionDate 2027-11 (ESTIMATED), lastUpdatePostDate 2026-09-14 (ACTUAL), studyFirstPostDate 2026-09-14, statusVerified 2026-08. hasResults = false. Every date in the claim matches the registry field-for-field. Today is 2026-09-20, so dosing has not even begun — nothing is published and nothing can be.

QUOTE: brief summary opens ""The primary aim of this phase I mechanistic pilot study is to evaluate the effects of psilocybin on aspects of cognition in healthy adult volunteers."" — verbatim match.

ONE MINOR IMPRECISION (not material, does not change the verdict): the claim gives a single combined assessment schedule ""1 day before dosing, during dosing, and 1 day after"" for both primaries. That is exact for the Belief Updating Task, but the Reinforcement Learning and Abstraction Task's registered time frame is only ""During dosing session and 1 day after the dosing session"" — no pre-dose administration. A summarization artifact, not a misdescription of substance.

PROCESS NOTE ON RELIABILITY: my first parse was polluted — a generically named scratchpad file (nct.json) in a shared scratchpad was overwritten between my write and my read by a concurrent process, and briefly showed an unrelated study (NCT07732166, fMRI/CWMS/NIH-Toolbox). I caught this by checking NCT IDs inside the file, re-fetched to a uniquely named file, and the clean re-fetch reproduced the claimed record exactly. The confirmation rests on the clean re-fetch plus the independent WebFetch, which agree on every field. Confidence 0.95 rather than higher only because the sole caveat on ""pending"" is the usual one: a not-yet-recruiting study could in principle be withdrawn before it ever reads out.",,,
hormonal,CONFIRMED,PROSPERO,CRD420261280163,https://www.crd.york.ac.uk/PROSPERO/view/CRD420261280163,The Impact of Exogenous Oxytocin and Tachykinin Interventions on Social Activity-Related Cognitive Functions: A Meta-Analysis of Randomized Controlled Trials,"Exogenous oxytocin (registration lists interventions as ""Oxytocin; Social Support"") versus placebo. Randomised trials only. Dose and route are not specified in the registration. Both published and unpublished studies will be sought.","HEALTHY ADULTS as stated by the registrants - the Population field reads, in full, ""Healthy population( No cognitive impairment)"". That is an explicit healthy, cognitively-unimpaired restriction. Caveat: the registration is terse throughout and gives no age range or further characterisation, so 'healthy' is the registrants' assertion rather than a detailed eligibility specification.",Not stated - target number of included studies or participants is not pre-specified.,"Stated only as ""Cognitive Level Score ;Cognitive Assessment Scale"", with ""Participation in Social Activities"" as an additional outcome. WEAKNESS TO NOTE: this wording does not name a specific instrument, so while it implies an administered cognitive assessment rather than self-report, it is too vague to pin a tight prediction to a particular test. Synthesis via RevMan with forest plots, sensitivity and heterogeneity analysis.","Registered; review status ""The review is currently planned or ongoing."" No review stage marked started.","Registration states ""Start date: 7 January 2026. End date: 1 April 2026."" Date of registration in PROSPERO 07 January 2026. The stated end date has already passed without publication, so this is an overdue-but-outstanding readout rather than a forward-dated one.","Population: ""Healthy population( No cognitive impairment)""; Main outcomes: ""Cognitive Level Score ;Cognitive Assessment Scale""","A dated prediction would claim whether this meta-analysis, when it appears, reports a significant pooled effect of exogenous oxytocin on cognitive-assessment scores in healthy people - and given that my sweep of the whole open oxytocin trial literature found the endpoints are overwhelmingly social-affective rather than cognitive-performance, the project can predict in advance that the pooled cognitive evidence base will be thin, heterogeneous, or too sparse to pool.","Independently re-found the record, not taken on trust. The plain URL returns only a React shell (WebFetch saw an empty ""PROSPERO"" header), so I extracted the frontend bundle's API base (https://www.crd.york.ac.uk/PROSPERO/api/) and its auth scheme (header `prospero-auth-token` = base64 of epoch-ms), then hit the public record endpoint `api/view/CRD420261280163/0/0` (HTTP 200, 33,128 bytes). I also ran the public search API with a known-good control ID (CRD42015027864) to prove the lookup path actually discriminates, and re-fetched the record to a fresh uniquely-named file after a stale scratchpad file produced one inconsistent grep hit (""cocoa""); the clean re-fetch reproduced byte-identical size and all target strings, with ""cocoa"" absent.

ID RESOLVES, SAME STUDY: search API returns exactly one hit, _id 1280163, RIS record ""ID - CRD420261280163"", authors ""Menghan Li; lane zhang"", DP 07/01/2026, title matching the claim verbatim: ""The Impact of Exogenous Oxytocin and Tachykinin Interventions on Social Activity-Related Cognitive Functions: A Meta-Analysis of Randomized Controlled Trials"". Affiliation Shandong Second Medical University, China; guarantor Professor lane zhang. Note the 12-digit suffix initially looked malformed against the older 11-digit CRD pattern, but it is genuine — 2026 records use a 7-digit sequence. I did not reject on that surface feature.

FIELD-BY-FIELD, all verbatim from the live record:
- Population: ""Healthy population( No cognitive impairment)"" — exact match, including the missing space before the parenthesis. Explicitly healthy and cognitively unimpaired, so not a patient population.
- Intervention: ""Oxytocin; Social Support""; Comparator ""PICO tags selected: Placebo""; ""Only randomized study types will be included.""; ""Randomized controlled trial (RCT), with an experimental group and a control group""; ""Both published and unpublished studies will be sought."" No dose or route stated. All as claimed.
- Primary outcome: ""Cognitive Level Score ;Cognitive Assessment Scale"" — exact match including the stray space before the semicolon. Secondary: ""Participation in Social Activities"". Synthesis ""using Review Manager (RevMan) software"", sensitivity and heterogeneity analysis, forest plots, plus publication-bias assessment and GRADE.
- Status: PublicationStatus ""Registered"", RecordStatusID 0, RecordStatusMessage empty, no withdrawal marker anywhere in the payload; ""The review is currently planned or ongoing.""; every review-stage cell (pilot work, searching, screening, extraction, risk of bias, synthesis) is blank — nothing marked started.
- Dates: ""Start date: 7 January 2026. End date: 1 April 2026.""; date of registration 07 January 2026. Exact match.
- MeSH: Attention; Cognition; Humans; Neuropeptides; Oxytocin; Randomized Controlled Trials as Topic; Social Participation; Tachykinins.

PENDING: end date 1 April 2026 has passed as of today 2026-09-20 with ""Results of the review will be published"" still outstanding, no results section, and no review stage started — overdue but outstanding, exactly as the claim characterises it. A targeted search for a published Menghan Li meta-analysis on this topic found nothing, so REJECT_ALREADY_PUBLISHED does not apply.

Two soft spots, both of which the claim itself already discloses rather than papers over, so neither rises to REJECT_MISDESCRIBED: (1) the registration says ""Healthy population"" but never states an age range, so ""healthy ADULTS"" is an inference — the background's framing around population aging makes adults likely but it is not specified, and it could in principle admit non-adults; (2) ""Cognitive Level Score ;Cognitive Assessment Scale"" implies an administered cognitive assessment rather than self-report, but names no instrument, so an objective cognitive outcome is present in kind while being too vague to pin a tight prediction to. Confidence held at 0.88 rather than higher because of these two under-specifications in the source registration, not because of any doubt that the record exists and is pending.",,,
hormonal,CONFIRMED,PROSPERO,CRD420261431354,https://www.crd.york.ac.uk/PROSPERO/view/CRD420261431354,Type of Progestogen in Menopausal Hormone Therapy and Cognitive Function After Menopause: A Systematic Review and Meta-analysis,"Combined menopausal hormone therapy regimens in which a progestogen is given alongside oestrogen, with the progestogen component separately identifiable. Named classes include micronised progesterone (oral/vaginal), pregnanes (MPA, dydrogesterone, nomegestrol, cyproterone, chlormadinone), norpregnanes (promegestone, trimegestone, nestorone), estranes (norethisterone, NETA, lynestrenol), gonanes (levonorgestrel, desogestrel, gestodene, norgestimate), dienogest and drospirenone. Frequentist network meta-analysis with placebo/no-treatment as reference node; minimum follow-up 12 weeks.","HEALTHY ADULTS - good fit. Peri- and postmenopausal women of any age (natural, surgical or iatrogenic menopause). The review explicitly excludes established dementia or major neurocognitive disorder at baseline, MCI at baseline (sensitivity analysis only), pre-existing neurological conditions (Parkinson's, MS, epilepsy, stroke with cognitive sequelae, TBI), and psychiatric disorders with cognitive impairment as a core feature - so the analysed population is cognitively healthy menopausal women. Subgroups of interest include premature ovarian insufficiency and early menopause.",Not stated - number of included studies and pooled participants is not pre-specified in the registration.,"Main outcome 2 is ""Global cognitive function - Composite or summary score of overall cognitive performance assessed by a validated instrument (e.g., MMSE, MoCA, 3MS, ADAS-Cog)"", pooled as standardised mean difference (main outcome 1 is incident dementia). Additional outcomes name the domains directly: ""verbal and episodic memory, executive function, processing speed and attention, working memory, verbal fluency, visuospatial function"". Certainty rated with GRADE; node-splitting for inconsistency.","Registered; review status recorded as ""The review is currently planned or ongoing."" Only pilot work is marked started - formal searching, screening, extraction, risk-of-bias and synthesis are all unstarted as of the registration.","Registration states ""Review start date: 1 July 2026. Review end date: 22 December 2026."" Date of first submission to PROSPERO 26 June 2026; date of registration 07 July 2026. Not yet published.","""To evaluate the effect of the progestogen component of menopausal hormone therapy (MHT) on cognitive outcomes and dementia risk in peri- and postmenopausal women, and to compare the relative effects of different progestogen types, doses, and routes of administration using a network meta-analytic framework.""","A dated prediction would claim, before 22 December 2026, whether the network meta-analysis finds any progestogen class separating from placebo or from oestrogen-only MHT on global cognition SMD - and, more sharply, whether micronised progesterone beats medroxyprogesterone acetate, which is the specific clinical belief this review exists to test.","I retrieved the record myself rather than trusting the description. The PROSPERO site is now a React SPA, so plain WebFetch/curl of https://www.crd.york.ac.uk/PROSPERO/view/CRD420261431354 returns only an empty shell (title ""PROSPERO""), and the browser pane was blocked. I therefore read the SPA bundle (/PROSPERO/static/js/main.*.js), found the API base https://www.crd.york.ac.uk/PROSPERO/api/ and the required header (prospero-auth-token = base64 of epoch-ms), and called /PROSPERO/api/view/CRD420261431354 with that header. I validated the method first against a known-good control ID (CRD42024559392, which returned an unrelated appendicectomy-antibiotics review), so a hit is not an artifact of the endpoint echoing whatever ID it is given.

Note: my prior ID-format heuristic (CRD4 + year + 6 digits) would have flagged this 7-digit ID as malformed; 2026 records in fact use 7 digits (the record's own similar-records list contains CRD420261347822, CRD420261422915, CRD420261401179, etc.). Checking beat the heuristic.

The record resolves and matches:
- Title verbatim: ""Type of Progestogen in Menopausal Hormone Therapy and Cognitive Function After Menopause: A Systematic Review and Meta-analysis"" (Alexandrou, Armeni, Antoniou, Lambrinoudaki; Athens / Thessaloniki / Birmingham; guarantor Lambrinoudaki).
- Claimed objective quote is verbatim the record's ""Primary objectives"" text, word for word.
- Population: peri- and postmenopausal women (natural, surgical, iatrogenic), any age; exclusions exactly as claimed - established dementia/major neurocognitive disorder, MCI at baseline (sensitivity analysis only), Parkinson's/MS/epilepsy/stroke with cognitive sequelae/TBI, psychiatric disorders with core cognitive impairment. Analysed population is cognitively healthy menopausal women, not a cognitively impaired patient cohort. Subgroups include POI/early menopause, as claimed.
- Objective cognitive outcome present: Main outcome 2 ""Global cognitive function - Composite or summary score of overall cognitive performance assessed by a validated instrument (e.g., MMSE, MoCA, 3MS, ADAS-Cog)"", pooled as SMD; main outcome 1 is incident dementia; additional outcomes list verbal/episodic memory, executive function, processing speed and attention, working memory, verbal fluency, visuospatial function - verbatim. GRADE certainty and node-splitting for inconsistency both confirmed.
- Intervention: combined MHT with separately identifiable progestogen; every named class checks out (micronised progesterone oral/vaginal; pregnanes MPA, dydrogesterone, nomegestrol, cyproterone, chlormadinone; norpregnanes promegestone, trimegestone, nestorone; estranes NET/NETA/lynestrenol; gonanes LNG, desogestrel, gestodene, norgestimate; dienogest; drospirenone). Frequentist NMA in Stata (network/mvmeta) with placebo or no treatment as reference node; studies with follow-up under 12 weeks excluded.
- Status: PublicationStatus ""Registered"", version 1.0 published 07 Jul 2026, no previous versions, not withdrawn; stage table shows Pilot work started only - formal searching, screening, extraction, risk of bias and synthesis all unstarted; ""The review is currently planned or ongoing.""
- Dates: ""Date of first submission to PROSPERO 26 June 2026"", ""Date of registration in PROSPERO 07 July 2026"", ""Review start date: 1 July 2026. Review end date: 22 December 2026."" All exactly as claimed.
- Readout genuinely pending: today is 2026-09-20, before the 22 Dec 2026 end date, with only pilot work done. A web search found no published results from this team for this review; the similar-looking published item (Middle East Current Psychiatry, timing-hypothesis/route MHT-cognition meta-analysis) is a different registration, CRD420261347822, which this record itself lists as ""not similar"".

No material detail in the description is wrong, so no REJECT_MISDESCRIBED. Confidence is 0.93 rather than higher only because I read the record through the site's JSON API rather than the rendered page, and because ""healthy adults"" for a menopausal MHT-using population is a judgement call - though the explicit baseline exclusions make it a good fit.",,,
hormonal,CONFIRMED,ClinicalTrials.gov,NCT05519644,https://clinicaltrials.gov/study/NCT05519644,Strategies to Augment Ketosis: Ketone Conferred Resiliency Against Sleep Restriction (STAK-Sleep),"Exogenous ketone ester taken twice daily during short-term sleep restriction. The registry describes it as ""a diester of hexanoic acid (a ketogenic medium chain fatty acid) and (R)-1,3 butanediol (C6 Di-ester)"". Per-dose amount not stated; protocol runs up to about 4 weeks with controlled feeding.","HEALTHY ADULTS - clean fit. Healthy-volunteers flag true; ages 18-40. Inclusion requires no health condition preventing completion; exclusions remove BMI>35, diagnosed sleep disorders (apnoea, insomnia), diabetes or metabolic dysfunction, major psychiatric disorders, GI disorders and recent ketogenic dieting. Sleep restriction is an experimental manipulation applied to healthy people, not a patient characteristic. Oriented toward military-relevant performance.",60 (ESTIMATED enrolment),"Objective cognition is PRIMARY here, which is unusual and valuable. Named primary measures: ""Automated Neuropsychological Assessment Metrics (ANAM)"", ""Cambridge Neuropsychological Test Automated Battery. (CANTAB)"", ""Gradual-onset Continuous Performance Task (GRAD-CPT"" and ""Face-Name Task"" (all time-framed ""Up to ~4 weeks""), alongside separate marksmanship and jump-power primaries.",ACTIVE_NOT_RECRUITING,Primary completion date 2026-09 (ESTIMATED); study completion date 2026-09 (ESTIMATED); start date 2023-06-20 (ACTUAL); last update posted 2026-06-01. hasResults is false. This is the nearest-term readout in the lane - the estimated completion month is the current month.,"""The main purpose of this study is to examine if ingesting a ketone ester supplement, twice daily, can improve cognitive and physical performance during short-term sleep restriction.""","A dated prediction would claim, before September 2026 closes, whether a twice-daily C6 ketone di-ester rescues ANAM/CANTAB/GRAD-CPT performance under sleep restriction in 60 healthy 18-40 year-olds - a state-restoration claim that is far more likely to succeed than a true enhancement claim, so it cleanly separates the two hypotheses the project needs to keep apart.","Re-found independently via direct ClinicalTrials.gov API v2 fetch (not the rendered page), cross-checked against Europe PMC.

ID RESOLVES, CORRECT STUDY: NCT05519644 = ""Strategies to Augment Ketosis: Ketone Conferred Resiliency Against Sleep Restriction"", acronym STAK-Sleep, sponsor Ohio State University, PI Jeff S. Volek, DoD award W81XWH-22-1-0867. Not a fabrication.

POPULATION = HEALTHY ADULTS: eligibilityModule healthyVolunteers=true, minimumAge 18 Years, maximumAge 40 Years, sex ALL. Exclusions match the claim (BMI>35, diagnosed sleep disorders, diabetes/metabolic, psychiatric, GI, current ketogenic diet, pregnancy). Sleep restriction is an applied experimental manipulation (50% reduction x 4 consecutive nights), not a patient characteristic. Condition field lists ""Sleep Deprivation"" but that is the manipulation, not a recruited disease population.

OBJECTIVE COGNITION IS PRIMARY: 10 primary outcomes total; #1 ANAM, #2 CANTAB, #3 GRAD-CPT, #4 Face-Name Task, all time-framed ""Up to ~4 weeks"". Descriptions confirm genuine objective batteries (reaction time, processing speed, executive function, Go/No-Go attentional control, episodic face-name associative memory). Primaries #5-9 are VirTra marksmanship metrics, #10 is ""Power Outcome (QuickBoard)"".

DATES ALL VERIFIED EXACTLY: overallStatus ACTIVE_NOT_RECRUITING; statusVerifiedDate 2026-05; startDate 2023-06-20 ACTUAL; primaryCompletionDate 2026-09 ESTIMATED; completionDate 2026-09 ESTIMATED; lastUpdatePostDate 2026-06-01 ACTUAL. No results section posted. Enrollment 60 ESTIMATED. Design: randomized, double-blind, placebo-controlled, two-period crossover, Phase NA, primaryPurpose BASIC_SCIENCE.

QUOTE IS VERBATIM EXACT: the brief summary's second paragraph reads precisely ""The main purpose of this study is to examine if ingesting a ketone ester supplement, twice daily, can improve cognitive and physical performance during short-term sleep restriction."" Intervention text is also verbatim: ""Participants will take a diester of hexanoic acid (a ketogenic medium chain fatty acid) and (R)-1,3 butanediol (C6 Di-ester) during one of the trial interventions"". Per-dose amount is indeed not stated in the registry. Controlled feeding is confirmed (Diet intervention: same meals for all subjects, caffeine controlled, food provided each intervention week).

CAVEAT THE CLAIM OMITS (reason confidence is 0.88, not higher): Europe PMC returns exactly one publication citing this NCT -- ""Supplementation With Ketogenic Precursors Enhances Virtual Reality Shooting Performance During Sleep Restriction: A Randomized, Placebo-Controlled, Crossover Trial"", Military Medicine, doi 10.1093/milmed/usag429, first published 2026-09-17 (three days before this check). It reports n=32 healthy volunteers (16 women), complete two-sequence crossover, and covers primary outcomes #5-9 (the marksmanship set), finding 8% greater Hit Factor, 7% faster completion, 1% higher accuracy, 7% greater throughput, plus 13% more deep sleep. It explicitly does NOT report ANAM, CANTAB, GRAD-CPT or Face-Name; its own abstract frames shooting performance as the previously unevaluated endpoint. The registry's referencesModule links no publications at all.

I did NOT reject on REJECT_ALREADY_PUBLISHED because the cognitive readout specifically -- the lane in question -- remains unpublished in any venue and unposted on the registry. Something real is still left to predict. But the forecaster should know that (a) the underlying dataset for at least 32 participants is already collected, unblinded and analyzed, so a cognition paper could appear on a short fuse and is not gated by the 2026-09 completion estimate, and (b) the 2026-09 ESTIMATED primary completion date is therefore likely stale/conservative rather than a true data-lock date.

TWO MINOR IMPRECISIONS, neither material to the verdict: (1) the publication identifies the compound as bis-octanoyl (R)-1,3-butanediol (BO-BD) at 25 g per dose -- octanoyl is C8, which contradicts the registry's own ""hexanoic acid / C6 Di-ester"" wording. The claim quoted the registry faithfully, so this is a registry-side error, not a claim error, but the stated chemistry is probably wrong. (2) ""jump-power primaries"" is loose: primary #10 is ""Power Outcome (QuickBoard)"", an upper/lower body reaction test; the AMTI force-plate repetitive jump test appears as a listed measure but is not the named primary.

Also disambiguated from the sibling registration NCT06075914 (STAK-Sleep + Feed, 5 days restriction, still RECRUITING, completion 2027-02) -- the publication's ""four consecutive nights"" matches NCT05519644, not the sibling.",,,
hormonal,CONFIRMED,ClinicalTrials.gov,NCT06530459,https://clinicaltrials.gov/study/NCT06530459,"The MUSE Study for Menopausal Arthralgia (official: ""The MUScle Strengthening Exercises and Estrogen (MUSE) Randomized Controlled Trial for Menopausal Arthralgia"")","Menopausal hormone therapy: ""17beta-estradiol topical gel (1.25-2.5 gms) applied daily"" plus ""micronized Progesterone 200mg daily for 12 days each month"", for 12 weeks. Four arms: exercise alone, MHT alone, MHT + strength training, and standard care. The compound-plus-training arm is the design the brief flags as especially interesting.","BORDERLINE-HEALTHY, stated explicitly. Healthy-volunteers flag is true; women only, ages 30-59. Participants are menopausal/perimenopausal women with multi-site arthralgia of at least 3 months - so they are symptomatic for joint pain but are not a cognitive, neurological or psychiatric patient group. Exclusions remove ""History of thrombo-embolic diseases, strokes, ischemic heart disease, dementia or psychiatric disorders"", active malignancy, recent hormone therapy, current smoking and BMI>35. Judgement: cognitively healthy adults, with an arthralgia inclusion criterion that should be stated in any prediction.",100 (ESTIMATED enrolment),"Cognition is secondary. The objective measure is ""Changes in verbal memory measured using the Hopkins Verbal Learning Test"" at 12 weeks. The primary outcome is unrelated - relative change in perceived arthralgia on the 10-item Orebro Musculoskeletal Pain Screening Questionnaire. Other secondaries are handgrip strength, isokinetic knee extension, physical performance battery, Menopause Rating Scale, PSQI, GAD-7, CES-D, SF-12 and HOMA-IR.",RECRUITING,"Primary completion date 2027-04 (ESTIMATED); study completion date 2028-04 (ESTIMATED); start date 2024-08-01 (ESTIMATED); last update posted 2024-07-31. hasResults is false. Note the record has not been updated in over two years, so the dates carry more than usual uncertainty.","""17beta-estradiol topical gel (1.25-2.5 gms) applied daily"" ... ""Changes in verbal memory measured using the Hopkins Verbal Learning Test""","A dated prediction would claim, before the April 2027 primary completion, whether 12 weeks of transdermal estradiol plus cyclic micronised progesterone shifts Hopkins Verbal Learning Test scores in menopausal women - and because one arm adds strength training, the project can separately predict whether the compound-plus-training arm exceeds either component alone, which is the interaction question the lane brief singles out.","Re-found independently via the ClinicalTrials.gov API v2 (https://clinicaltrials.gov/api/v2/studies/NCT06530459?format=json), parsed raw rather than relying on a summarizer, and cross-checked against CenterWatch and Veeva CTV mirrors.

ID RESOLVES, SAME STUDY: NCT06530459 = brief title ""The MUSE Study for Menopausal Arthralgia""; official title ""The MUScle Strengthening Exercises and Estrogen (MUSE) Randomized Controlled Trial for Menopausal Arthralgia"" — exact match to the brief. Sponsor: National University Hospital, Singapore. Interventional, Phase 2/Phase 3, FACTORIAL, randomized, no masking, n=100 estimated.

POPULATION = HEALTHY ADULTS: healthyVolunteers = true; sex FEMALE; minimumAge 30 Years, maximumAge 59 Years — all three as claimed. Inclusion requires arthralgia >=3 months (""Arthralgia for at least 3 months (pain lasting beyond normal injury healing period)"") onset/worsening in perimenopause or within 5 years of menopause — so symptomatic for joint pain, not a cognitive/neuro/psychiatric patient group. Exclusion #1 verbatim: ""History of thrombo-embolic diseases, strokes, ischemic heart disease, dementia or psychiatric disorders, active liver disease or renal impairment, severe hyperlipidemia, gout, thyroid disease, systemic lupus erythematosus, rheumatoid arthritis, or other chronic inflammatory conditions."" Also verified: BMI>35, current smoker, female hormone use within 12 weeks, high VTE risk, hormone-dependent malignancy — all as the brief stated. The dementia/psychiatric exclusion actively enriches for cognitively healthy participants. The brief correctly flagged the arthralgia inclusion criterion as borderline; I agree it is a stated-population caveat, not a patient-group disqualifier.

OBJECTIVE COGNITIVE OUTCOME PRESENT: secondary outcome #9 verbatim: ""Changes in verbal memory measured using the Hopkins Verbal Learning Test"", time frame ""After 12 weeks of intervention"". HVLT is a performance-based neuropsychological test, not self-report. Primary outcome is indeed unrelated: ""Relative changes in perceived arthralgia at the end of intervention"" (Orebro MPSQ short form). All ten secondaries match the brief's list exactly (handgrip kg, isokinetic knee extension deg/sec, Physical Performance Battery, Menopause Rating Scale, PSQI, GAD-7, CES-D, SF-12, HVLT, HOMA-IR).

INTERVENTION AND CLAIMED QUOTE VERIFIED VERBATIM: MHT arm description reads ""Menopausal hormone therapy comprising: 17beta-estradiol topical gel (1.25-2.5 gms) applied daily, and micronized Progesterone 200mg daily for 12 days each month."" Both halves of the claimed quote are exact substrings of the record. Four arms confirmed: Exercise (EXPERIMENTAL/behavioral), Menopausal hormone therapy (EXPERIMENTAL/drug), Combination of exercise and menopausal hormone therapy (EXPERIMENTAL/COMBINATION_PRODUCT), Standard care (NO_INTERVENTION). 12-week duration confirmed.

READOUT GENUINELY PENDING: overallStatus RECRUITING; hasResults false; no results section; targeted literature search found no publication of MUSE outcomes. Dates match the brief exactly: start 2024-08-01 ESTIMATED, primary completion 2027-04 ESTIMATED, completion 2028-04 ESTIMATED, last update posted 2024-07-31 (type ACTUAL). Primary completion is ~19 months after today (2026-09-20), so the cognitive readout is ahead of us, not behind.

One nuance worth recording but not disqualifying: the record's detailed description frames this as a pilot whose aim is feasibility, acceptability and practicability of the outcome tools over 12 weeks, even though the registered primary outcome is the Orebro arthralgia change. The brief did not mention the pilot/feasibility framing. That is an omission rather than an error — every structured field the brief asserted is verbatim correct — but it tempers how much an HVLT signal from n=100 across four arms should be expected to carry, and the record's 25-month staleness (recruiting status last confirmed July 2024) means the status and dates carry more uncertainty than usual, exactly as the brief itself flagged.",,,
hormonal,CONFIRMED,ClinicalTrials.gov,NCT07051655,https://clinicaltrials.gov/study/NCT07051655,The Effects of Exogenous Ketones on Cognitive Function,"Ketone monoester at 357 mg/kg body weight versus placebo, acute crossover design.","HEALTHY ADULTS with a stated BMI split. Healthy-volunteers flag true; ages 19-55. Three groups: obese sedentary (BMI 30-40), lean sedentary (BMI 18-25) and lean athletic (BMI 18-25, structured activity 5+ days/week). Exclusions remove neurological conditions, seizure history, and medications for diabetes, mood or attention disorders. Judgement: healthy adults, but one of the three strata is defined by obesity, so any prediction should specify which stratum it applies to.",45 (ESTIMATED enrolment),"Objective cognition is PRIMARY: ""NIH Toolbox Cognition Battery Composite Score and Domain-Specific Subtests"" reported separately for Executive function, Attention, Processing Speed and Memory, measured on Test Days 1 and 2. Secondaries add Senaptec Sensory Station visual working memory and processing speed, and driving-simulator reaction time.",RECRUITING,Primary completion date 2027-07-31 (ESTIMATED); study completion date 2027-07-31 (ESTIMATED); start date 2025-12-01; last update posted 2026-07-13. hasResults is false.,"""NIH Toolbox Cognition Battery Composite Score and Domain-Specific Subtests"" ... exclusion: ""Current or recent use (within 1 month) of exogenous ketone supplements or adherence to a ketogenic diet""","A dated prediction would claim, before July 2027, whether a single 357 mg/kg dose of ketone monoester raises NIH Toolbox composite or any domain subtest in rested healthy adults - and because this is an acute, non-stressed design it is the clean counterpart to NCT05519644's sleep-restricted design, letting the project pre-commit to the specific claim that ketones restore degraded cognition but do not enhance baseline cognition.","Re-found independently via ClinicalTrials.gov API v2 (https://clinicaltrials.gov/api/v2/studies/NCT07051655?format=json, HTTP 200). The public SPA page returns only a shell to fetchers, so the API record is the authoritative read; a web search also independently surfaced the ID bound to this exact title.

ID RESOLVES AND MATCHES: nctId NCT07051655, briefTitle and officialTitle both ""The Effects of Exogenous Ketones on Cognitive Function"", sponsor University of Alabama at Birmingham, orgStudyId IRB-300013940.

INTERVENTION: confirmed. Arms are ""ketone monoester (KME)"" (EXPERIMENTAL) and ""Placebo"" (PLACEBO_COMPARATOR), both a single dose of 357 mg/kg body weight. Design is RANDOMIZED, interventionModel CROSSOVER, TRIPLE masking, enrollment 45 ESTIMATED; two test days separated by 3-7 days, cognitive assessment 30 minutes post-dose. Acute crossover as described.

POPULATION IS HEALTHY ADULTS: eligibilityModule.healthyVolunteers = true; minimumAge 19 Years, maximumAge 55 Years; sex ALL. Inclusion text verbatim: ""Age 19-55 years / BMI 30-40 (obese group) or 18-25 (lean and athlete groups) / Sedentary status (<2 hrs/week of structured physical activity) for obese and lean groups / Active athlete status (>=5 days/week of structured activity) for athlete group"" - exactly the three strata claimed. Exclusions confirm the healthy framing: diagnosed neurological conditions (Parkinson's, MS, schizophrenia, muscular dystrophy, stroke, cerebral palsy), history of seizures, and use of medications for diabetes, mood disorders, or attention disorders. The obese stratum is a body-composition stratification within a healthy-volunteer study, not a patient population, so this is not REJECT_WRONG_POPULATION; the researcher's caveat to specify which stratum a prediction applies to is accurate and appropriate.

OBJECTIVE COGNITIVE OUTCOME IS PRIMARY: four primary outcome measures, each titled ""NIH Toolbox Cognition Battery Composite Score and Domain-Specific Subtests - <domain>"" for Executive function, Attention, Processing Speed and Memory, all with timeFrame ""Test Day 1 and Test Day 2"". NIH Toolbox is performance-based, not self-report. Secondaries confirmed: ten Senaptec Sensory Station measures including ""Visual working memory"" and ""Processing Speed"", plus ""Driving Simulator Performance Metrics - Attention"" and ""- Reaction Time"".

READOUT GENUINELY PENDING: overallStatus RECRUITING; startDate 2025-12-01 (ACTUAL); primaryCompletionDate 2027-07-31 (ESTIMATED); completionDate 2027-07-31 (ESTIMATED); lastUpdatePostDate 2026-07-13 (ACTUAL); hasResults false with no resultsFirstPostDateStruct. Today is 2026-09-20, so primary completion is roughly 10 months out, last update is recent (about 2 months ago, so not abandoned), and nothing is published. Every date in the claim matches the record exactly.

BOTH CLAIMED QUOTES VERIFIED VERBATIM: ""NIH Toolbox Cognition Battery Composite Score and Domain-Specific Subtests"" is the exact prefix of all four primary outcome titles, and ""Current or recent use (within 1 month) of exogenous ketone supplements or adherence to a ketogenic diet"" is an exact character-for-character exclusion criterion.

INTEGRITY INCIDENT RESOLVED (flagging for transparency): mid-verification, a second read of my saved file showed a completely different study (NCT07572240, AP-Brain collagen peptide in mild cognitive impairment, ages 35-70, PARALLEL, n=72) - superficially the fabrication signature of an ID resolving to a different trial. I did not accept that reading. Root cause: the scratchpad directory is shared with concurrent sibling verification agents, and one of them overwrote my generically-named nct.json between my two reads (file mtime and md5 both changed; ls showed dozens of sibling .json files written in the same minutes). Re-fetching to a collision-proof unique filename reproduced the ketone record cleanly and reproducibly. The contradiction was local filename collision, not any registry discrepancy. Operational note for the harness: generic scratchpad filenames are unsafe under parallel agents and can manufacture false REJECT_ID_NOT_FOUND verdicts.

No material detail in the claim is wrong. Confidence 0.97 rather than higher only because verification rests on the API endpoint (the rendered SPA page was not directly readable), though the API is the same authoritative source backing that page and the search result corroborated the ID-to-title binding.",,,
hormonal,CONFIRMED,ClinicalTrials.gov,NCT07109245,https://clinicaltrials.gov/study/NCT07109245,Do Antipsychotics Block Insulin Action in the Brain: is it a Class Effect?,"Intranasal insulin, ""160 IU of intransal insulin"" (registry spelling) versus ""1.6 mL of intranasal saline"" on MRI visits, crossed with oral haloperidol titrated up to 2 mg nightly for 7 days versus identical placebo capsules.","HEALTHY ADULTS - clean fit on population. Healthy-volunteers flag true; ages 18-35, both sexes; conditions listed include ""Healthy Controls"". Inclusion requires BMI 18.5-24.9. Exclusions remove any psychiatric illness or substance use history, pre-diabetes/diabetes, HOMA-IR >=2.5, family diabetes history, irregular menstrual cycles and hormonal contraceptives.",35 (ESTIMATED enrolment),"Cognition is secondary and is listed as ""Antipsychotic Related Outcome: Digit Symbol Substitution Test"". Primaries are resting-state functional connectivity between the anterior cingulate and lateral parietal cortex, plus metabolic measures (BMI, waist circumference, glucose, insulin, C-peptide, HbA1c, HOMA-IR). DESIGN CAVEAT THE PROJECT MUST CARRY: intranasal insulin is administered in BOTH arms, so the randomised DSST contrast tests haloperidol versus placebo, not insulin versus saline. This is an insulin-action mechanism study, not an insulin cognitive-enhancement trial.",RECRUITING,Primary completion date 2028-08 (ESTIMATED); study completion date 2028-12 (ESTIMATED); start date 2025-12-11 (ACTUAL); last update posted 2026-04-02. hasResults is false. Long-dated.,"""160 IU of intransal insulin"" and ""1.6 mL of intranasal saline""; secondary outcome: ""Antipsychotic Related Outcome: Digit Symbol Substitution Test""","A dated prediction would claim, before August 2028, whether 7 days of low-dose haloperidol degrades Digit Symbol Substitution Test performance in healthy 18-35 year-olds and whether brain insulin responsiveness on rsFC is blunted alongside it - useful to the project as a negative-direction anchor (a compound predicted to impair rather than enhance), which is a category of prediction that tests calibration in a way enhancement claims alone cannot.","Re-found the record myself via the ClinicalTrials.gov API v2 (https://clinicaltrials.gov/api/v2/studies/NCT07109245), pulled twice (full record, then a targeted arms/outcomes/design pull). The plain /study/ HTML page returns only the SPA shell, so the API record is the authoritative read.

ID RESOLVES, SAME STUDY: NCT07109245 = ""Do Antipsychotics Block Insulin Action in the Brain: is it a Class Effect?"" Sponsor Centre for Addiction and Mental Health (CAMH). Phase 4, randomized, crossover, quadruple-masked.

POPULATION (healthy adults, clean): healthyVolunteers = Yes; ages 18-35; both sexes; conditions listed are Brain Insulin Sensitivity, Healthy Controls, Cognition. Inclusion requires BMI 18.5-24.9. Exclusions remove psychiatric illness or substance use history, pre-diabetes/diabetes (fasting glucose >=6.0 mmol/L or HbA1c >6%), HOMA-IR >=2.5, first-degree family history of diabetes, irregular menstrual cycles or hormonal contraception, pregnancy/breastfeeding, MRI contraindications. All as claimed.

COGNITIVE OUTCOME PRESENT: secondary outcome verbatim ""Antipsychotic Related Outcome: Digit Symbol Substitution Test"" - an objective performance test, not a self-report scale. Exact label matches the claim character for character.

QUOTES VERIFIED VERBATIM, INCLUDING THE TYPO: Insulin Lispro intervention reads ""A total of 160 IU of intransal insulin (=1.6 mL) will be administered on MRI scanning visits (80 IU = 0.8 mL delivered per nostril). Humalog; Eli Lilly Canada"" - the registry really does misspell ""intransal"". Saline reads ""A total of 1.6 mL of intranasal saline will be administered on each MRI scanning visit"". Haloperidol: ""self-administered, at night, over 7 days... titrated up to 2 mg""; Placebo: ""visually identical"" capsules on an equivalent titration schedule. All as described.

PRIMARIES AS CLAIMED: ""RsFC between the anterior cingulate cortex of the salience network and the lateral parietal cortex of the DMN"" plus seven metabolic primaries (BMI, waist circumference, glucose, insulin, C-peptide, HbA1c, HOMA-IR).

DESIGN CAVEAT INDEPENDENTLY VERIFIED - this is the important one and the claim states it correctly. Both arm groups carry the same intranasal interventions: Arm 1 (Haloperidol, Experimental) = Drug: Haloperidol + Drug: Insulin Lispro + Other: Saline; Arm 2 (Placebo Comparator) = Drug: Placebo + Drug: Insulin Lispro + Other: Saline. Intranasal insulin is therefore given in both arms, so the randomised between-condition DSST contrast is haloperidol vs placebo, not insulin vs saline. The registry's own labelling corroborates this: the DSST sits under the ""Antipsychotic Related Outcome:"" prefix. This is an insulin-action mechanism study, not an insulin cognitive-enhancement trial, exactly as the claim insists the project must carry.

READOUT GENUINELY PENDING: status RECRUITING; start 2025-12-11 (ACTUAL); primary completion 2028-08 (ESTIMATED); completion 2028-12 (ESTIMATED); last update posted 2026-04-02; hasResults = false. Today is 2026-09-20, so the primary readout is roughly two years out. Not terminated, not withdrawn, not published.

Only cosmetic non-discrepancy worth naming: the registry names the drug ""Insulin Lispro"" (Humalog) rather than generic ""intranasal insulin,"" but its own description specifies intranasal delivery, so the claim's phrasing is accurate, not misdescribed. Confidence held at 0.95 rather than higher only because the record is a single-source registry read with no second registry to cross-check against, and the last update is ~5.5 months old so recruiting status could in principle have changed without a posted update.",,,
hormonal,CONFIRMED,ClinicalTrials.gov,NCT07216781,https://clinicaltrials.gov/study/NCT07216781,"Safety and Efficacy of Injectable Klotho Plasmid Gene Therapy in Humans (official: ""Evaluating the Safety and Efficacy of Injectable Klotho Plasmid Gene Therapy in Humans: An Interventional, Non-Placebo-Controlled Pilot Phase Study""), acronym MINICIRCLE-KLO","Klotho nonviral plasmid gene therapy, described as ""Injection of plasmid-delivered Klotho gene therapy"", administered by subcutaneous injection into abdominal fat. Dose not stated on the record. Assessments span 1 month pre-injection to 6 months post.","HEALTHY ADULTS - clean fit. Healthy-volunteers flag true; condition listed as ""Healthy Adults""; ages 23-90, all sexes. Exclusions are cancer history, preexisting conditions that could be exacerbated by treatment, and prior gene therapy within 12 months. Very wide age band (23-90) means the sample mixes young and older healthy adults.",14 (ACTUAL enrolment),"Cognition is secondary (all eight primaries are serum alpha-Klotho, FGF23, PTH, calcitriol, phosphorus, urinary phosphate, cystatin C and PRO-CTCAE adverse events). Objective cognitive endpoints: ""Change From Baseline in Flanker Inhibitory Control and Attention Test T-Score (Mean 50 +/- 10)"", ""Change From Baseline in Pattern Comparison Processing Speed Test T-Score (Mean 50 +/- 10)"", ""Change From Baseline in Picture Sequence Memory Test T-Score, Forms A and B (Mean 50 +/- 10)"", plus a ""Cognitive Performance Index and Domain Percentiles Derived From Kernel Flow functional near-infrared spectroscopy (fNIRS) and Behavioral Metrics"".",ACTIVE_NOT_RECRUITING,"Primary completion date 2026-08 (ESTIMATED); study completion date 2026-08 (ESTIMATED); start date 2025-10-06 (ACTUAL); last update posted 2026-08-27. hasResults is false. The estimated completion month has just passed, so this is an imminent readout.","""The purpose of this study is to investigate the safety and efficacy of a gene therapy for Klotho, delivered via a nonviral plasmid in healthy adult volunteers. Additionally, this study seeks to understand the cognitive and health benefits of the Klotho gene therapy.""","A dated prediction would state in advance whether klotho-alone plasmid therapy produces a detectable change in NIH Toolbox Flanker, Pattern Comparison or Picture Sequence Memory T-scores at 1, 3 and 6 months in 14 healthy adults - and because this is the single-agent sibling of NCT07285629, predicting both lets the project test whether it can distinguish a real compound effect from a shared sponsor-level reporting bias.","Verified independently against the ClinicalTrials.gov API v2 (raw curl, HTTP 200), not just a rendered page — the /study/ HTML route is an SPA shell and returns nothing useful, so the JSON record is the ground truth.

ID RESOLVES, SAME STUDY: NCT07216781 returns briefTitle ""Safety and Efficacy of Injectable Klotho Plasmid Gene Therapy in Humans"" and officialTitle ""Evaluating the Safety and Efficacy of Injectable Klotho Plasmid Gene Therapy in Humans: An Interventional, Non-Placebo-Controlled Pilot Phase Study"" — exact match to the claim. Lead sponsor: Minicircle. First posted 2025-10-15.

POPULATION = HEALTHY ADULTS: eligibilityModule.healthyVolunteers = true; conditions = [""Healthy Adults""]; minimumAge ""23 Years"", maximumAge ""90 Years"", sex ALL; stdAges ADULT + OLDER_ADULT. Exclusions as claimed (history of cancer diagnosis; preexisting medical issues that may be exacerbated by the treatment; any gene therapy within the past 12 months) plus contraception/consent items the claim omitted. Clean fit.

OBJECTIVE COGNITIVE OUTCOME PRESENT: all eight primaries are the claimed biomarkers/safety (serum alpha-Klotho, FGF23, intact PTH, 1,25-dihydroxyvitamin D, phosphorus, urinary phosphate, cystatin C, PRO-CTCAE AEs). Cognition is secondary, exactly as claimed, and is objective performance testing, not self-report: NIH Toolbox Flanker Inhibitory Control and Attention T-Score, Pattern Comparison Processing Speed T-Score, Picture Sequence Memory T-Score (Forms A and B), plus Dimensional Change Card Sort and Picture Vocabulary (claim did not list these two), RIAS-2 composite scores, and ""Cognitive Performance Index and Domain Percentiles Derived From Kernel Flow functional near-infrared spectroscopy (fNIRS) and Behavioral Metrics"" (plus Kernel Flow estimated brain age).

INTERVENTION MATCHES: type GENETIC, name ""Injectable Plasmid Klotho Gene Therapy"", description verbatim ""Injection of plasmid-delivered Klotho gene therapy"". detailedDescription confirms ""The method of administration will be subcutaneous injection into abdominal fat deposits."" No dose anywhere on the record — the claim's ""dose not stated"" is correct. Assessment window also checks out: serum alpha-Klotho runs 1 month before to 6 months after; the NIH Toolbox cognitive tests run 7 days before to 6 months after.

QUOTE VERBATIM: briefSummary is character-for-character the claimed quote.

READOUT GENUINELY PENDING: overallStatus ACTIVE_NOT_RECRUITING, whyStopped null, hasResults false, start 2025-10-06 (ACTUAL), primary completion 2026-08 (ESTIMATED), completion 2026-08 (ESTIMATED), last update submitted 2026-08-26 / posted 2026-08-27. Today is 2026-09-20, so the estimated completion month has just passed and the 2026-08-27 update left the date unchanged without posting results — imminent (arguably just-overdue) readout, nothing published.

Two immaterial nits that do not rise to misdescription: (1) ""acronym MINICIRCLE-KLO"" is not an acronym field on the record — the record has no acronym; MINICIRCLE-KLO is orgStudyIdInfo.id, the sponsor's protocol ID; (2) the claim's exclusion list is accurate but partial.

Caveats the downstream forecast should carry (all consistent with the record, none contradicting the claim): Phase 1, enrollment 14 ACTUAL, single-group EXPERIMENTAL, allocation NA, masking NONE, primaryPurpose PREVENTION — an open-label uncontrolled n=14 pilot, so the cognitive secondaries are unpowered and uncontrolled, with six repeated NIH Toolbox administrations inviting practice effects. Sites are Apeiron Center (Austin, TX) and GARM Clinic (Roatan, Honduras); the record states the investigational product is administered outside U.S. FDA jurisdiction with only assessments done at the U.S. site.",,,
hormonal,CONFIRMED,ClinicalTrials.gov,NCT07285629,https://clinicaltrials.gov/study/NCT07285629,"Safety and Efficacy of Klotho and Follistatin Gene Therapy (official: ""Evaluating the Safety and Efficacy of Injectable Combination Klotho and Follistatin Plasmid Gene Therapy in Humans -- An Interventional, Non-Placebo Controlled Pilot Phase Study"")","Combination klotho + follistatin nonviral plasmid gene therapy, single subcutaneous injection. Registry lists interventions as ""Follistatin and klotho gene therapy"". Dose not stated on the record. Follow-up runs from 1 month before treatment to 3 months after (5 timepoints).","HEALTHY ADULTS - clean fit. Healthy-volunteers flag is true; condition listed as ""Healthy Adults""; ages 50-80, all sexes. Inclusion is ""Adults aged 50 to 80 years"" and ""General good health""; exclusions remove cancer, autoimmune disease, chronic kidney/liver disease, immunosuppressives, and ""Any medical or psychiatric condition that could interfere with participation"". No cognitive or neurological patient group.",14 (ACTUAL enrolment),"Cognition is secondary, not primary (primaries are serum alpha-Klotho, serum follistatin, and PRO-CTCAE adverse events). The objective cognitive endpoints are three NIH Toolbox tests: ""Change From Baseline in Pattern Comparison Processing Speed Test T-Score (Mean 50 +/- 10)"", ""Change From Baseline in Picture Sequence Memory Test T-Score, Forms A and B (Mean 50 +/- 10)"", and ""Change From Baseline in Flanker Inhibitory Control and Attention Test T-Score (Mean 50 +/- 10)"".",COMPLETED,Primary completion date 2026-04-30 (ACTUAL); study completion date 2026-04-30 (ACTUAL); last update posted 2026-08-27. Results are NOT posted - I checked the record's hasResults field directly and it returns false. The trial has finished and the readout is outstanding.,"""The purpose of this study is to investigate the safety and efficacy of a combination klotho and follistatin gene therapy, delivered via a nonviral plasmid in healthy adult volunteers. Additionally, this study seeks to understand the cognitive and health benefits of this gene therapy.""","A dated prediction would claim, before the results appear, whether a single klotho+follistatin plasmid injection moves NIH Toolbox processing-speed, episodic-memory or inhibitory-control T-scores in 14 healthy 50-80 year-olds beyond test-retest practice effects - and with n=14, uncontrolled and non-placebo, the honest prediction is almost certainly null, which makes it a sharp test of whether the project's priors are calibrated against hype.","I re-verified the record myself against the ClinicalTrials.gov API v2 (HTTP 200, raw JSON, not just a rendered page — the /study/ SPA page returns no content to a fetcher, so I went to the API directly).

ID RESOLVES, SAME STUDY: NCT07285629 returns briefTitle ""Safety and Efficacy of Klotho and Follistatin Gene Therapy"" and officialTitle ""Evaluating the Safety and Efficacy of Injectable Combination Klotho and Follistatin Plasmid Gene Therapy in Humans -- An Interventional, Non-Placebo Controlled Pilot Phase Study"" — verbatim match to the claim. Lead sponsor Minicircle; EARLY_PHASE1; INTERVENTIONAL; single-group, open-label, allocation NA; enrollment 14; study first posted 2025-12-16; sites = Apeiron Center (US) and GARM Clinic (Honduras). A neighboring Minicircle record exists (NCT07216781, klotho alone), so this is not an ID mix-up with that one.

POPULATION = HEALTHY ADULTS: conditions [""Healthy Adults""]; healthyVolunteers = true; sex ALL; ages 50-80 Years. Inclusion literally ""Adults aged 50 to 80 years"" / ""General good health""; exclusions include cancer, autoimmune disease, chronic kidney/liver disease, immunosuppressive therapy, and ""Any medical or psychiatric condition that could interfere with participation or pose safety concerns"" (plus NMDA antagonists and antiplatelets). No patient group, no cognitive/neurological indication.

OBJECTIVE COGNITIVE OUTCOME PRESENT (secondary, as claimed): primaries are serum alpha-Klotho ELISA, serum follistatin ELISA, and PRO-CTCAE TEAEs — no cognition among them. Secondaries include the three named NIH Toolbox performance tests verbatim: ""Change From Baseline in Pattern Comparison Processing Speed Test T-Score (Mean 50 ± 10)"", ""Change From Baseline in Picture Sequence Memory Test T-Score, Forms A and B (Mean 50 ± 10)"", ""Change From Baseline in Flanker Inhibitory Control and Attention Test T-Score (Mean 50 ± 10)"". The record additionally carries Dimensional Change Card Sort and Picture Vocabulary T-scores (the researcher under-counted, which is not an error against them).

INTERVENTION: type GENETIC, name ""Follistatin and klotho gene therapy"", description ""Injection of nonviral plasmid-delivered follistatin and klotho gene therapy""; detailed description specifies ""subcutaneous injection into abdominal fat deposits"". No dose on the record — as claimed.

READOUT GENUINELY PENDING: overallStatus COMPLETED; primaryCompletionDate 2026-04-30 (ACTUAL); completionDate 2026-04-30 (ACTUAL); lastUpdatePostDate 2026-08-27; hasResults = false, and no resultsFirstPostDate field exists on the record. Today is 2026-09-20, ~5 months post-completion with nothing posted. I also checked outside the registry for an already-published readout: the sponsor's own public material says the klotho proof-of-concept completed in spring 2026 and that data is being prepared for publication — no NIH Toolbox results are out. So this is neither REJECT_ALREADY_PUBLISHED nor REJECT_NO_PENDING_READOUT (COMPLETED, not terminated/withdrawn).

QUOTE: brief summary matches the claimed quote word-for-word.

Two immaterial nits, neither rising to REJECT_MISDESCRIBED: (1) the three cognitive endpoints carry timeFrame ""...(4 timepoints)"", not 5 — the 5-timepoint frame applies to the biomarker/QoL/Picture Vocabulary endpoints; (2) ""single"" injection is implied by the single-group design but is not stated as ""single"" on the record.

Caveats worth carrying forward for anyone predicting this readout (they do not affect the verdict): n=14, Early Phase 1, single-arm, open-label, non-placebo-controlled, with five cognitive T-score endpoints and repeated NIH Toolbox administration over a short window — practice effects and multiplicity are unaddressed by design, and the treatment itself is administered outside FDA jurisdiction with only assessments done at the US site.",,,
nonus,CONFIRMED,ISRCTN,ISRCTN10543404,https://www.isrctn.com/api/query/format/default?q=ISRCTN10543404,Investigating the effects of oral scopolamine on cognition and emotion processing,"Scopolamine (hyoscine hydrobromide) 0.6 mg, single oral dose, versus placebo; double-blind randomised design; outcomes assessed approximately 60 minutes post-administration.","Healthy volunteers aged 18-45 years, BMI 18-35 kg/m2, UK resident, good vision and hearing. Judgement: HEALTHY ADULTS — clean. The registry lists the condition as healthy volunteers and no psychiatric diagnosis is required, although the scientific motivation is antidepressant mechanism.",60 (target enrolment),"""Affective memory performance (capturing accuracy, reaction times, and emotional bias in recall and recognition of affectively valenced words)"" measured with the Emotional Recall (EREC) and Emotional Recognition Memory (EMEM) tasks from the Emotional Testing Battery (ETB).",Active / recruiting; recruitment started 18 November 2025 and ends 06 July 2026. Last updated 12 August 2026.,Overall trial end date 10 November 2027; recruitment end 06 July 2026.,"""Aged 18-45 years"" ... ""Affective memory performance (capturing accuracy, reaction times, and emotional bias in recall and recognition of affectively valenced words)""","A dated prediction would commit in advance to the sign of a single 0.6 mg oral scopolamine dose on objective recall/recognition accuracy and reaction time in healthy young adults — a useful anchor because an anticholinergic is expected to impair, making it a directional sanity check on the project's model rather than another hoped-for enhancer.","Re-fetched the ISRCTN API record directly (curl, HTTP 200, 16264 bytes) rather than trusting a summarizer. The response has totalCount=""1"" and publicIdentifierCanonical=""ISRCTN10543404"", lastUpdated=""2026-08-12T14:10:14Z"", version 36, isPublished=true. Caveat on method: the shared scratchpad had a filename collision from a concurrent agent that overwrote my first download with a different trial (ISRCTN75484092, a Pozibio/Cerbella gut-brain study); I caught the discrepancy and re-downloaded to an isolated directory, so the fields below come from a verified-identity copy.

ID/TITLE: title and scientificTitle both ""Investigating the effects of oral scopolamine on cognition and emotion processing""; acronym SCOPE; Dept of Psychiatry, University of Oxford (Prof Susannah Murphy); funder NIHR. Matches.

INTERVENTION: interventionType Drug, drugNames ""Scopolamine (hyoscine hydrobromide)"", single-centre double-blind randomised placebo-controlled experimental medicine study, 0.6 mg oral vs placebo, primary timepoint ""approximately 60 minutes after oral administration"". Matches.

POPULATION — healthy adults, clean: participantType ""Healthy volunteer""; condition description ""Healthy volunteers""; ageRange Adult, lowerAgeLimit 18 Years, upperAgeLimit 45 Years; targetEnrolment 60. Inclusion criterion 2 reads verbatim ""Aged 18-45 years"", plus UK residency, good vision and hearing, BMI 18-35 kg/m2 — all as claimed. Exclusions actively enforce health: no current/sought mental health treatment, no past or current severe/serious psychiatric disorder (SCID-5/MINI screened), no ADHD on stimulants, no recreational drug use in 3 months. So the antidepressant-mechanism motivation does not make this a patient population — the researcher's judgement is right.

OUTCOME — objective cognitive, present: primary outcomeMeasure <variable> is verbatim ""Affective memory performance (capturing accuracy, reaction times, and emotional bias in recall and recognition of affectively valenced words)"", <method> ""the Emotional Recall (EREC) and Emotional Recognition Memory (EMEM) tasks from the Emotional Testing Battery (ETB)"". Both claimed quotes match the record exactly. Secondaries add further objective performance tasks: FERT, ECAT, Emotional Go/No-Go, Probabilistic Reversal Learning, Auditory Verbal Learning Task, N-Back, and Digit Span — accuracy and reaction-time based.

PENDING READOUT: overallEndDate 2027-11-10; recruitmentStart 2025-11-18, recruitmentEnd 2026-07-06. The <results> block is empty — no ipdSharingStatement content, empty publicationDetails, empty publicationStage, empty basicReport and plainEnglishReport, and <outputs> is empty. Nothing published for this registration.

Guarded against a false ALREADY_PUBLISHED: a web search surfaced ""Overnight transdermal scopolamine patch administration has no clear effect on cognition and emotional processing in healthy volunteers"" with concrete ETB numbers. That is a DIFFERENT, earlier study — transdermal patch, not a single 0.6 mg oral dose — and is not a readout of ISRCTN10543404. I did not let it contaminate the verdict.

One immaterial staleness, not grounds for rejection: the claim labels status ""Active / recruiting"". Both recruitmentStatusOverride and recruitmentStartStatusOverride are empty, so ISRCTN derives display status from dates, and the recruitment window closed 2026-07-06 — about ten weeks before today (2026-09-20). The trial remains active (overall end 2027-11-27 is wrong; it is 2027-11-10, which the claim states correctly). So ""active"" holds, ""recruiting"" is now stale, but the claim itself states the correct recruitment end date, and this does not touch any of the four confirmation criteria. All dates given in the claim, including the expected readout date, are exactly right.",,,
nonus,CONFIRMED,ISRCTN,ISRCTN16663180,https://www.isrctn.com/api/query/format/default?q=ISRCTN16663180,"Effects of short- and long-term creatine monohydrate supplementation combined with resistance training on occupational, physical, and cognitive performance in career firefighters: a randomized, double-blind, placebo-controlled trial","Creatine monohydrate (Creapure) or matched placebo as powder in a beverage: loading dose ""20 g/day (4 x 5 g servings) for 7 days, followed by a long-term maintenance dose of 5 g/day"" for 11 weeks, combined with a structured 12-week resistance training programme. A compound-plus-training design.","Career male or female firefighters aged between 18 and 50 years. Judgement: HEALTHY ADULTS — an occupational sample of working firefighters with no disease criterion, not a patient group.",24 actual enrolled against a target of 30 (small and under-enrolled),"CAVEAT — cognition is a SECONDARY outcome here. Named objective measure: ""Psychomotor Vigilance Task Test reaction time (ms)"". The primary outcome is completion time for the Fire Ground Test, a 13-task occupational simulation, which is physical rather than cognitive.","Completed. Recruitment recorded 16 February 2026 to 19 February 2026. No publication details listed; data ""not expected to be made available"".","Overall trial end date 14 May 2026 — already passed, with no results posted.","""Between 18 and 50 years old"" / ""A LTFD & FWFD career male or female firefighter""; secondary outcome ""Psychomotor Vigilance Task Test reaction time (ms)""","A dated prediction would claim whether 12 weeks of creatine loading plus resistance training shortens Psychomotor Vigilance Task reaction time in healthy working adults — worth scoring mainly as a low-power test case, since at n=24 a confident prediction of a null is the defensible position and the project can score itself on whether it said so.","Re-found independently by pulling the raw ISRCTN API record (https://www.isrctn.com/api/query/format/default?q=ISRCTN16663180 — HTTP 200, 19,850 bytes, totalCount=""1"", isPublished=""true"", version 10, lastUpdated 2026-09-03). The public HTML page at /ISRCTN16663180 is a JS shell (1.2 KB) and returns no text, so the API record is the source of truth here.

ID RESOLVES AND MATCHES: <isrctn>16663180</isrctn>, acronym FIRE-CrM, scientificTitle matches the claimed title verbatim word-for-word. Sponsor/funder Sam Houston State University; PI Dr Drew E. Gonzalez (ORCID 0000-0002-7279-4968); IRB FWA00002405, IRB-2026-25 approved 2025-12-05. Not a different study.

INTERVENTION: verified verbatim in the record — ""Creapure®, Germany ... short-term loading dose of 20 g/day (4 x 5 g servings) for 7 days, followed by a long-term maintenance dose of 5 g/day (1 x 5 g serving) for the remaining 11 weeks"", odor/color-matched maltodextrin placebo, concurrent identical structured 12-week resistance training programme. interventionType = ""Supplement"". Compound-plus-training design as described.

POPULATION = HEALTHY ADULTS: healthyVolunteersAllowed = true; lowerAgeLimit 18, upperAgeLimit 50, gender All. Inclusion text matches the claimed quote exactly: ""1. Between 18 and 50 years old / 2. A LTFD & FWFD career male or female firefighter"". Exclusions actively remove disease (renal/hepatic/cardiovascular disease, pregnancy, orthopedic limitation), confirming an occupational, non-patient sample. targetEnrolment 30, totalFinalEnrolment 24.

COGNITIVE OUTCOME PRESENT AND OBJECTIVE: secondary outcomeMeasure id 557625b6 — variable ""Cognitive function"", method ""a Psychomotor Vigilance Task Test reaction time (ms)"", timepoints baseline and post 12 weeks. Exactly as quoted. The caveat in the claim is correct and honestly stated: this is SECONDARY; the single primary outcome is Fire Ground Test completion time (13-task simulation in full PPE/SCBA), which is physical, not cognitive. PVT reaction time is nonetheless an objective, instrumented cognitive measure, so the task's ""objective cognitive outcome is present"" criterion is satisfied.

STATUS AND READOUT STILL PENDING: recruitmentStart 2026-02-16, recruitmentEnd 2026-02-19 (as claimed — an unusually short 3-day window, but that is what is recorded); overallEndDate 2026-05-14 (as claimed), now past as of today 2026-09-20. <publicationDetails/> is empty, <basicReport/> and <plainEnglishReport/> empty, dataPolicy ""Not expected to be made available"", ipdSharingPlan ""No"". The only attached output is a participant information sheet PDF. I searched for results independently: PubMed (creatine AND firefighter*, 16 hits; Gonzalez DE author search) returns no results paper for this trial — the nearest items are the group's earlier, DIFFERENT firefighter trial (protein/carb ± creatine, 21–26 days, NCT06172543, Nutrients 2023) and a 2024 narrative review. Web searches for ""FIRE-CrM"" and the ISRCTN ID surface no results publication. So nothing is published and the outcome is still genuinely unknown.

CAVEATS I CHECKED BUT DO NOT TREAT AS DISQUALIFYING: (1) Registration is RETROSPECTIVE — the ISRCTN ID was assigned 2026-09-03, roughly 3.5 months after the trial's overall end date, so the data already exist and are merely unreported; this is a reporting-lag pending readout, not a prospective one, and it means a manuscript may be in submission and could appear at short notice. (2) There is therefore no scheduled future readout date — the ""expected readout"" of 14 May 2026 is the completion date that has already elapsed, which the claim states accurately rather than misrepresenting. (3) Not terminated/withdrawn/abandoned (24 participants completed, retrospective registration implies intent to publish), so REJECT_NO_PENDING_READOUT does not apply. Every material detail in the description checks out against the registry text, so no REJECT_MISDESCRIBED. Confidence held at 0.88 rather than higher only because of the retrospective-registration lag, which raises the chance that results appear imminently or exist in a preprint I did not find.",,,
nonus,CONFIRMED,ISRCTN,ISRCTN29176549,https://www.isrctn.com/api/query/format/default?q=ISRCTN29176549,"Comparing the effects of acute versus chronic, flavanol-rich cocoa intake on cerebral haemodynamics, metabolism, and cognitive function in healthy young (18 to 40 year-old) and older (65 + year-old) adults",Daily cocoa powder 15.5 g in 250 ml cold water or milk for 8 weeks; high-flavanol arm approximately 660 mg flavanols versus low-flavanol control arm approximately 36 mg flavanols. Acute-within-chronic double-blind randomised placebo-controlled parallel design.,"Condition field reads ""Healthy volunteers""; inclusion criteria are ""Healthy male or female"" and ""Aged between 18 to 40 years old OR above 65 years old"". Judgement: HEALTHY ADULTS — clean, spanning two distinct age strata (50 young, 50 older).",100 (target; 50 young adults and 50 older adults). Enrolment ongoing.,"CAVEAT — the objective cognitive tests are SECONDARY, not primary. Named secondary outcome: ""Executive function accuracy and reaction time (indicator of cognitive performance)"" measured by a ""Modified Attention Network Task"", a ""Switch Task"", and a ""Modified Stroop Task assesses selective attention and prepotent response inhibition during decision making"". The primary outcome is prefrontal oxygenated/deoxygenated haemoglobin by broadband near-infrared spectroscopy, which is a biomarker.",Active / ongoing; recruitment 01 October 2024 to 31 October 2026. Record last updated 10 September 2024. No publications or results reported.,Overall study end date 31 December 2026; recruitment ends 31 October 2026.,"""Healthy male or female"" / ""Aged between 18 to 40 years old OR above 65 years old""; ""Modified Stroop Task assesses selective attention and prepotent response inhibition during decision making""","A dated prediction would claim whether 8 weeks of high- versus low-flavanol cocoa improves executive-function accuracy and reaction time in healthy adults, and critically whether any such effect is age-dependent (young versus 65+), since this trial is one of the few powered to contrast both strata under one protocol.","Re-found independently by fetching the raw ISRCTN API XML (totalCount=1, version 39, lastUpdated 2024-09-10T15:03:12Z, DOI 10.1186/ISRCTN29176549), not relying on a summarizer. ID RESOLVES TO THE SAME STUDY: scientificTitle matches the claimed title verbatim (public title is the ""CocoaClarity study"" short form, which is a legitimate alternate field, not a mismatch). POPULATION: condition description ""Healthy volunteers""; participantType ""Healthy volunteer""; inclusion reads exactly ""1. Healthy male or female / 2. Aged between 18 to 40 years old OR above 65 years old""; exclusions rule out cardiovascular, respiratory, metabolic, liver, inflammatory and neurological disease plus medication use; targetEnrolment 100 with intervention text ""n = 100; 50 young and 50 older adults"" — healthy adults across two age strata, as claimed. COGNITIVE OUTCOME: present and objective — secondary outcome 4 ""Executive function accuracy and reaction time (indicator of cognitive performance)"" via 4.1 Modified Attention Network Task, 4.2 Switch Task, 4.3 ""Modified Stroop Task assesses selective attention and prepotent response inhibition during decision making"". Both claimed quotes are exact character-for-character matches. The researcher's own caveat is accurate and honestly disclosed: the primary outcome is indeed a biomarker (prefrontal oxy/deoxy haemoglobin by broadband NIRS during rest and 11% O2 hypoxia), with cognition at secondary #4 — disclosed rather than oversold, so not a misdescription. INTERVENTION: matches — ""15.5 g of cocoa powder mixed in 250 ml of cold water or milk (their choice) daily for 8 weeks"", ""low-flavanol (~36 mg of flavanols) or high-flavanol (~660 mg of flavanols)"", studyDesign ""Acute within chronic interventional double-blinded randomized placebo-controlled parallel human study"". PENDING: recruitmentStart 2024-10-01, recruitmentEnd 2026-10-31, overallEndDate 2026-12-31; both recruitmentStartStatusOverride and recruitmentStatusOverride are EMPTY, i.e. no suspension/termination/withdrawal flag — ongoing on its stated timeline. As of today 2026-09-20 recruitment has ~6 weeks left and study end is ~3 months out. NOT PUBLISHED: publicationDetails, publicationStage, basicReport, plainEnglishReport and totalFinalEnrolment are all empty; IPD available on request only after overall end date. A web search surfaced only protocol/registry documents plus unrelated Rendeiro-lab cocoa papers (2025 systematic review; a prolonged-sitting cerebral blood flow study), no CocoaClarity outcome paper. Site: University of Birmingham, School of Sport, Exercise and Rehabilitation Sciences; ethics approved 2024-07-26. Minor non-material notes: only attached outputs are a recruitment poster and participant information sheet (both uploaded 2024-09-10), and the record has not been edited since September 2024 — stale-but-active is normal for ISRCTN and there is no affirmative signal of abandonment. Confidence 0.95 rather than higher only because the record's two-year staleness means the registry cannot positively reconfirm current recruitment activity; every claimed detail that is checkable is correct.",,,
nonus,CONFIRMED,ISRCTN,ISRCTN66268301,https://www.isrctn.com/api/query/format/default?q=ISRCTN66268301,Effects of 12 weeks of guanidinoacetic acid and creatine monohydrate supplementation during an exercise and diet intervention on markers of health and cognitive function in older adults,"Three parallel arms, all on an exercise and diet intervention, supplements in stick packs twice daily for 12 weeks: (1) double placebo; (2) guanidinoacetic acid 2 g/day + creatine placebo; (3) guanidinoacetic acid 2 g/day + creatine monohydrate 10 g/day.","Male or female aged 45 to 75 years; registry field ""Healthy volunteers allowed: true""; no cognitive, neurological or disease inclusion criterion. Judgement: HEALTHY ADULTS (middle-aged to older) — clean. Note this is a compound-plus-lifestyle-intervention design, not compound alone.",75 actual enrolled against a target of 200 (substantially under-enrolled),"""Cognitive Function - COMPASS cognitive function test battery - 0 weeks (baseline), 6 weeks (1st follow-up), 12 weeks (2nd follow-up)"". Listed alongside body weight, DXA fat mass, percent body fat and waist-to-hip as co-primaries.","Recruitment closed — recruitment ran 08 September 2025 to 08 March 2026. No results or publications documented; data policy states ""Not expected to be made available"". Record last updated 20 November 2025.",Overall trial end date 08 June 2026 — i.e. the stated end date has already passed as of today (20 Sep 2026) with nothing published.,"""Healthy volunteers allowed: true""; ""Male or female between the ages of 45 and 75 years""; ""Cognitive Function - COMPASS cognitive function test battery - 0 weeks (baseline), 6 weeks (1st follow-up), 12 weeks (2nd follow-up)""","A dated prediction would claim whether GAA, with or without creatine, moves the COMPASS battery in healthy 45-75s on top of exercise and diet — and, given the trial closed at 75 of 200 planned participants, would also be a live test of whether an under-powered readout reports a null.","Re-found the record myself from raw ISRCTN API XML (not a summarizer's paraphrase), and every claimed field matches verbatim.

ID RESOLUTION. q=ISRCTN66268301 returns totalCount=""1"" with <isrctn dateAssigned=""2025-11-17"">66268301</isrctn>, isPublished=""true"". I ran controls to rule out fuzzy fallback: q=ISRCTN99999999 and q=ISRCTN11111111 both return totalCount=""0"", so the API does exact-ID matching and does not substitute a near match. The returned scientificTitle is character-for-character the claimed title.

PROCESS WARNING (did not change the verdict, but nearly produced a false reject). My first two attempts were both unreliable and I discarded them: (a) WebFetch on the API URL returned a fluent, fully-detailed answer that I later proved was confabulated in part; (b) my first curl -o wrote a 27,211-byte body belonging to an entirely different trial (ISRCTN75484092, the Aberystwyth ""Better Brain"" Pozibio/Cerbella study) while reporting size_download=17305 — a stale/mismatched cached body. A cache-busted re-fetch (Cache-Control: no-cache + cachebuster param, 17,305 bytes) reproducibly returns the correct record, and md5s confirm the two bodies differ. Also note the direct HTML page https://www.isrctn.com/ISRCTN66268301 returns HTTP 303 and no body, so the API is the right surface here.

POPULATION — healthy adults, clean. <healthyVolunteersAllowed>true</healthyVolunteersAllowed>; inclusion criterion 1 is verbatim ""Male or female between the ages of 45 and 75 years.""; lowerAgeLimit 45, upperAgeLimit 75; condition description is ""Guanidinoacetic Acid (GAA) supplementation with and without Creatine Monohydrate (CrM) on markers of cognitive function and health in older adults."" Stronger than the claim states: exclusion criterion 5 explicitly excludes ""diagnosed cognitive impairment or neurological disease"", and criterion 7 excludes uncontrolled heart disease, hypertension, diabetes, thyroid disease, cancer, neurological disease and treated major psychological/depressive disorder. This is affirmatively a healthy, non-patient cohort.

COGNITIVE OUTCOME — present and objective. Structured primary outcome #5 is <variable>Cognitive Function</variable>, <method>COMPASS cognitive function test battery</method>, <timepoints>0 weeks (baseline), 6 weeks (1st follow-up), 12 weeks (2nd follow-up)</timepoints> — exactly the claimed quote. It sits among five co-primaries; the other four are body weight (digital scale), fat mass (DXA), percent body fat (DXA), waist-to-hip (tape measure), matching the claim precisely. COMPASS is a computerized performance battery, so this is an objective cognitive measure, not self-report.

INTERVENTION — matches. Three arms: (1) GAA placebo 2x1 g/d maltodextrin + CrM placebo 2x5 g/d; (2) GAA 2x1 g/d + placebo 2x5 g/d; (3) GAA 2x1 g/d + CrM 2x5 g/d, all on Exercise/Diet, in labelled stick packs, one dose with breakfast and one with dinner for 12 weeks. So GAA 2 g/day and CrM 10 g/day as claimed. Randomized, blinded, placebo-controlled, parallel.

PENDING READOUT — genuinely pending. recruitmentStart 2025-09-08, recruitmentEnd 2026-03-08 (both exact as claimed, both now past). overallEndDate 2026-06-08, already passed as of today 2026-09-20. lastUpdated 2025-11-20, matching the claimed last-update date. The <results> block is empty across the board: <publicationDetails/>, <publicationStage/>, <basicReport/>, <plainEnglishReport/>, <ipdSharingStatement/>, <attachedFiles/>, empty <outputs>; dataPolicy is ""Not expected to be made available"". recruitmentStatusOverride is empty, so status derives from dates (recruitment closed). Nothing indicates termination or withdrawal. An independent web search surfaced no readout for this trial — the nearest hits are a different, already-published study (6 weeks, 66 recreationally active adults, mean age 40.6) and a separate registration ISRCTN68542582, neither of which is this 12-week 45–75 exercise/diet trial.

NON-MATERIAL CAVEATS (not grounds for rejection, but worth carrying forward). (1) Under-enrolment: targetEnrolment 200 vs totalFinalEnrolment 75, i.e. 37.5% of target. A final enrolment is already recorded, which is consistent with recruitment having closed rather than with abandonment, but the trial will be materially underpowered relative to plan and the cognitive co-primary is one of five, with no stated multiplicity control. (2) Design: as the claim itself flags, all three arms sit on a common exercise/diet background, so the contrast is supplement-vs-placebo on that background — which is actually clean for isolating the compound, but the readout is not compound-alone. (3) Funder/sponsor is the WoodNext Foundation, and the data policy pre-commits to not sharing IPD, so an external check of any eventual result will be limited to the published report. (4) Since overallEndDate has passed, ISRCTN's displayed overall status may read as completed rather than ""recruitment closed""; the claim's recruitment dates are exact, so this is a labelling nuance, not an error.",,,
nonus,CONFIRMED,ISRCTN,ISRCTN75484092,https://www.isrctn.com/api/query/format/default?q=ISRCTN75484092,"The impact of Pozibio and/or Cerbella supplement on the function of the gut, brain, and gut-brain axis, from a physiological and cognitive perspective, when compared with a placebo control in healthy middle-aged and older adults","Four-group randomised double-blind placebo-controlled parallel design, 60 days: PoZibio (heat-treated Lactobacillus paracasei D3.5) capsules, Cerbella soft gels (fish oil, ginseng, green tea extract), both, or double placebo.","Healthy middle-aged and older adults, age 55+ years, able to consent and attend centre visits. Judgement: HEALTHY ADULTS — clean; the title itself specifies healthy middle-aged and older adults and no cognitive-impairment criterion is applied.",117 actual enrolled against a target of 120,"""Cognitive Control (Selective attention, response inhibition and processing speed) measured using the Stroop Task in EPrime"" and ""Working memory and mental flexibility, measured using the NBack Task in EPrime"", with EEG event-related potentials (N2, P3, LPC) as further co-primaries.","Registry shows the record at ""Protocol"" stage with no results; recruitment 08 September 2024 to 31 May 2025 (earlier record text gives a Sept 2023 to Aug 2025 window). Primary outcome wording current as of 27 October 2025.","Overall trial end date 31 August 2025 — already passed, with the record still showing protocol stage and no publication.","""...in healthy middle-aged and older adults""; ""Cognitive Control (Selective attention, response inhibition and processing speed) measured using the Stroop Task in EPrime""","A dated prediction would claim whether a postbiotic and/or a fish-oil/ginseng/green-tea combination changes Stroop and N-back accuracy and reaction time in healthy 55+ adults over 60 days, in a fully-enrolled (117/120) trial whose data already exist but are unreported — so the prediction is genuinely blind to a result that is already determined.","Re-found the record myself from the raw ISRCTN API XML (not the summarizer), plus independent corroboration.

ID RESOLVES, AND TO THIS STUDY. The query returns totalCount=""1"" with <isrctn>75484092</isrctn>, publicIdentifierCanonical=""ISRCTN75484092"", doi 10.1186/ISRCTN75484092, scientificTitle matching the claimed TITLE verbatim (""...from a physiological and cognitive perspective, when compared with a placebo control in healthy middle-aged and older adults""), acronym ""Better Brain"". Sponsor/site: Wellbeing and Health Assessment Research Unit, Aberystwyth University (+ Trimsaran, South Wales, and University of South Florida); funded by Innovate UK / Better Brain for All.

METHODOLOGICAL CAVEAT WORTH FLAGGING: my FIRST download of the exact URL supplied in the task returned a completely DIFFERENT record — ISRCTN14786295, ""Effects of ketone supplementation and sprint interval training... in overweight/obese young adults"" (University of Macau, lastUpdated 2026-06-22). I caught this on a byte-level diff, not from the rendered summary. I then re-probed the endpoint 5 consecutive times and got ISRCTN75484092 5/5, and a server-side WebFetch of the same URL independently returned the Pozibio/Cerbella record. Web search also independently maps isrctn.com/pdf/75484092 to the Pozibio/Cerbella title. So the ID→study mapping is real and reproducible; the one-off was a transient bad/cached response from the ISRCTN query service. Note for future runs: this endpoint is a free-text search and can mis-serve — field-scoped q=isrctn:75484092 returns totalCount=""0"", so verify the returned publicIdentifierCanonical every time.

POPULATION — HEALTHY ADULTS, clean. participantType = ""Healthy volunteer""; lowerAgeLimit 55 years, upperAgeLimit 111, gender All. Current inclusion (as of 27/10/2025): ""Subjects over 55 years of age"", able to consent, able to commit to centre visits. Exclusions rule cognitive impairment OUT rather than in: diagnosed Alzheimer's, Parkinson's or other dementia; dementia medications/medical foods; suspected mental health condition. The earlier version required >60 years with an MMSE screen; MMSE was dropped in the 27/10/2025 revision, so the claim's ""no cognitive-impairment criterion is applied"" is accurate for the current record.

OBJECTIVE COGNITIVE OUTCOME — present, and PRIMARY. Both claimed quotes are verbatim in <primaryOutcome>: ""Cognitive Control (Selective attention, response inhibition and processing speed) measured using the Stroop Task in EPrime"" and ""Working memory and mental flexibility, measured using the NBack Task in EPrime"", both baseline to 60 days. Co-primaries 3 and 4 are EEG event-related potentials (N2, P3, LPC across frontal/parietal) and Delta/Theta/Alpha activity during Stroop and N-Back. These are performance-based tasks, not questionnaires.

INTERVENTION matches: randomised double-blind placebo-controlled multicentre parallel design, four arms (PoZibio heat-treated Lactobacillus paracasei D3.5 capsules; Cerbella soft gels of fish oil EPA/DHA + panax ginseng + green tea extract in lecithin phospholipids; both; double placebo), 60 days.

READOUT GENUINELY PENDING. publicationStage = ""Protocol""; <publicationDetails/> empty; <basicReport/> and <plainEnglishReport/> empty; the only attached outputs are a PIS and two protocol PDFs (v2 Sept 2024, v3 uploaded 27/10/2025) — no results file. ipdSharingStatement: ""The data sharing plan for the current study are unknown and will be made available at a later date"". overallEndDate = 2025-08-31 (passed), recruitmentStart 2024-09-08, recruitmentEnd 2025-05-31 — all exactly as claimed. The plain-English summary does carry the older ""September 2023 to August 2025"" window, also as the claim states. Primary outcome text is indeed headed ""Current primary outcome measures as of 27/10/2025"". Record lastUpdated 2025-11-03, version 57 — actively maintained AFTER trial end and still at Protocol stage.

NOT ABANDONED, NOT ALREADY PUBLISHED. totalFinalEnrolment = 117 against a target of 120, so the trial completed with data in hand rather than being terminated or withdrawn. I searched for a publication and found only a DIFFERENT, much smaller study — an open-label pilot of LpD3.5 in 13 healthy adults >=50 over 30 days (Innovation in Aging 2024 supplement, Lloyd et al.) — which is not this four-arm 60-day RCT. Decisively, an Aberystwyth University news item from June 2026 about the Better Brain Trial states: ""The findings are still being analysed and have not yet been published in a peer-reviewed journal,"" and calls it ""Our ongoing better brain trial."" That is the sponsor confirming, three months ago, that the readout is still to come.

Every material detail in the registration as described checks out against the primary source. Non-material additions the claim omitted (not errors): final enrolment 117/120, record last updated 03 Nov 2025, and recruitment countries include the USA alongside the UK. Confidence held at 0.93 rather than higher only because the overall end date passed 12+ months ago and the registry entry has not advanced past Protocol — but the June 2026 sponsor statement resolves that as analysis-in-progress, not abandonment.",,,
nonus,CONFIRMED,ISRCTN,ISRCTN85608856,https://www.isrctn.com/api/query/format/default?q=ISRCTN85608856,"Effects of six weeks of omega 3-fatty acids, curcumin, and citicoline supplementation on cognitive function","Three arms for 6 weeks: (1) Placebo (Maltodextrin; 2 x 6 g/day maltodextrin); (2) Omega 3-Fatty Acids (2 x 1 g/day), Curcumin (2 x 500 mg/day), Citicoline (2 x 500 mg/day) + 2 x 6 g/day maltodextrin; (3) the same omega-3/curcumin/citicoline stack + Creatine monohydrate (2 x 5 g/day) and Guanidinoacetic Acid (2 x 1 g/day).","Healthy volunteer adults aged 18 to 65 years. Judgement: HEALTHY ADULTS — clean. The registry classes participants as healthy volunteers and no disease, complaint or cognitive-decline criterion is applied.",150 (target enrolment; recruitment opened 1 June 2026),"""Cognitive Function"" measured using the COMPASS cognitive function test battery (a computerised battery covering processing speed, memory, attention and executive function). Listed alongside non-cognitive primaries (body weight, waist-to-hip, DXA body composition).",Recruiting / active; recruitment 01 June 2026 to 01 June 2027. Registered and last updated 04 June 2026.,Overall trial end date 31 August 2027 (recruitment ends 01 June 2027).,"""Healthy volunteer adults aged 18 to 65 years""; primary outcome ""Cognitive Function"" assessed through ""COMPASS cognitive function test battery"".","A dated prediction would claim, before 31 Aug 2027, whether a 6-week omega-3 + curcumin + citicoline stack produces a detectable improvement on the COMPASS battery in healthy 18-65s relative to maltodextrin placebo, and whether adding creatine + GAA adds anything beyond that — direction and rough effect size both committable in advance.","Re-found independently. The public HTML page returned no usable content via fetch (JS-rendered) and the who-xml API format returned HTTP 400, so I pulled the registry's own PDF export at https://www.isrctn.com/pdf/ISRCTN85608856 and read it page by page. Every load-bearing element checks out.

ID RESOLVES, SAME STUDY: ISRCTN85608856, DOI 10.1186/ISRCTN85608856. Scientific title ""Effects of six weeks of omega 3-fatty acids, curcumin, and citicoline supplementation on cognitive function""; public title without the ""Effects of"" prefix; acronym ""WoodNext Study #4"". PI Dr Richard Kreider, Texas A&M (Exercise & Sport Nutrition Lab), IRB STUDY2025-1226; sponsor and funder WoodNext Foundation. All exactly as claimed.

POPULATION IS HEALTHY ADULTS: ""Healthy volunteers allowed: Yes"", lower age limit 18 Years, upper 65 Years, Sex: All. Plain-English section reads verbatim ""Who can participate? Healthy volunteer adults aged 18 to 65 years."" Exclusions confirmed as described: known B12/B6 or folate deficiency, homocystinuria, homocysteine >50 umol/L, dialysis-requiring kidney disease, diagnosed cognitive impairment or neurological disease, pregnancy, uncontrolled heart disease/hypertension/diabetes/thyroid/cancer/neurological disease or medically treated major psychological or depressive disorder. The researcher's read that this screen removes the subclinical-deficiency cases is fair; note also the MMSE >=23 and MAC-Q >=25 continuation thresholds, which tighten it further.

OBJECTIVE COGNITIVE OUTCOME PRESENT: Primary outcome 3 reads ""Cognitive Function measured using the COMPASS cognitive function test battery at 0 weeks (baseline) and 6 weeks (follow-up)"" - the claimed quote is accurate. Co-primaries 1, 2 and 4 are body weight, waist-to-hip circumference and DXA body composition, exactly as flagged.

READOUT GENUINELY PENDING: Recruitment status ""Recruiting""; Overall study status ""Ongoing""; date of first enrolment 01/06/2026; date of final enrolment 01/06/2027; Completion date 31/08/2027; submitted 02/06/2026, registered and last edited 04/06/2026. The Results and Statistical-analysis-plan checkboxes are unticked and the Results and Publications section contains only ""IPD sharing plan summary: Not expected to be made available"". Nothing is published; today is 2026-09-20 and the trial is mid-recruitment.

Three inaccuracies in the researcher's write-up, none of which change the verdict, so I am confirming rather than rejecting as misdescribed - each was hedged as a retrieval limitation rather than asserted as fact, except the digit-span item.","Three corrections, all non-material to the verdict:

(1) COMPASS battery composition is wrong. The researcher lists five/six components ending in ""digit span"". The record states seven: 1. immediate and delayed word recall, 2. delayed word recognition, 3. delayed picture recognition, 4. Corsi blocks task, 5. DIGIT VIGILANCE (not digit span), 6. Stroop test, 7. choice reaction time. Stroop and choice reaction time were omitted entirely - relevant because they are the executive-function/processing-speed endpoints most likely to move.

(2) Doses ARE stated in the registry, contrary to ""no dose should be assumed"". Three parallel arms: T1 placebo maltodextrin 2 x 6 g/day; T2 omega-3 fatty acids 2 x 1 g/day (3:1 DHA:EPA) + curcumin 2 x 500 mg/day + citicoline 2 x 500 mg/day + maltodextrin 2 x 6 g/day; T3 the same three plus creatine monohydrate 2 x 5 g/day + guanidinoacetic acid 2 x 1 g/day. So citicoline is 1000 mg/day total, split with breakfast and dinner. Double-blind, randomized, parallel, placebo-controlled.

(3) A recruitment status string does exist. The record carries ""Recruitment status: Recruiting"" and ""Overall study status: Ongoing"" - the default API format the researcher used simply did not surface them. Reporting dates instead was a safe fallback, but the status is in the registry.

Unverified: the ""version 10"" claim is not visible in the PDF export and I could not confirm it; the record shows submission 02/06/2026 and last edit 04/06/2026, so a version-10 history within two days is possible via editorial workflow but unchecked. Immaterial.",,
nonus,CONFIRMED,UMIN-CTR (Japan),UMIN000057063,https://center6.umin.ac.jp/cgi-open-bin/ctr_e/ctr_view.cgi?recptno=R000065214,"Effects of consumption of the test food on the cognitive function in middle-aged and older Japanese subjects: a randomized, placebo-controlled, double-blind, parallel-group comparison study","Nucleotide-containing capsule, one capsule per day for 24 weeks, versus matching placebo capsule.","Middle-aged and older Japanese subjects aged 50+, non-smokers, without cognitive impairment, chronic disease or regular medication. CAVEAT the project should weigh: entry requires ""an MMSE score of 24 to 27 at screening and a Cognitrax standardized score of 60 to 90 for composite memory"", i.e. the sample is deliberately enriched for the lower end of the normal range. Judgement: HEALTHY ADULTS, but a low-normal-performance slice of them, not an unselected healthy sample. Not an MCI or dementia population.",84 (target sample size),"""Cognitrax"" — the Cognitrax/CNS Vital Signs computerised neurocognitive battery (objective performance testing including composite memory), used both as the screening instrument and the primary outcome.","""No longer recruiting"". Protocol fixed 10 February 2025; trial start 20 February 2025. Record last modified 07 June 2026.","Last follow-up date 03 December 2025 — already passed. Publication of results field reads ""Unpublished"" as of the 07 June 2026 record update.","""Subjects with an MMSE score of 24 to 27 at screening and a Cognitrax standardized score of 60 to 90 for composite memory""; Primary Outcomes: ""Cognitrax""; Publication of Results: ""Unpublished""","A dated prediction would claim whether a 24-week nucleotide supplement moves the Cognitrax composite in healthy Japanese 50+ with low-normal baseline memory — and this is the cleanest pending case in the lane, because follow-up finished in Dec 2025 and the registry still explicitly says ""Unpublished"", so the answer exists but is unknown to everyone predicting.","Re-found the record myself and verified against the raw HTML of the UMIN-CTR page (stripped tags, read field-by-field), not just a model summary of it.

ID RESOLVES, SAME STUDY. The page returns ""Unique ID issued by UMIN: UMIN000057063"", ""Receipt number: R000065214"" — exactly the claimed pair. Scientific Title on the page is a verbatim character-for-character match to the claimed title.

INTERVENTION MATCHES. Interventions/Control_1: ""Duration: 24 weeks Test food: Nucleotide containing capsule Administration: Take one capsule per day""; Control_2 is the identical text with ""Placebo capsule"". Two arms, parallel, randomized, ""Double blind -all involved are blinded"", placebo control. Target sample size 84.

POPULATION IS HEALTHY ADULTS. Condition field literally reads ""Healthy middle-aged and older Japanese subjects"". Age lower limit 50, no upper limit. Inclusion requires non-smokers (4), no regular medicine use including herbal (9), no chronic disease — diabetes, rheumatism, liver, kidney (10), no dementia (11), no history of depression/ADHD (13). So the claim's ""aged 50+, non-smokers, without chronic disease or regular medication"" is accurate. The claim's own CAVEAT is also accurate and is the right read: inclusion criterion 1 is ""Subjects with an MMSE score of 24 to 27 at screening and a Cognitrax standardized score of 60 to 90 for composite memory"", which deliberately enriches for the lower end of the normal band (conventional unimpaired MMSE is ~28-30, and 24-27 sits just above the classic <=23 dementia screen cutoff). This is a low-normal slice of healthy adults, not an MCI or dementia cohort — dementia is an explicit exclusion and the registry classifies the condition as healthy. Because the researcher flagged this rather than hiding it, it is not a misdescription.

OBJECTIVE COGNITIVE OUTCOME PRESENT. Primary outcomes field reads exactly ""Cognitrax"". Cognitrax is the Japanese deployment of the CNS Vital Signs computerised neurocognitive battery (objective performance testing incl. composite memory), which is consistent with its use here as the screening instrument in criterion 1. Secondary outcomes are QoL (POMS2, OSA-MA) and safety — i.e. the objective battery is the primary, not an afterthought.

READOUT GENUINELY PENDING. Recruitment status ""No longer recruiting"". Date of protocol fixation 2025/02/10, Anticipated trial start 2025/02/20, Last follow-up date 2025/12/03 (passed), Last modified on 2026/06/07 08:01:34 — all four dates match the claim exactly. ""Publication of results"" reads ""Unpublished"". Every results field on the page is blank: Results, Results date posted, Date of the first journal publication of results, Baseline Characteristics, Participant flow, Adverse events, Outcome measures, URL related to results and publications, Number of participants enrolled. Three web searches (by UMIN ID, by sponsor/product, and a domain-restricted search of PubMed/PMC/J-STAGE/MDPI/Frontiers) surfaced no publication of this trial; the nucleotide-cognition papers that do exist are other trials (TALENTs, China, 19 weeks; a 10-week triple-blind trial), not this one.

THREE CLAIMED QUOTES ALL VERBATIM. ""Subjects with an MMSE score of 24 to 27 at screening and a Cognitrax standardized score of 60 to 90 for composite memory"" (inclusion criterion 1), Primary Outcomes: ""Cognitrax"", Publication of Results: ""Unpublished"".

BONUS FIELD THE CLAIM OMITTED, which strengthens rather than undercuts it: ""Date trial data considered complete: 2026/05/18"" — already passed. Combined with last follow-up 2025/12/03 and a 2026/06/07 record touch that still says Unpublished, the data are locked and a readout is overdue, which makes this a live prediction target rather than a trial still in flight.

CONTEXT WORTH CARRYING FORWARD: sponsor is Tashikani Plus Co., Ltd; Funding Source is YAMASA CORPORATION, categorised ""Profit organization""; single site (Kanyukai clinic, Osaka); IRB is the Japan Food Evidence Association. This is an industry-funded single-site food-ingredient trial with n=84, so expect the usual sponsor-funded small-nutraceutical publication-bias and multiplicity pressures when scoring any prediction against it.

Deducting 0.05 only because publication absence is proven by search rather than by an authoritative negative, and a Japanese-language journal readout could in principle exist unindexed.",,,
nutraceutical,CONFIRMED,PROSPERO,CRD420251140305,https://www.crd.york.ac.uk/PROSPERO/view/CRD420251140305,Creatine supplementation and cognitive function in healthy adults: a systematic review and meta-analysis.,Creatine supplementation. Registry Intervention[IV] field confirmed to contain 'creatine'. Dose/duration not readable from the fields I could query.,"Healthy adults per the registered title. Judgement: healthy adults, with a caveat - the Population[PA] field is confirmed to contain 'adults' but a field-scoped query for 'healthy' in PA returned no match, so the healthy restriction is evidenced by the title rather than by the population field.",not stated,"Main outcomes[OP] field confirmed to contain 'cognitive'; queries for memory, attention, executive and processing in OP all returned no match, so the registered primary outcome appears to be global cognitive function rather than a named domain or instrument.",Ongoing,No anticipated completion date readable. PROSPERO registration date (RIS DP field) 18/09/2025; review status Ongoing as of this session.,Creatine supplementation and cognitive function in healthy adults: a systematic review and meta-analysis.,A dated prediction would claim the sign and significance of the pooled creatine-on-cognition effect in healthy adults. This is the weakest of the four PROSPERO entries on outcome specificity - the registered outcome is generic 'cognitive function' - so a prediction should be framed on the headline pooled estimate rather than on any particular test.,"Independently re-found and read the raw record, not the researcher's summary. The public URL is a JS shell (WebFetch returns an empty SPA), so I reverse-engineered the PROSPERO frontend bundle (https://www.crd.york.ac.uk/PROSPERO/static/js/main.2ca48f84.js) to recover the API base (https://www.crd.york.ac.uk/PROSPERO/api/) and the required header pair (prospero-access-token, plus prospero-auth-token = base64(Date.now())), then hit two independent endpoints: POST /api/search and GET /api/view/CRD420251140305/0/0 (58KB full record, incl. version history).

ID RESOLVES, SAME STUDY. Search index returns _id 1140305, accessionnumber ""CRD420251140305"", editingstatus ""live"", reviewstatus ""Ongoing"", yearfirstpublished 2025. The 15-character ID format is legitimate for post-2025 PROSPERO (a sibling hit in the same index is CRD420261463060). Record metadata: PublicationStatus ""Registered"", EditingStatus ""Stable"", template ""Systematic review of interventions"", 2 previous versions.

TITLE: exact match — ""Creatine supplementation and cognitive function in healthy adults: a systematic review and meta-analysis."" Team: Guilherme Neves Eberhardt (guarantor/contact, gneberhardt@ucs.br), Moisés Pinto, Pedro Lopez da Cruz, Anderson Rech; Universidade de Caxias do Sul, Brazil. No external funding, no peer review.

POPULATION — HEALTHY ADULTS: the CLAIMED QUOTE is verbatim correct. Included: ""Adults aged 18 years or older eligible to undertake creatine supplementation."" Excluded: ""Sleep or oxygen deprived individuals; Individuals with neurodegenerative diseases (e.g., Alzheimer's, Parkinson's) or other diseases that could impair cognition (e.g., fibromyalgia)."" The researcher's own characterization — healthy defined by exclusion rather than positive screen, looser than the caffeine/theanine records but excluding all patient groups — is accurate and honestly flagged. Review objectives explicitly say ""in healthy adults."" Not a patient population.

INTERVENTION: matches — ""any type of creatine supplementation protocol (loading, slow intake) lasting at minimum 5 days"", comparator ""Placebo control group"", design ""Only randomized study types will be included.""

COGNITIVE OUTCOME: Main outcome ""Global cognitive function measured by any valid questionnaire."" Additional outcomes: ""Cognitive domains (e.g., memory, executive function, attention, processing speed, visuospatial skills, language) measured by any valid tool or questionnaire."" — the claimed quote is verbatim. The researcher's caveat is right, and I'd sharpen it slightly: the MAIN outcome line says ""questionnaire"" only (no ""tool""), so it is the ADDITIONAL outcomes line that carries the ""any valid tool or questionnaire"" wording quoted. Still, objective performance constructs are named (processing speed, executive function, attention), MeSH terms include Attention/Cognition/Executive Function, eligibility is RCT-only with placebo, and the cited creatine-cognition RCT literature is overwhelmingly objective performance testing. Not NOT_COGNITIVE.

STATUS AND DATES: ""Date of first submission to PROSPERO 05 September 2025""; ""Date of registration in PROSPERO 05 September 2025""; current-version Review timeline ""Start date: 22 September 2025. End date: 21 September 2026"" — i.e. tomorrow relative to today, 20 Sep 2026. Exactly as claimed. (Version 1.0 originally stated 12 Sep 2025 – 11 Sep 2026; a revision note says ""The start date was corrected due to delays in initiating the review process"", and v1.2 of 18 Sep 2025 is the operative version. The claim uses the current dates, correctly.) Review status text: ""The review is currently planned or ongoing."" Publication of review results: ""Results of the review will be published in English"" — forward-looking, no results posted.

NOT ALREADY PUBLISHED / NOT ABANDONED: no results in the record, no withdrawal or termination marker, editing status live/Stable. Web search finds no output from this team; the published creatine-cognition meta-analyses that exist belong to other groups (CRD42024533557 / Frontiers in Nutrition 2024, which this record explicitly lists under similar-records and says it supersedes with improved methods, plus a 2025 older-adult review CRD420251102945).

CAVEAT (not disqualifying, worth carrying forward): the record's last edit is version 1.2 of 18 Sep 2025, and its stage-of-review snapshot as of that date shows only ""Pilot work"" started — formal searching, screening, extraction, risk-of-bias and synthesis all unticked. So 21 Sep 2026 is the authors' stated target end date, not evidence a readout actually lands tomorrow; twelve months of registry silence means the readout could well slip. That affects timing expectations, not the CONFIRMED verdict: the registration is real, matches the description, is healthy-adult, has cognitive outcomes, and has no results out.",,,
nutraceutical,CONFIRMED,PROSPERO,CRD420251160876,https://www.crd.york.ac.uk/PROSPERO/view/CRD420251160876,L-theanine supplementation for cognitive function in healthy adults,L-theanine supplementation. Dose/duration not readable from the fields I could query.,Healthy adults. Judgement: healthy adults. Population[PA] field confirmed to contain both 'healthy' and 'adults'.,not stated,"Field-scoped queries confirm the Main outcomes[OP] field contains attention, memory and cognitive; specific instruments not readable from the index.",Ongoing,No anticipated completion date readable. PROSPERO registration date (RIS DP field) 03/10/2025; review status Ongoing as of this session.,L-theanine supplementation for cognitive function in healthy adults,"A dated prediction would claim whether this review concludes L-theanine has a reliable effect on objective attention or memory in healthy adults; the registration is authored by a Cochrane-affiliated Argentine group (Escobar Liquitay, Garegnani), so a methodologically strict null is a live possibility worth predicting against.","VERIFICATION METHOD: The PROSPERO record page is a JavaScript SPA that returns an empty shell to WebFetch/curl, and browser tools were unavailable (Browser pane denied crd.york.ac.uk; claude-in-chrome not connected; r.jina.ai returned 401). I therefore pulled the site's own React bundle (https://www.crd.york.ac.uk/PROSPERO/static/js/main.2ca48f84.js), recovered the backend API contract (POST {prosperoURL}search with a `prospero-auth-token` header = base64 of epoch-ms), and queried the authoritative backend directly. This is the same endpoint the official PROSPERO UI reads, so the evidence is first-party registry data, not a third-party mirror.

FINDINGS (all independently re-derived, not taken from the claim):

1. ID RESOLVES, UNIQUELY. Field-scoped query `crd420251160876:AN` returns exactly 1 hit, recordid 1160876, accessionnumber ""CRD420251160876"". Not a fabricated or mis-parsed identifier. (My initial prior was that a 7-digit tail was malformed — that prior was wrong; PROSPERO recordids crossed 1,000,000 in 2025, e.g. the neighbouring real record CRD420251266075.)

2. TITLE MATCHES VERBATIM. Indexed title: ""L-theanine supplementation for cognitive function in healthy adults"" — character-for-character the claimed quote.

3. STATUS = ONGOING, RECORD LIVE. _source shows reviewstatus ""Ongoing"", editingstatus ""live"", yearfirstpublished ""2025"". Cross-checked by field-scoped query: `crd420251160876:AN AND Ongoing:RS` = 1 hit; `crd420251160876:AN AND Completed:RS` = 0 hits. Not withdrawn, not terminated, not completed.

4. POPULATION = HEALTHY ADULTS (independently confirmed at field level). The PA code maps to the ES field `population`. `theanine:RQ AND healthy:PA` -> record present; `theanine:RQ AND adults:PA` -> present; `theanine:RQ AND patients:PA` -> ABSENT; `theanine:RQ AND children:PA` -> ABSENT. This is positive and negative evidence, so it rules out REJECT_WRONG_POPULATION.

5. COGNITIVE OUTCOMES PRESENT. The OP code maps to `outcomesmain`. `theanine:RQ AND cognitive:OP`, `... AND memory:OP`, `... AND attention:OP` each return the record. Rules out REJECT_NOT_COGNITIVE.

6. REGISTRATION DATE CONFIRMED. The RIS export (download=""ris"") returns for this record: ""DP  - 03/10/2025"", ""YR  - 2025"", ""SO  - https://www.crd.york.ac.uk/PROSPERO/view/CRD420251160876"", authors ""Estefania Quarteroni; Juan Pablo Rodriguez; Samanta Diaz Menai; Camila Escobar Liquitay; Luis Garegnani"". The claimed DP value is exactly right (PROSPERO uses dd/mm/yyyy, so 3 October 2025 — confirmed by the sibling record's ""DP - 02/03/2026"" carrying YR 2026).

7. NOT ALREADY PUBLISHED. PubMed returns zero records for Quarteroni or Garegnani AND theanine. The three published 2025-2026 L-theanine/cognition systematic reviews are all from other groups (Gerolymos et al., Mol Psychiatry, 2026 Jul; Cotter et al., Nutr Neurosci, 2026 Feb — sleep; Payne et al., Nutr Rev, 2025 Oct). Rules out REJECT_ALREADY_PUBLISHED for THIS registration.

8. NOT CONFUSED WITH A NEIGHBOUR. A genuinely distinct registration exists, CRD42024575122 ""The efficacy of L-theanine on cognitive function in healthy adult individuals"", also Ongoing. The claimed ID is not that record; the two are separately indexed.

NOTHING MISDESCRIBED. The researcher's hedges are honest rather than wrong: they said dose/duration and the specific cognitive instruments were not readable from the queryable fields, and I could not read them either (the API restricts _source to a handful of fields and the detail page needs JS). They claimed no anticipated completion date was readable — I also found no exposed completion-date field. So there is no material detail asserted that turns out to be false.

CONFIDENCE 0.9, NOT 1.0. Two residual gaps: (a) I never rendered the human-facing record page, so I verified field-token membership (""cognitive"", ""attention"", ""memory"" appear in Main outcomes) rather than reading the full outcome sentence and confirming named objective instruments; for a systematic review of L-theanine cognition RCTs this is near-certain but not literally read. (b) ""Ongoing"" is a self-reported registry status that authors often leave stale; registered 3 Oct 2025 and ~11.5 months old as of today, it is plausibly still live but PROSPERO does not force updates.

FORECASTING CONTEXT WORTH FLAGGING (not a rejection reason): a large meta-analysis on essentially this question — Gerolymos et al., ""Cognitive and affective effects of L-Theanine: a systematic review and meta-analysis of 31 randomized trials"", Mol Psychiatry, 6 Jul 2026 — is already out from an unrelated group. This registration's own readout is still pending, but its eventual result is unlikely to be informationally independent of that already-published synthesis.",,,
nutraceutical,CONFIRMED,PROSPERO,CRD420251208498,https://www.crd.york.ac.uk/PROSPERO/view/CRD420251208498,Effect of blueberry supplementation on indices of cognitive function in cognitively healthy adults: a systematic review and meta-analysis.,Blueberry supplementation. Registry Intervention[IV] field confirmed to contain 'blueberry'. Dose/duration not readable from the fields I could query.,"Cognitively healthy adults. Judgement: healthy adults. Population[PA] field confirmed to contain both 'healthy' and 'adults'; it also contains 'dementia', which in context is almost certainly an exclusion statement - I could not read the field verbatim to confirm that, so I am flagging it rather than asserting it.",not stated,"Field-scoped queries confirm the Main outcomes[OP] field contains memory, attention and executive (function); specific instruments not readable from the index.",Ongoing,No anticipated completion date readable. PROSPERO registration date (RIS DP field) 18/03/2026; review status Ongoing as of this session; within the registry's 'last 6 months' bucket.,Effect of blueberry supplementation on indices of cognitive function in cognitively healthy adults: a systematic review and meta-analysis.,"A dated prediction would claim whether this meta-analysis reports a statistically significant pooled benefit of blueberry on objective cognition in cognitively healthy adults - a direct test against the project's prior on berry polyphenols, and one with a near-term registration date so the review is unlikely to be years away.","Re-found independently via PROSPERO's own JSON API rather than the public URL. Important methodological note: https://www.crd.york.ac.uk/PROSPERO/view/CRD420251208498 is a React single-page app that returns HTTP 200 with an empty shell for ANY path, so a successful plain fetch of that URL is NOT evidence the ID resolves. I retrieved the actual record from https://www.crd.york.ac.uk/PROSPERO/api/view/CRD420251208498/0/0 with the required base64-epoch-milliseconds 'prospero-auth-token' header.

The ID resolves to a real, populated registration whose title matches the claim character-for-character: ""Effect of blueberry supplementation on indices of cognitive function in cognitively healthy adults: a systematic review and meta-analysis."" Authors Molly Sykes, Shaun Ward, Abbie Cawood (Holland and Barrett, UK). Template variant: Systematic review of interventions. PublicationStatus=Registered, Latest, IsLiving=0, EditingStatus=Amending.

POPULATION - healthy adults, confirmed verbatim, and the researcher's flagged suspicion was right. Eligibility field reads: ""Included -Healthy adults, >=18 years, without cognitive-related comorbidities -Other diseases not related to cognition including cancer, diabetes, heart disease etc. Excluded -Participants less than 18 years of age -Adults with cognitive disease, including mild cognitive impairment or dementia"". The 'dementia' token in the PA index is an exclusion statement, exactly as the researcher hedged. Not a patient population.

INTERVENTION - ""Blueberry supplementation (whole blueberries, juice, extracts and powders) irrespective of dose will be the intervention. Studies using both shorter term and / or longer term intervention periods will be included."" Comparator: placebo. Randomized designs only. Bilberry is also eligible alongside blueberry.

OUTCOME - objective cognitive performance outcomes are unambiguously present: ""Executive function, attention, verbal learning and delayed recall, short term memory and short term verbal memory, reaction time, working memory, episodic memory, psychomotor function and mood"", with a named instrument list including Stroop Colour/Word, Trail Making Test, Rey Auditory Verbal Learning Test, CANTAB, Wisconsin Card Sorting, Digit Symbol Substitution, WAIS, backward/forward digit and spatial span, Hopkins and California Verbal Learning Tests, MoCA and MMSE. Mood is an additional outcome, not a substitute for objective cognition.

PENDING - review status field states ""The review is currently planned or ongoing."" Stage checkboxes show pilot work, formal searching and screening started AND completed, while data extraction/receipt of IPD, risk of bias assessment and data synthesis are all unticked. Version 1.0 published 18 Mar 2026 with EditingStatus 'Amending', i.e. the team is actively working the record - not terminated, withdrawn or abandoned. No results are posted in the registry. A PubMed sweep (blueberry[ti] AND cognit*[ti], plus author search) returns no publication by Sykes, Ward or Cawood; the only 2026-dated blueberry-cognition review indexed, PMID 41974068, is by an unrelated group (He Y, Yang J, Zhang S, Mai J) and is a different study. So results are not already out.

Every fact the researcher actually ASSERTED checks out, including the 18/03/2026 registration date (record field ""Date of registration in PROSPERO => 18 March 2026""; version history ""Version 1.0, published 18 Mar 2026""). The two things they explicitly flagged as unreadable rather than asserted (the dementia context and dose/duration) both resolve in their favour. I therefore do not treat this as MISDESCRIBED - nothing stated is false. One correction is supplied below because it is material to the readout timing.

Residual uncertainty, driving confidence to 0.92 rather than higher: the anticipated end date of 30 April 2026 is roughly five months in the past as of today (2026-09-20) while the record still reads 'ongoing'. The readout is genuinely pending but it is OVERDUE, so the effective readout date is unknown rather than imminent. I also cannot fully exclude publication in a venue not indexed by PubMed.

Bias flag for downstream use, not affecting the verdict: all three authors are employees of Holland & Barrett Retail Limited, the review is commercially funded by Holland & Barrett Retail Limited, three team members declared a conflict of interest, and there has been no peer review of the planned review. Synthesis is also planned to be done ""by one author"", with risk of bias assessed by one person only.","The registration is real, correctly described and genuinely pending; no asserted detail is wrong. One factual gap should be filled rather than left as ""not readable"": the researcher wrote ""No anticipated completion date readable"", but the record DOES contain an anticipated completion date. The ""Review timeline"" field reads verbatim ""Start date: 25 November 2025. End date: 30 April 2026."" That anticipated end date has already elapsed (today is 2026-09-20), so the correct characterisation is ""readout overdue, review still registered as ongoing"" rather than ""no completion date given"". Two further hedges now resolve: (1) the 'dementia' term in the Population[PA] field is confirmed to be an EXCLUSION criterion (""Excluded ... Adults with cognitive disease, including mild cognitive impairment or dementia""), the population being ""Healthy adults, >=18 years, without cognitive-related comorbidities""; (2) dose and duration ARE specified - ""irrespective of dose"", covering whole blueberries, juice, extracts and powders, across both shorter- and longer-term intervention periods, randomized designs with placebo comparator, and bilberry is eligible in addition to blueberry. Also worth recording: the review's other date fields are ""Date of first submission to PROSPERO: 08 January 2026"" and ""Date of registration in PROSPERO: 18 March 2026"", and a note that all three authors are Holland & Barrett employees with the review commercially funded by Holland & Barrett Retail Limited and no peer review of the protocol.","30 April 2026 (registry-stated anticipated end date; already elapsed as of 2026-09-20, with the review still marked ongoing and data extraction, risk-of-bias and synthesis stages incomplete, so the actual readout date is now indeterminate/overdue)","CAVEAT 2026-09-20: PROSPERO EditingStatus is 'Amending', so the review's scope is in motion and it is a moving target for pre-registration. Abstains regardless (blueberry has no ledger row)."
nutraceutical,CONFIRMED,PROSPERO,CRD420251266075,https://www.crd.york.ac.uk/PROSPERO/view/CRD420251266075,The Effects of Blackcurrant-Based Supplements on Cognitive Function and Mood in Healthy Adults: A Systematic Review of Acute and Chronic Intervention Trials.,"Blackcurrant-based supplements (anthocyanin-rich berry polyphenol), acute and chronic intervention trials. Registry Intervention field confirmed to contain 'blackcurrant'. No dose/duration readable from the fields I could query.","Healthy adults. Judgement: healthy adults. The registered title states it, and a field-scoped query confirms the Population[PA] field contains 'healthy'.",not stated,"Field-scoped queries confirm the Main outcomes[OP] field contains memory, attention and executive (function); the specific instruments are not readable from the index fields I could query. Mood is a secondary domain in the title.",Ongoing,No anticipated completion date readable. PROSPERO registration date (RIS DP field) 02/03/2026; review status Ongoing as of this session; record is live and within the registry's 'last 6 months' bucket.,The Effects of Blackcurrant-Based Supplements on Cognitive Function and Mood in Healthy Adults: A Systematic Review of Acute and Chronic Intervention Trials.,"A dated prediction would claim the direction and significance of this review's pooled conclusion on blackcurrant/anthocyanin effects on objective cognition in healthy adults - and, more sharply, whether it concludes acute effects are real while chronic effects are not, which is the split its own title sets up.","Re-found the record myself, not via the claimed URL's rendered text (that page is an empty React shell to any non-JS fetch). Two independent API routes on crd.york.ac.uk confirmed it:

(1) Accession search POST /PROSPERO/api/search with term ""(CRD420251266075):AN"" returns exactly 1 hit: recordid 1266075, accessionnumber ""CRD420251266075"", title ""The Effects of Blackcurrant-Based Supplements on Cognitive Function and Mood in Healthy Adults: A Systematic Review of Acute and Chronic Intervention Trials."", reviewstatus ""Ongoing"", editingstatus ""live"", recordtype ""Clinical"", region Europe.

(2) GET /PROSPERO/api/view/CRD420251266075/0/0 returns the full published record. Metadata block: PublicationStatus ""Registered"", EditingStatus ""Stable"", Latest ""Latest"", IsLiving 0, Purpose ""live"". Team: Harriet Cannell (guarantor, ORCID 0009-0005-3781-140X), Theocharis Ispoglou, Lauren Owen, Isobel Harris; Leeds Beckett University, England. Funding: ALPHAGEN NZ Limited (PhD sponsorship).

ID resolves, and to THIS study — not a different one. Title matches character-for-character including the trailing period.

POPULATION (healthy adults): verbatim from the record — ""Healthy Participants (>=18 years of age), regardless of sex, ethnicity, or educational background. Cognitively and psychologically healthy individuals, including those who may experience common subclinical variations such as everyday stress, mild anxiety, or transient low mood provided no formal clinical diagnosis has been made."" Excluded: diagnosed psychiatric/neurological/neurodegenerative disorder (e.g. dementia, Parkinson's), and anyone undergoing pharmacological or psychological treatment for mood or cognitive disorders. The claimed quote is exact.

OBJECTIVE COGNITIVE OUTCOME: present and primary. Main outcomes field: ""Cognitive performance: Changes in validated measures of cognitive function, including executive function, attention and memory domains."" It is listed separately from the mood outcomes (POMS, Bond-Lader VAS, BDI, STAI), exactly as the researcher described. Measure of effect: standardised mean difference. Condition/domain field carries the second claimed quote verbatim: ""Objective cognitive performance (e.g., memory, executive function, attention, information processing speed), will be assessed using validated measures of cognitive function."" Objective 1 is likewise objective cognition vs placebo.

INTERVENTION: matches — acute (within 24 h of a single dose) or chronic (daily, any duration >1 day) oral blackcurrant supplementation, whole fruit/extract/formulation where blackcurrant is the primary bioactive; any dose/frequency/formulation; comparator is a matched placebo or control without blackcurrant or comparable bioactives. RCTs only, parallel or crossover.

PENDING READOUT: Date of first submission to PROSPERO 20 December 2025; Date of registration in PROSPERO 05 January 2026; Review timeline start 19 December 2025, end 19 December 2026 — all three exactly as claimed, and the end date is ~3 months after today (2026-09-20). Current stage table shows only ""Pilot work"" started and NOTHING completed: formal searching, screening, data extraction, risk of bias and data synthesis are all unstarted. Review status: ""The review is currently planned or ongoing."" Not terminated, not withdrawn, not abandoned.

NOT ALREADY PUBLISHED: PubMed E-utilities query on (blackcurrant OR black currant OR Ribes nigrum) AND (cognit* OR mood) AND (systematic review OR meta-analysis) returns a single hit, PMID 32460873 (2020), which is New Zealand blackcurrant and SPORT PERFORMANCE, not cognition. No blackcurrant-cognition systematic review exists. Confirms the researcher's claim.

Two immaterial notes, neither changing the verdict: (a) the record has a version history — Version 1.0 published 05 Jan 2026, Version 2.0 published 02 Mar 2026; the v2 revision note is only ""I am declaring a funding contribution towards the review"", i.e. the Alphagen funding disclosure, not a change to population, outcome or timeline. The RIS export therefore shows DP 02/03/2026 (the v2 publication date), which is why a naive export read could look like a date mismatch — the record's own timeline fields are the ones quoted above and they match the claim. (b) The claim phrases it as ""Registered 20 December 2025 (record dated 05 January 2026)""; PROSPERO labels 20 Dec 2025 as date of FIRST SUBMISSION and 05 Jan 2026 as date of REGISTRATION, so the two labels are swapped relative to PROSPERO's wording. Both dates are correct and present; the readout date that matters (19 December 2026) is right. Not a material misdescription.

Confidence 0.96 rather than 1.0 only because I read the record through the site's JSON API rather than the rendered page; the payload is the same source the page renders, and two independent endpoints agree.",,,
nutraceutical,CONFIRMED,ClinicalTrials.gov,NCT06690892,https://clinicaltrials.gov/study/NCT06690892,Understanding the Cognitive and Brain Health Effects of Increasing Beef Consumption in Young Adults,"Ready-to-eat beef, 25 oz/week (5 portions) vs control 5 oz/week (5 x 1-oz portions), for 12 weeks","Healthy adults aged 19-24, BMI 18.5-39.9, living within 75 miles of Lincoln, NE. Judgement: healthy adults. Explicitly excludes any diagnosed cognitive or metabolic disease, eating or anxiety disorders, and current/recent nicotine use.",240 (ESTIMATED),"WAIS-V (Wechsler Adult Intelligence Scale, 5th edition) plus NIH Toolbox Flanker, Dimensional Change Card Sort, and List Sorting Working Memory Test, all at baseline and 12 weeks",RECRUITING,Primary completion and overall completion both 2026-09 (estimated); last update posted 2026-05-29,No history of cognitive or metabolic diseases indicated by diagnosis ... NIH Toolbox (List Sorting Working Memory Test),"A dated prediction would claim whether a five-fold increase in beef intake for 12 weeks moves WAIS-V or NIH Toolbox executive-function scores in 240 healthy 19-24-year-olds, with the stated readout date essentially now.","I re-found the registration myself rather than accepting the description. NCT06690892 resolves on the ClinicalTrials.gov API v2 (the /study/ HTML page is a JavaScript shell and returns only nav chrome, which is a rendering artifact, not a resolution failure). I pulled the record twice with different field scopes and got consistent literal values, then corroborated the NCT number, sponsor, and dose design against an independent third-party registry mirror (withpower.com).

Field-by-field check against the claim:
- IDENTIFIER/TITLE: official title is verbatim ""Understanding the Cognitive and Brain Health Effects of Increasing Beef Consumption in Young Adults"" (brief title differs: ""Investigating the Effects of Beef Consumption on Cognitive and Brain Health""). Sponsor: University of Nebraska-Lincoln, with National Cattlemen's Beef Association collaboration. Not a different study.
- INTERVENTION: experimental = 5 weekly 5-oz ready-to-eat lean beef portions (25 oz/wk); control = 5 weekly 1-oz portions (5 oz/wk); 12 weeks. Matches exactly.
- POPULATION: healthyVolunteers = true; min age ""19 Years"", max age ""24 Years""; BMI 18.5-39.9; lives within 75 miles of Lincoln, NE. Inclusion excludes history of cognitive or metabolic disease and of eating or anxiety disorders; exclusion covers current nicotine/vaping use and use within the prior 6 months. Healthy adults, not patients. Matches.
- OUTCOME: objective cognitive performance measures are present as PRIMARY outcomes, listed verbatim as ""WAIS-V"", ""NIH Toolbox (Dimensional Change Card Sort)"", ""NIH Toolbox (Flanker)"", ""NIH Toolbox (List Sorting Working Memory Test)"". MRI is secondary. Passes the objective-cognition test.
- CLAIMED QUOTE: both fragments are verbatim in the record — ""No history of cognitive or metabolic diseases indicated by diagnosis"" appears in inclusion criteria, and ""NIH Toolbox (List Sorting Working Memory Test)"" is a literal primary outcome title. The quote is real, not reconstructed.
- PENDING READOUT: overallStatus = RECRUITING; hasResults = false; primary completion 2026-09 (estimated) and completion 2026-09 (estimated); last update posted 2026-05-29; start date 2025-09-22. Nothing is posted.

Already-published check: the only closely related 2026 literature I found is a Frontiers in Nutrition Perspective (10.3389/fnut.2026.1770273) on beef, iron status, and cognition in young adult females. It is a review/perspective, does not cite NCT06690892, and reports no outcome data from this trial; the only primary data it mentions is a separate unpublished 30-day pilot. So this is not a prior results publication.

Caveats that do not change the verdict: (1) the claim says outcomes are assessed ""at baseline and 12 weeks"" — consistent with the 12-week pre/post design, but I did not confirm the outcome time-frame strings verbatim; (2) the 2026-09 readout date is registry-accurate as stated, but a trial still RECRUITING as of the 2026-05-29 update with a 12-week intervention plus screening and follow-up is very unlikely to actually read out in September 2026 — expect slippage. That is a forecasting caveat about the estimate, not a misdescription of the registration; (3) worth noting for downstream interpretation that the beef-industry trade association is a named collaborator.",,,
nutraceutical,CONFIRMED,ClinicalTrials.gov,NCT07119788,https://clinicaltrials.gov/study/NCT07119788,"Investigating the Cognitive, Vascular, and Metabolic Benefits of a Vitamin- and Mineral-Enhanced Haskap Berry Dietary Supplement","6 g freeze-dried haskap (honeyberry) powder, or 6 g haskap powder fortified with potassium iodide, zinc bisglycinate, vitamin B5 and vitamin B12, vs calorie-matched colour/flavour-matched placebo powder. Acute (2 h) and 4-week arms.","Adults aged 50 and over with fruit and vegetable intake of 4 servings/day or less and normal BMI for age. Judgement: healthy adults. Excludes diagnosed psychological/psychiatric disorders, ADHD, dyslexia, cardiometabolic disease, untreated hypertension and blood thinners.",90 (ESTIMATED),"Delayed recall on the Rey Auditory Verbal Learning Task (RAVLT), at baseline, 2 hours and 4 weeks",RECRUITING,"Primary completion 2026-02 (estimated); overall completion 2026-04 (estimated); last update posted 2025-08-13. Both stated dates have passed with no results posted, so this is a completed-but-unpublished candidate.",healthy ageing adults aged 50+ ... Delayed recall (Rey Auditory Verbal Learning Task),"A dated prediction would claim whether haskap berry powder beats placebo on RAVLT delayed recall in 90 healthy over-50s, and whether the vitamin/mineral-fortified version outperforms the pure berry powder - an anthocyanin-vs-micronutrient contrast within a single trial.","Re-found the record myself rather than trusting the claim. The study/NCT07119788 HTML page returns only the client-rendered SPA shell (no data), so I pulled the record from the ClinicalTrials.gov v2 API twice via two different endpoints — the single-study endpoint (/api/v2/studies/NCT07119788) and the field-filtered search endpoint (query.id=NCT07119788&fields=...). Both resolved to the same registration, with identical values, so the record is real and not a same-model confabulation of one summary pass.

ID RESOLVES TO THE RIGHT STUDY. Official title matches the claim verbatim: ""Investigating the Cognitive, Vascular, and Metabolic Benefits of a Vitamin- and Mineral-Enhanced Haskap Berry Dietary Supplement."" Sponsor: University of Reading. Interventional, n=90, United Kingdom. Condition listed is ""Cognition"" (not a disease).

INTERVENTION MATCHES. Three dietary-supplement arms as described: 6 g freeze-dried haskap berry powder; 6 g fortified with potassium iodide, zinc bisglycinate, vitamin B5 and B12; and a 6 g calorie-matched, artificially coloured/flavoured placebo powder.

POPULATION IS HEALTHY ADULTS. healthyVolunteers = true, minimum age 50 years. Inclusion: age 50+, fruit/veg intake <=4 servings/day, normal BMI for age, adequate English and sensory acuity. Exclusions confirm a healthy sample rather than a patient sample: psychological/psychiatric diagnoses, ADHD, dyslexia, cardiometabolic disease, untreated hypertension, blood thinners, nutrient absorption disorders, recent antibiotics. Not REJECT_WRONG_POPULATION.

OBJECTIVE COGNITIVE OUTCOME IS PRESENT AND IS PRIMARY. Primary outcome is verbatim ""Delayed recall (Rey Auditory Verbal Learning Task)"" at baseline, 2 hours and 4 weeks — exactly as claimed. Secondary objective cognitive measures reinforce this: RAVLT rate of learning and word recognition, Modified Attention Network Task, Task Switching Task, Corsi Block Tapping Task. Not REJECT_NOT_COGNITIVE.

READOUT IS GENUINELY PENDING. hasResults = false on the registry. Overall status = RECRUITING. Primary completion 2026-02 (estimated), overall completion 2026-04 (estimated), last update posted 2025-08-13 — all three exactly as claimed. Today is 2026-09-20, so both estimated dates have passed while the record has sat un-updated for ~13 months: the completed-but-unpublished signature, not an abandonment. Nothing in the record indicates terminated, suspended or withdrawn, so REJECT_NO_PENDING_READOUT does not apply. I also searched for a published readout and found none: hits were the sponsor's own HACVAC recruitment page (still presented in active terms, no findings section) and the unrelated 2018/2019 Bell et al. acute haskap-extract pilot in European Journal of Nutrition, which is a different and earlier trial. Not REJECT_ALREADY_PUBLISHED.

Two minor, non-material imprecisions in the researcher's write-up, neither rising to REJECT_MISDESCRIBED: (1) ""Acute (2 h) and 4-week arms"" is loose — the arms are the three supplement conditions, while 2 h and 4 weeks are assessment timepoints within the same parallel-group design; (2) the first half of the claimed quote, ""healthy ageing adults aged 50+"", I could not confirm as a verbatim registry string, though it is an accurate paraphrase of the eligibility record and of the sponsor's description. The second half of the quote is verbatim.

Confidence is 0.93 rather than higher because the registry HTML page itself would not render for me, so every registry-side check came through the API (albeit two independent endpoints) rather than a human-visible page render.",,,
nutraceutical,CONFIRMED,ClinicalTrials.gov,NCT07235878,https://clinicaltrials.gov/study/NCT07235878,"Effects of 12-week Magnesium Supplementation on Peri-menopause Symptoms, Cognition, Sleep and Psychological Wellbeing - a Randomised, Placebo-controlled Trial","Magnesium hydroxide 375 mg, 2 capsules per day for 12 weeks, vs placebo",Women aged 40-60 who self-assess as healthy and report troublesome perimenopause symptoms but are not post-menopausal. Judgement: healthy adults. Excludes anyone on antidepressant/antianxiety medication or any drug likely to affect cognition or sleep in the past 6 months.,58 (ESTIMATED),"Numeric working memory task % accuracy and reaction time; plus 3-back accuracy/RT, Corsi blocks span, alphabetic working memory, and word/picture recognition accuracy and RT, all as co-primaries",ACTIVE_NOT_RECRUITING,Primary completion 2026-10-18 (estimated); overall completion 2026-12-01 (estimated); last update posted 2026-08-05,Self-assess as healthy ... Numeric working memory task % accuracy,"A dated prediction would claim whether 12 weeks of 375 mg magnesium hydroxide improves objective working-memory accuracy or reaction time versus placebo in 58 healthy perimenopausal women, with a readout roughly one month away.","Re-found the record myself via three independent ClinicalTrials.gov API v2 queries (full record, search-index lookup by ID, and an outcomes-module-only pull). The human-facing /study/ URL returns only the SPA shell, so I did not rely on it.

ID RESOLVES AND MATCHES: NCT07235878 returns exactly one study, ""Effects of 12-week Magnesium Supplementation on Peri-menopause Symptoms, Cognition, Sleep and Psychological Wellbeing - a Randomised, Placebo-controlled Trial"" (brief title: ""12-week Magnesium Supplementation on Peri-menopause Symptoms, Cognition, Sleep, and Psychological Well-being""). Sponsor: Northumbria University. Enrollment 58 (estimated). Start 2025-12-09. Not a different study; no fabrication signature.

POPULATION = HEALTHY ADULTS: Sex female, age 40-60, healthyVolunteers flag = Yes. Inclusion requires self-assessed health plus troublesome perimenopause symptoms in the past 6 months and not post-menopausal. Exclusions include recent antidepressant/antianxiety medication. Perimenopause is a life stage, not a disease population, and the registry itself classifies these as healthy volunteers, so the researcher's judgement holds.

OBJECTIVE COGNITIVE OUTCOME PRESENT: All 11 primary outcomes are objective computerised cognitive performance measures — numeric working memory % accuracy and RT, 3-back % accuracy and RT, Corsi blocks task score (level reached), alphabetic working memory % accuracy and RT, and word/picture recognition % accuracy and RT, each at baseline/6 weeks/12 weeks. Corsi and alphabetic WM are indeed PRIMARY, as claimed. The self-report scales (MENQOL, CES-D, STAI-T, PSS, VAMS, PROMIS-SRI/SD) are all SECONDARY, so the cognitive battery is not diluted by subjective co-primaries.

READOUT GENUINELY PENDING: Status ACTIVE_NOT_RECRUITING; results posted = No. Primary completion 2026-10-18 (estimated) and overall completion 2026-12-01 (estimated) are both in the future relative to today, 2026-09-20. Last update posted 2026-08-05, confirming the record is live and recently maintained, not abandoned. Not terminated, not withdrawn, not published.

INTERVENTION MATCHES: Magnesium hydroxide 375 mg, 2 capsules daily for 12 weeks, versus a matched placebo comparator on the same schedule.

CLAIMED QUOTE VERIFIED: both fragments — the self-assessed-health eligibility language and the outcome titled ""Numeric working memory task % accuracy"" — appear in the record.

Every material detail in the researcher's description checked out against the registry; I found no discrepancy warranting REJECT_MISDESCRIBED. Confidence is 0.95 rather than higher only because the API responses were summarised by a fetch model rather than read as raw JSON by me, though the three queries were mutually corroborating and the outcome list was returned verbatim.",,,
nutraceutical,CONFIRMED,ClinicalTrials.gov,NCT07242430,https://clinicaltrials.gov/study/NCT07242430,"Effects of 12-week Multi-vitamin/Mineral Supplementation on Peri-menopause Symptoms, Cognition, Sleep and Psychological Wellbeing - a Randomised, Placebo-controlled Trial","Multivitamin/mineral supplement (described in the summary as multi-vitamin/mineral and herbal-extract-containing), 1 tablet per day for 12 weeks, vs placebo","Women aged 40-60 who self-assess as healthy and report troublesome perimenopause symptoms but are not post-menopausal. Judgement: healthy adults. Same exclusion set as the magnesium arm, including any medication with strong likelihood of effects on cognition.",58 (ESTIMATED),"Numeric working memory % accuracy and reaction time; plus 3-back accuracy/RT, Corsi blocks task score, alphabetic working memory, and word/picture recognition accuracy and RT, all as co-primaries",ACTIVE_NOT_RECRUITING,Primary completion 2026-10-25 (estimated); overall completion 2026-12-08 (estimated); last update posted 2026-08-05,Self-assess as healthy ... 3-back % accuracy,"A dated prediction would claim whether a daily multivitamin/mineral for 12 weeks beats placebo on n-back and Corsi working-memory performance in 58 healthy perimenopausal women; it is a direct companion to the magnesium trial, so the pair also tests whether the project can discriminate between two supplements in an identical design.","Re-found independently via ClinicalTrials.gov API v2 (the /study/ HTML page is a JS shell returning no record to a fetcher, so I used the API plus a separate query.id search that returned exactly one matching row). NCT07242430 resolves to precisely the claimed registration: ""Effects of 12-week Multi-vitamin/Mineral Supplementation on Peri-menopause Symptoms, Cognition, Sleep and Psychological Wellbeing - a Randomised, Placebo-controlled Trial"", sponsor Northumbria University, randomized, triple-masked, n=58 estimated. POPULATION: healthyVolunteers=true, female, 40-60, inclusion text contains the claimed fragment verbatim (""Self-assess as healthy"") plus troublesome perimenopause symptoms in past 6 months and not post-menopausal; perimenopause is a life stage rather than a patient condition, and the healthy-volunteer flag confirms healthy adults. COGNITIVE: 11 co-primary objective performance outcomes matching the claim item for item - Numeric working memory % accuracy, Numeric working memory reaction time, ""3-back % accuracy"" (second claimed quote fragment, verbatim), 3-Back reaction time, Corsi blocks task score, Alphabetic working memory task % accuracy and reaction time, Word recognition % accuracy/RT, Picture recognition % accuracy/RT. PENDING: hasResults=false, status ACTIVE_NOT_RECRUITING (not terminated or withdrawn), primary completion 2026-10-25 ESTIMATED, overall completion 2026-12-08 ESTIMATED, last update posted 2026-08-05 ACTUAL - all three dates match the claim exactly and primary completion is roughly five weeks in the future as of 2026-09-20. INTERVENTION: arm described as ""12 week supplementation of 1 tablet per day of multivitamin/mineral supplement"" vs a matched placebo tablet, and the brief summary does independently describe the aim as investigating a ""multi-vitamin/mineral and herbal extract-containing supplement"", so even that easily-fabricated qualifier checks out. The referenced sibling magnesium trial NCT07235878 also exists under the same sponsor, corroborating the ""same exclusion set as the magnesium arm"" framing. Two immaterial notes not treated as defects: the start date 2026-04-07 is flagged ESTIMATED despite active status, and I could not confirm verbatim the ""any medication with strong likelihood of effects on cognition"" exclusion, though the exclusion set does bar recent antidepressant/anxiolytic use and habitual supplementation. Confidence held at 0.95 rather than higher only because verification rests on the API rather than a rendered page.",,,
nutraceutical,CONFIRMED,ClinicalTrials.gov,NCT07267845,https://clinicaltrials.gov/study/NCT07267845,"A Randomised, Double-Blind, Placebo-Controlled Study on the Effects of Alpha-Glycerophosphocholine (α-GPC) on Cognitive Function and Sports Performance in Adults","One capsule of 350 mg GeniusPure (containing 315 mg pure alpha-GPC) daily before breakfast for 6 weeks, vs 350 mg microcrystalline cellulose placebo","Adults aged 25-55 in good health as determined by the investigator, BMI 18.5-32.0, recreationally active for at least 2 years, normotensive. Judgement: healthy adults. Highly trained/competitive athletes are excluded, as are smokers and heavy caffeine users.",80 (ESTIMATED),"Stroop Test total score, change from Day 1 to Day 42, measured both acutely (60 minutes post-ingestion) and chronically",RECRUITING,"Primary completion 2026-05-15 (estimated); overall completion 2026-07-05 (estimated); last update posted 2025-12-09. Note the stated primary completion date has already passed while the record still reads RECRUITING, so this is most likely completed-but-unpublished or delayed.",Be in good health as determined by the investigator ... Cognitive Performance - Stroop Test-Stroop total score,"A dated prediction would claim whether 315 mg/day alpha-GPC for 6 weeks improves Stroop total score versus placebo in 80 healthy recreationally active adults, and separately whether the acute (60-minute) effect differs from the 6-week chronic effect.","Independently re-found via the ClinicalTrials.gov API (live fetch of /api/v2/studies/NCT07267845, plus a targeted raw-field fetch) rather than relying on the claim. The ID resolves to exactly the described registration, not a different one.

Verified against the live record:
- Official title matches verbatim: ""A Randomised, Double-Blind, Placebo-Controlled Study on the Effects of Alpha-Glycerophosphocholine (α-GPC) on Cognitive Function and Sports Performance in Adults"" (brief title ""The Effect of α-GPC on Cognitive Function and Sports Performance"").
- Population: condition ""Healthy Participants"", healthyVolunteers = Yes, ages 25-55, BMI 18.5-32.0, normotensive (SBP <140 / DBP <90), ≥2 yrs regular strength/recreational activity, competitive athletes excluded. Unambiguously healthy adults with a recreational-fitness skew, as claimed. NOT a patient population.
- Objective cognitive outcome present: primary outcome text matches the claimed quote verbatim — ""Test the stroop total score change (Δ) of from Day 1 to Day 42 in the α-GPC group compared to placebo on Stroop Test,"" assessed at baseline and week 6. Secondary cognitive measures include DSST, Go/No-go, and SART. These are performance tests, not self-report.
- Intervention: 315 mg α-GPC (GeniusPure) vs microcrystalline cellulose placebo, 6 weeks. Single-compound cholinergic, no other active ingredient.
- Readout genuinely pending: overallStatus = RECRUITING, hasResults = false, no results-first-posted date. Nothing published to predict against.
- Design: n=80 estimated, sponsor Nanjing Nutrabuilding Bio-tech Co., Ltd. (NNB Nutrition), single site Atlantia Clinical Trials, Ireland. Start date 2025-10-21, study first posted 2025-12-05.

ONE DATE ERROR in the submitted description, corrected below but not disqualifying: the claim states ""last update posted 2026-12-09 [actual]"". The registry actually shows lastUpdatePostDate 2025-12-09 (lastUpdateSubmitDate 2025-12-07) — one year earlier, and the claimed date is in the future relative to today (2026-09-20), so it could not be actual. The two dates that define the expected readout ARE correct as stated: estimated primary completion 2026-05-15, estimated study completion 2026-07-05, both ESTIMATED type. I did not downgrade to REJECT_MISDESCRIBED because all four CONFIRMED criteria (resolves to this study, healthy adults, objective cognitive outcome, readout pending) hold cleanly and the erroneous field is auxiliary metadata, not the readout date itself.

Materiality of that error for forecasting: it makes the record MORE stale than claimed, not less. The sponsor has not touched the record since 2025-12-09, i.e. ~9 months ago and ~5 months before its own stated primary completion date. Both completion estimates have now lapsed while the record still reads Recruiting with no results. So the registry's stated dates are lapsed estimates on an unmaintained record, and the true readout date is unknown — treat ""may be imminent"" with caution; an industry-sponsored single-site nutraceutical trial may also read out via journal publication (this sponsor's prior GeniusPure acute study appeared in Nutrients) before the registry is ever updated.","Last update posted is 2025-12-09 (submitted 2025-12-07), NOT 2026-12-09; the claimed date is one year off and falls in the future relative to today. Everything else in the description checks out. Additional verified detail not in the claim: study first posted 2025-12-05, start date 2025-10-21, estimated enrollment 80, sponsor Nanjing Nutrabuilding Bio-tech Co., Ltd. (NNB Nutrition), single site Atlantia Clinical Trials, Ireland. Both completion dates are ESTIMATED type and are now lapsed on a record last updated ~9 months ago.",,
nutraceutical,CONFIRMED,ClinicalTrials.gov,NCT07388576,https://clinicaltrials.gov/study/NCT07388576,"A Randomized, Triple-blind, Placebo-controlled, Parallel, Proof-of-concept Clinical Trial to Investigate the Safety and Efficacy of AP-Brain on Cognitive Function at Varying Dosages in Healthy Younger Adults With Self-reported Attention Problems","AP-Brain dietary supplement at 1 g, 3 g or 5 g daily (5 tablets per dose, active/placebo blend) vs placebo, for 56 days. The registration text I read does not state the compound's composition.","Healthy adults aged 18-39 with self-reported focus/attention problems screened via ASRS v1.1 Part A. Judgement: healthy adults, not an ADHD sample - clinical ADHD diagnosis or prescribed ADHD treatment is an explicit exclusion, as is any self-reported significant neuropsychological condition or cognitive impairment. Flagging this as borderline because the inclusion criterion is attention-symptom-based.",120 (ESTIMATED),"CNS Vital Signs Neurocognitive Index (NCI) score and complex attention domain, change from baseline to Day 56",RECRUITING,Primary completion and overall completion both 2026-11 (estimated); last update posted 2026-09-18 (most recently updated record in this lane),"Clinical diagnosis and/or prescribed treatment for ADHD ... Change from baseline to Day 56 between AP-Brain and placebo in cognitive function, as assessed by the CNS VS Neurocognitive Index (NCI) score","A dated prediction would claim whether any of three doses of AP-Brain beats placebo on the CNS VS Neurocognitive Index at Day 56 in 120 healthy under-40s, and would additionally be scoreable on dose-response monotonicity, which the three-arm design makes explicit.","Re-found independently via the ClinicalTrials.gov API v2 and verified against the raw JSON (not a summarizer). NCT07388576 resolves to exactly the described registration: org study ID 25RBCCT03, sponsor Rousselot BVBA, collaborator KGK Science Inc. Official title matches the claim verbatim.

All four CONFIRMED criteria pass:
(1) IDENTITY: the ID resolves to a real registration matching the description; corroborated by sibling Rousselot AP-Brain registrations (NCT07388043, NCT07572240) and third-party trial listings.
(2) POPULATION: ""healthyVolunteers"":true, minimumAge 18 Years, maximumAge 39 Years, n=120 estimated. Inclusion is self-reported attention difficulty screened by ASRS v1.1 Part A; exclusions include ""Clinical diagnosis and/or prescribed treatment for ADHD"" and ""Self-reported confirmation of any significant neuropsychological condition and/or cognitive impairment"". This is a healthy-adult sample, not a patient sample. The researcher's borderline flag on symptom-based inclusion is honest and I agree with their judgement.
(3) COGNITIVE OUTCOME: primary outcome is ""Change from baseline to Day 56 between AP-Brain and placebo in cognitive function, as assessed by the CNS VS Neurocognitive Index (NCI) score"", timeFrame ""Day 0 to 56"", description naming the seven-test CNS VS battery (verbal/visual memory, finger tap, symbol digit coding, Stroop, shifting attention, continuous performance). Objective computerized performance measure, not self-report.
(4) PENDING: ""overallStatus"":""RECRUITING"", ""hasResults"":false, studyFirstPostDate 2026-02-05, startDate 2026-07-22 ACTUAL, primaryCompletionDate 2026-11 ESTIMATED, completionDate 2026-11 ESTIMATED, lastUpdatePostDate 2026-09-18 ACTUAL (two days before today). Genuinely still pending; not terminated, withdrawn, or abandoned.

Both claimed quotes are verbatim accurate. Readout date 2026-11 is correct as stated, so no date correction.

ONE INACCURACY, non-disqualifying: the researcher wrote that the registration text does not state the compound's composition. It does — in the armGroups descriptions rather than the intervention descriptions, which is likely why it was missed. Raw JSON: ""AP-Brain (1g) contains 1 g of hydrolyzed collagen in a capsule"", and equivalently for the 3 g and 5 g arms. AP-Brain is hydrolyzed collagen, consistent with Rousselot being a collagen producer. I treat this as an additive correction rather than REJECT_MISDESCRIBED because it does not touch identity, population, outcome, status, or dates, and the trial remains fully usable as a prediction target; but it is materially informative for forecasting the readout, since 1-5 g/day hydrolyzed collagen carries a very different prior than an unspecified proprietary compound.

VERIFICATION HYGIENE: the /study/NCT07388576 HTML page returns an empty SPA shell to fetchers, so its blankness is NOT evidence of a missing record; the API v2 endpoint is authoritative. During checking, one summarizer quoted intervention descriptions verbatim without any composition term while another asserted collagen was present; I resolved the conflict by fetching the raw JSON and grepping it directly rather than trusting either summary. Separately, the official title says ""Triple-blind"" while designInfo masking is ""QUADRUPLE"" — an internal registry inconsistency, not a researcher error, since they quoted the title correctly.

Confidence 0.95 rather than higher only because the record is sponsor-supplied and the estimated 2026-11 completion could slip; the registration's existence and current pending status are not in doubt.","The registration DOES state the compound's composition, contrary to the claim. The armGroups descriptions read ""AP-Brain (1g) contains 1 g of hydrolyzed collagen in a capsule"" (and equivalently ""AP-Brain (3 g) contains 3 g of hydrolyzed collagen in a capsule"", ""AP-Brain (5 g) contains 5 g of hydrolyzed collagen in a capsule""). AP-Brain is hydrolyzed collagen; sponsor Rousselot BVBA is a collagen producer. The composition appears in the arm-group descriptions, not the intervention descriptions, which state only the capsule blend (""This group will receive 1 APBrain capsule and 4 placebo capsules""). Minor secondary notes: dosing is capsules (the intervention text says ""one dose (5 tablets)"" but the arm text says capsule), and the title's ""Triple-blind"" conflicts with designInfo masking ""QUADRUPLE"" — a registry-internal inconsistency, not a researcher error.",,
nutraceutical,CONFIRMED,ClinicalTrials.gov,NCT07666685,https://clinicaltrials.gov/study/NCT07666685,Assessment of the Benefits of Beetroot Extract for Improving the Quality of Life of Older People: a Randomised Clinical Trial.,"Daily beetroot extract juice (nitrate-rich) vs nitrate-depleted beetroot juice placebo, each with or without a supervised multicomponent exercise programme (strength, balance, mobility, aerobic); four groups, 12 weeks","Adults aged 75 and over recruited from the Geriatrics Service of Hospital Universitario de Navarra or primary care, ambulating independently, Barthel Index >60. Registry flags healthy volunteers = yes. MIXED - flagging explicitly: only advanced/severe dementia (GDS 6-7) is excluded, so mild cognitive impairment may be present in the sample.",120 (ESTIMATED),"Stroop Test, Symbol Digit Modalities Test (SDMT) and Trail Making Test Part A, at baseline, 6 weeks and 12 weeks (listed among co-primaries alongside blood pressure and physical function)",RECRUITING,Primary completion 2027-10 (estimated); overall completion 2027-11 (estimated); last update posted 2026-06-30,Adults aged 75 years and older recruited from the Geriatrics Service ... Symbol Digit Modalities Test (SDMT),"A dated prediction would claim whether dietary nitrate alone shifts Stroop/SDMT/TMT-A in the very old, and whether nitrate plus multicomponent exercise exceeds either alone - a second compound-plus-training factorial, in a much older sample than the L-serine trial.","Re-found independently via the ClinicalTrials.gov API v2 record endpoint (https://clinicaltrials.gov/api/v2/studies/NCT07666685, HTTP 200, raw JSON parsed locally rather than relying on a summarizer). The rendered /study/ page is an SPA shell and returned no content, so the API record is the evidence base.

ID RESOLVES, SAME STUDY: nctId NCT07666685; orgStudyIdInfo ""BERS""; sponsor/organization ""Fundacion Miguel Servet"". Official title verbatim: ""Assessment of the Benefits of Beetroot Extract for Improving the Quality of Life of Older People: a Randomised Clinical Trial."" — exact match to the claim, trailing period included. Brief title ""Beetroot Extract and Quality of Life in Adults Aged 75 and Over"". Not a different study.

POPULATION: eligibilityModule.healthyVolunteers = true; minimumAge ""75 Years"", no max, sex ALL, enrollment 120 ESTIMATED. Inclusion criterion 1 verbatim: ""Adults aged 75 years and older recruited from the Geriatrics Service of the Hospital Universitario de Navarra (HUN) or primary care settings."" Plus independent ambulation, effective communication, exercise tolerance, Barthel Index >60. Exclusions: refusal/inability to consent, advanced or severe dementia (GDS 6-7), unstable/terminal illness <6mo, ischemic heart disease or CHF, severe renal insufficiency, hypotension. No disease diagnosis is required for entry and the registry's own healthy-volunteer flag is Yes, so this is a community/ambulatory older-adult sample, not a patient population. The researcher's MIXED flag is correct and honest: because only GDS 6-7 is excluded, mild cognitive impairment can be present — I confirm that caveat rather than treating it as a rejection, since the registry flags healthy volunteers = yes and lists conditions as aging constructs (""Cardiovascular Health"", ""Functional Health"", ""Cognitive Function Decline"", ""Physical Performance Decline in Older Adults"") rather than a clinical indication.

COGNITIVE OUTCOME PRESENT AND OBJECTIVE: primaryOutcomes includes ""Stroop Test"", ""Symbol Digit Modalities Test (SDMT)"" and ""Trail Making Test - A (TMT-A)"", each with timeFrame ""At baseline - 6 weeks - 12 weeks"", alongside Blood Pressure, heart rate, 6MWT, SPPB, strength, EQ5D-3L, etc. These are performance tests, not self-report. (MMSE also appears but baseline-only, i.e. a screener, not the readout.) The claimed quote fragments are both verbatim in the record.

INTERVENTION: four arms confirmed — Placebo (nitrate-depleted beetroot juice), Beetroot extract, Beetroot + multicomponent exercise, Placebo + multicomponent exercise; interventions typed DIETARY_SUPPLEMENT; randomized, parallel, double-masked (participant + investigator); 12 weeks. One immaterial nuance: the exercise programme is supervised only for the first 6 weeks, then prescribed but unsupervised for weeks 6-12, so ""a supervised multicomponent exercise programme"" is slightly loose but not a material misdescription.

PENDING, NOT PUBLISHED: overallStatus RECRUITING; startDate 2026-03-24 ACTUAL; studyFirstPostDate 2026-06-24; lastUpdatePostDate 2026-06-30 ACTUAL; primaryCompletionDate 2027-10 ESTIMATED; completionDate 2027-11 ESTIMATED; hasResults false and no resultsSection in the record. Today is 2026-09-20, so the readout is roughly 13 months out and genuinely unresolved. Not terminated, withdrawn, or stale (updated ~3 months ago, start date actual).

Every claimed field checks out against the primary source. Residual 0.05 of doubt is the population judgement call flagged above (Geriatrics-Service recruitment plus possible MCI), not any doubt about the record's existence or its pending status.",,,
nutraceutical,CONFIRMED,ClinicalTrials.gov,NCT07814300,https://clinicaltrials.gov/study/NCT07814300,"A Randomised, Double-Blind, Placebo-Controlled Trial Investigating the Effects of Omega-3 Fatty Acids on Memory and Cognition in Perimenopausal and Menopausal Women","DHA-dominant algae-based omega-3 formulation, approximately 950 mg DHA and 350 mg EPA daily for 12 weeks, vs placebo","Healthy women aged 40-60 experiencing perimenopause or menopause. Judgement: healthy adults. Diagnosed psychiatric/neurological conditions, stroke, cardiovascular disease and diabetes are excluded, as is current HRT use. Not a patient group.",42 (ACTUAL enrolment),Verbal memory via the Rey Auditory Verbal Learning Test (RAVLT); plus working memory via Digit Span Test and the Stroop Test as co-primaries,ACTIVE_NOT_RECRUITING,Primary completion 2026-08-30 (ACTUAL); overall completion 2026-10 (estimated); first posted and last updated 2026-09-10,"Be female and aged between 40-60 years ... Change in Memory scores from baseline to post-intervention, Rey Auditory Verbal Learning Test (RAVLT)","A dated prediction would claim whether ~1.3 g/day algal omega-3 for 12 weeks produces a statistically significant RAVLT advantage over placebo in 42 healthy peri/menopausal women, with data collection already complete and the result not yet public.","Re-found independently via the ClinicalTrials.gov v2 API (https://clinicaltrials.gov/api/v2/studies/NCT07814300), fetched twice in separate calls, plus a fields-filtered fetch. The ID resolves (HTTP 200); a control fetch of a bogus ID (NCT99999999) returned ""NCT number NCT99999999 not found"" HTTP 404, so the endpoint does discriminate. The rendered study page is a JS shell and yields no text, which is expected and not evidence either way.

Record matches the claim on every checked field. Official title verbatim: ""A Randomised, Double-Blind, Placebo-Controlled Trial Investigating the Effects of Omega-3 Fatty Acids on Memory and Cognition in Perimenopausal and Menopausal Women"". Sponsor/org: St. Mary's University, Twickenham (org study ID SMU_ETHICS_2025-26_305). Condition: Menopause. Intervention: DHA-dominant algae-based formulation ~950 mg DHA + 350 mg EPA daily for 12 weeks vs matched placebo of 1000 mg high oleic sunflower oil. Enrollment 42 (ACTUAL).

POPULATION = healthy adults. eligibilityModule has healthyVolunteers: true, sex FEMALE, min 40 / max 60 years, stdAges ADULT. Inclusion text verbatim contains the claimed quote ""Be female and aged between 40-60 years"". Exclusions are exactly as described: diagnosed psychiatric/neurological condition (dementia, extreme depression, schizophrenia, bipolar), history of stroke, cardiovascular disease or diabetes, HRT use, pregnancy/breastfeeding. Perimenopause/menopause is a life stage, not a disease cohort — this is not a patient group.

COGNITIVE OUTCOME present and objective. Three primary outcomes: Verbal Memory — description verbatim ""Change in Memory scores from baseline to post-intervention, Rey Auditory Verbal Learning Test (RAVLT)""; Working memory via Digit Span Test; Verbal Adaptation via Stroop Test. Both halves of the claimed quote are verbatim in the record. Secondaries (MENQOL, PRMQ, FFQ, sleep diaries, stress) are subjective and are correctly labelled secondary.

READOUT PENDING. overallStatus ACTIVE_NOT_RECRUITING; hasResults false; no results section in the record. Dates confirm the claim exactly: start 2026-03-25 (ACTUAL), primary completion 2026-08-30 (ACTUAL), overall completion 2026-10 (ESTIMATED), first posted 2026-09-10 (ACTUAL), last update posted 2026-09-10 (ACTUAL), status verified 2026-09. Two targeted web searches (trial ID, and sponsor + design terms) surfaced no publication, preprint or posted result for this trial.

Two caveats that do not change the verdict. (1) The registry's designModule records maskingInfo.masking: ""NONE"" and primaryPurpose BASIC_SCIENCE, which contradicts ""Double-Blind"" in its own official title and the blinded-capsule intervention description — a registrant data-entry inconsistency in the record itself, not a misstatement by the researcher, whose description tracks the title and intervention text. (2) Primary completion is ACTUAL and already ~3 weeks past as of 2026-09-20, so this is an imminent/overdue readout rather than a future one; for a 42-participant university ethics-numbered study the readout will most likely arrive as a publication rather than posted registry results. Nothing is published yet, so the prediction target is genuinely still open.

Process note: an early full-record download to a shared /tmp path came back holding a different study (NCT07666685, beetroot extract in adults 75+, Fundacion Miguel Servet), almost certainly a concurrent agent clobbering the same temp filename. I discarded that read and re-verified by streaming the response directly into the parser; the ID-to-record mapping for NCT07814300 was stable and correct across all three clean fetches.",,,
reviews,CONFIRMED,PROSPERO,CRD420250627818,https://www.crd.york.ac.uk/PROSPERO/view/CRD420250627818,Effects of carotenoid supplementation on cognitive function in healthy population: An updated systematic review and meta-analysis,"Carotenoid supplementation — beta-carotene, lycopene, lutein, zeaxanthin — versus placebo. Randomized clinical trials, any country, any setting.","MIXED — flagging explicitly. Stated as 'Healthy population of any age who may include those with subjective cognitive decline.' Subjective cognitive decline is outside this project's healthy-adult rule, and the record does not commit to reporting the SCD-free subgroup separately. Also 'any age', so not adults-only. Include only with these caveats.",not stated (systematic review; no target number of included studies given),"'scores from standardized and validated cognitive assessment tests that evaluate various cognitive domains such as memory, attention, and processing speed' — objective performance testing, with attention and memory performance named in the eligibility block.",Ongoing (PROSPERO reviewstatus 'Ongoing'; PublicationStatus 'Registered'; editing status 'Amending' — actively being revised),"Registered 15 June 2025. Stated review start date 15 April 2025, end date 31 July 2025 — end date long PASSED while status remains Ongoing and the record is still being amended. PubMed shows no 2025-2026 carotenoid x cognition meta-analysis.","""Included Inclusion: Healthy population of any age who may include those with subjective cognitive decline."" ... ""The primary outcome of this systematic review is cognitive function which includes scores from standardized and validated cognitive assessment tests that evaluate various cognitive domains such as memory, attention, and processing speed.""","Weakest population match in this set and offered with that caveat. It is still scoreable because it self-describes as an 'updated' review, so a dated prediction can claim whether the update moves the pooled carotenoid estimate toward or away from null relative to the prior version — but the SCD admixture means it should be weighted down, or held out, under this project's clean-healthy-adult inclusion rule.","VERIFICATION METHOD (not vibes): the /PROSPERO/view/ URL is a React SPA shell — it returns HTTP 200 with 1,350 bytes of empty scaffold for ANY string, so neither WebFetch (""no record found"") nor the 200 status is evidence either way. I extracted the real data endpoint from the JS bundle (main.2ca48f84.js): GET {base}/PROSPERO/api/view/{id}/{major}/{minor}, auth header ""prospero-auth-token"" = base64(epoch_ms). Queried it directly.

CONTROL TEST (to prove the API discriminates rather than echoing anything): CRD42024559392 returned a real, unrelated record (""Antibiotics post-appendicectomy""); the 6-digit variant CRD42025627818 returned {""record"":{},""json"":[]}. So empty-vs-populated is a genuine signal, and the 15-character 7-digit 2025 form is the correct one (my initial suspicion that the ID was one digit too long was wrong).

ID RESOLVES, EXACT MATCH. CRD420250627818 returned 20,818 bytes. Title verbatim: ""Effects of carotenoid supplementation on cognitive function in healthy population: An updated systematic review and meta-analysis"". Team: Amir Hossein Tahmassian (guarantor), Maryam Khosravi, Mohsen Dehghani, Leila Simani, Mahdieh Sahebi — Mashhad University of Medical Sciences, Iran + Columbia. Self-citation in the record matches the claimed URL exactly.

BOTH CLAIMED QUOTES ARE VERBATIM. Population block reads ""Included / Inclusion: Healthy population of any age who may include those with subjective cognitive decline."" Main outcomes block reads ""The primary outcome of this systematic review is cognitive function which includes scores from standardized and validated cognitive assessment tests that evaluate various cognitive domains such as memory, attention, and processing speed."" Neither quote is paraphrased or stitched.

OBJECTIVE COGNITIVE OUTCOME: yes. Standardized/validated cognitive assessment test scores; domain block names ""Cognitive function; Attention; Memory performance"" plus processing speed. Analyzed as continuous SMD with random-effects meta-analysis. This is performance testing, not self-report.

POPULATION: healthy, with the researcher's disclosed caveats holding up exactly. Explicit exclusions are ""Individuals with chronic diseases such as hypertension, diabetes, cancer, critically ill patients or objectively diagnosed cognitive impairments"" — so this is NOT a patient population, and REJECT_WRONG_POPULATION (""patients, not healthy adults"") does not fit. But the two flagged deviations are real and I confirm them: (a) ""any age"", not adults-only — reinforced by the Additional information field, ""an updated review and meta-analysis with inclusion of participants of wider age range""; (b) SCD may be included, and I checked the subgroup field — ""Analysis of subgroups or subsets"" is EMPTY, so the record indeed does not commit to reporting an SCD-free or adults-only subgroup. The researcher pre-flagged both accurately; I am confirming subject to exactly those caveats, not waving them away.

READOUT GENUINELY PENDING. PublicationStatus ""Registered"", EditingStatus ""Amending"", review status ""The review is currently planned or ongoing"", previousversions 0, only ""Version 1.0, published 15 Jun 2025"". Stage checklist shows pilot work started+completed, formal searching started, screening started — but data extraction, risk-of-bias assessment, and data synthesis all UNstarted. Not withdrawn, not terminated.

NOT ALREADY PUBLISHED. PubMed E-utilities: carotenoid*[Title] AND cognit*[Title] AND (meta-analysis OR systematic review)[Title] AND 2025:2026[dp] returns count=0. Author search Tahmassian returns 7 papers, newest 2024 (probiotics/congenital metabolic disease, collagen/arthritis, body shape index) — all pre-date the June 2025 registration, none is this review.

DATES ALL CHECK OUT, nothing to correct. Date of first submission 15 June 2025; Date of registration in PROSPERO 15 June 2025; Review timeline ""Start date: 15 April 2025. End date: 31 July 2025."" The end date is ~14 months past as of today (2026-09-20) while status remains ongoing — exactly as the researcher stated. Overdue is not the same as abandoned: EditingStatus ""Amending"" means an unpublished revision is actively in progress, so REJECT_NO_PENDING_READOUT does not apply, though this is the main reason I am at 0.85 rather than higher — a long-overdue nutrition SR with no synthesis started carries real risk of quiet abandonment, and the pending amendment could in principle change scope.

Other claimed details verified: intervention beta-carotene/lycopene/lutein/zeaxanthin vs Placebo (PICO tag), RCTs only, ""Research in any country and any settings"". Minor non-material note: the free-text intervention field also mentions astaxanthin alongside the four named PICO tags — this does not contradict the claim. Searches (not claimed, no conflict): Web of Science, PubMed, Scopus, 2000 to 31 May 2025, English only.",,,
reviews,CONFIRMED,PROSPERO,CRD420250650923,https://www.crd.york.ac.uk/PROSPERO/view/CRD420250650923,Meta-analysis of randomised controlled trials of acute amphetamine administration effects on cognitive processing speed in healthy volunteers,"Acute administration of amphetamine at any dosage, versus placebo control condition.","Healthy volunteers — 'Healthy adults (aged 18-65 years)'. Conducted in facilities authorised to run clinical trials in healthy subjects. HEALTHY ADULTS: yes, clean.",not stated (systematic review; no target number of included studies given),Digit Symbol Substitution Test (DSST) — speed and processing accuracy. Secondary: attention and information-processing-speed measures from other tasks.,Ongoing (PROSPERO reviewstatus 'Ongoing'; PublicationStatus 'Registered'; editing status 'Stable'),"Registered 02 May 2025. Stated review start date 15 April 2025, end date 31 December 2025 — end date has PASSED while status remains Ongoing, i.e. completed-but-unpublished. PubMed shows no matching publication.","""Included • Inclusion: Healthy adults (aged 18-65 years)."" ... ""Speed and processing accuracy for DSST""","A dated prediction would claim the pooled effect of acute amphetamine on DSST in healthy volunteers. This is a valuable anchor because DSST is a single, well-standardized instrument — so the prediction can be about a specific effect size on a specific test rather than a heterogeneous composite, and the readout is already overdue.","Independently re-found the record. The public URL is a React SPA that returns only a shell to a fetcher, so I extracted the API base and auth scheme from the site's own JS bundle (main.2ca48f84.js: base https://www.crd.york.ac.uk/PROSPERO/api/, header prospero-auth-token = btoa(epoch_ms)) and called GET /PROSPERO/api/view/CRD420250650923 directly. It returns a full record.

ID resolves to the claimed study, not a different one. Title returned verbatim: ""Meta-analysis of randomised controlled trials of acute amphetamine administration effects on cognitive processing speed in healthy volunteers"". Authors: Faiz Kassim (guarantor, Linkoping University, Sweden), Shemsu Kedir, Shukure Uomer, Ahmed Muhye (Ethiopia). Citation block self-reports ""PROSPERO 2025 CRD420250650923"". Cross-check: the legacy route display_record.php?RecordID=650923 redirects to /PROSPERO/view/650923, which returns the same title. Negative controls: CRD420250999999 and CRD429999999999 return a 23-byte empty payload, while the adjacent CRD420250650924 returns a completely different real record (an AI-feedback education meta-analysis) — so the API does discriminate, and this is a genuine hit, not a fallback.

Population: healthy adults, clean. Verbatim: ""Included / • Inclusion:  Healthy adults (aged 18-65 years). / • Exclusion: Unhealthy individuals or non-human subjects"". Context field: ""Studies in a authorised facility that can run clinical trials in healthy subjects..."". Exclusions explicitly remove ""Studies involving unhealthy individuals, animals or non-human subjects"".

Objective cognitive outcome: present. Main outcomes verbatim: ""Speed and processing accuracy for DSST"". Additional outcomes: ""attention measurements and information processing speed measurements for other tasks"". DSST is an objective performance measure, not a self-report.

Intervention matches: ""Intervention: Acute administration of amphetamine (any dosage)."" Comparator: ""Comparison: Placebo control condition.""

Status/dates match: record metadata PublicationStatus ""Registered"", EditingStatus ""Stable""; Review status text ""The review is currently planned or ongoing.""; ""Date of first submission to PROSPERO 02 May 2025 / Date of registration in PROSPERO 02 May 2025""; ""Review timeline Start date: 15 April 2025. End date: 31 December 2025."" Version history shows only ""Version 1.0, published 02 May 2025"" (previousversions: 0), i.e. never amended.

Readout genuinely pending: PubMed E-utilities found no matching publication. Kassim FM[Author] AND amphetamine returns 4 hits, all 2022-2023 and none this meta-analysis (the closest, PMID 36251504, is a prior systematic review on working memory, which is the ""previous evidence"" this review says it updates). Kassim FM[Author] 2025:2026[dp] returns 3 unrelated papers (a chemistry simulation paper by a different FM Kassim, a caregiver-stigma cross-sectional study, a nabilone tactile-illusion study). amphetamine AND processing speed AND meta-analysis 2025:2026[dp] returns 0. No withdrawal, termination, or discontinuation flag on the record.

One caveat, not enough to reject: the researcher's gloss ""completed-but-unpublished"" is an inference beyond the registry. The record's own stage table marks only ""Pilot work"" and ""Formal searching/study identification"" as Started, with nothing in the Completed column and screening, data extraction, risk-of-bias, and data synthesis all unstarted as of the single v1.0 snapshot. So the correct reading is: stated end date of 31 Dec 2025 has passed (today is 2026-09-20, ~9 months overdue) while status remains Ongoing and the record has never been updated — overdue and dormant rather than demonstrably completed. Every registry field the researcher quoted is accurate, both claimed quotes appear verbatim, and the readout is still outstanding, so the description is confirmed. Residual risk is abandonment (a never-updated record past its end date), but nothing in the registry states that, so REJECT_NO_PENDING_READOUT is not supported.",,,
reviews,CONFIRMED,PROSPERO,CRD420251140305,https://www.crd.york.ac.uk/PROSPERO/view/CRD420251140305,Creatine supplementation and cognitive function in healthy adults: a systematic review and meta-analysis.,"Any creatine supplementation protocol (loading or slow intake) lasting at minimum 5 days, versus placebo. Randomized trials only.","Adults 18+ eligible to undertake creatine supplementation. Excluded: sleep- or oxygen-deprived individuals; individuals with neurodegenerative diseases (Alzheimer's, Parkinson's) or other cognition-impairing diseases (e.g. fibromyalgia). HEALTHY ADULTS: yes — healthy is defined by exclusion rather than by a positive screen, which is slightly looser than the caffeine and theanine records but still excludes all patient groups.",not stated (systematic review; no target number of included studies given),"Global cognitive function, plus cognitive domains (memory, executive function, attention, processing speed, visuospatial skills, language). CAVEAT: the registration wording is 'measured by any valid tool or questionnaire', which does not exclusively commit to objective performance testing — though the named domains (processing speed, executive function) are performance constructs.",Ongoing (PROSPERO reviewstatus 'Ongoing'; PublicationStatus 'Registered'; editing status 'Stable'),"Registered 05 September 2025. Stated review start date 22 September 2025, end date 21 September 2026 — i.e. tomorrow relative to today (20 September 2026). The nearest stated end date of any finding in this lane.","""Included Adults aged 18 years or older eligible to undertake creatine supplementation. Excluded Sleep or oxygen deprived individuals; Individuals with neurodegenerative diseases (e.g., Alzheimer's, Parkinson's) or other diseases that could impair cognition (e.g., fibromyalgia)."" ... ""Cognitive domains (e.g., memory, executive function, attention, processing speed, visuospatial skills, language) measured by any valid tool or questionnaire.""","Stated end date is tomorrow, so a prediction registered today is maximally tight. The protocol also pre-registers two moderator questions — whether effects differ by age, and whether loading protocols beat slow intake — so a dated prediction can claim the main effect AND that both moderators come back null, which is the more falsifiable claim.","Independently re-found and read the raw record, not the researcher's summary. The public URL is a JS shell (WebFetch returns an empty SPA), so I reverse-engineered the PROSPERO frontend bundle (https://www.crd.york.ac.uk/PROSPERO/static/js/main.2ca48f84.js) to recover the API base (https://www.crd.york.ac.uk/PROSPERO/api/) and the required header pair (prospero-access-token, plus prospero-auth-token = base64(Date.now())), then hit two independent endpoints: POST /api/search and GET /api/view/CRD420251140305/0/0 (58KB full record, incl. version history).

ID RESOLVES, SAME STUDY. Search index returns _id 1140305, accessionnumber ""CRD420251140305"", editingstatus ""live"", reviewstatus ""Ongoing"", yearfirstpublished 2025. The 15-character ID format is legitimate for post-2025 PROSPERO (a sibling hit in the same index is CRD420261463060). Record metadata: PublicationStatus ""Registered"", EditingStatus ""Stable"", template ""Systematic review of interventions"", 2 previous versions.

TITLE: exact match — ""Creatine supplementation and cognitive function in healthy adults: a systematic review and meta-analysis."" Team: Guilherme Neves Eberhardt (guarantor/contact, gneberhardt@ucs.br), Moisés Pinto, Pedro Lopez da Cruz, Anderson Rech; Universidade de Caxias do Sul, Brazil. No external funding, no peer review.

POPULATION — HEALTHY ADULTS: the CLAIMED QUOTE is verbatim correct. Included: ""Adults aged 18 years or older eligible to undertake creatine supplementation."" Excluded: ""Sleep or oxygen deprived individuals; Individuals with neurodegenerative diseases (e.g., Alzheimer's, Parkinson's) or other diseases that could impair cognition (e.g., fibromyalgia)."" The researcher's own characterization — healthy defined by exclusion rather than positive screen, looser than the caffeine/theanine records but excluding all patient groups — is accurate and honestly flagged. Review objectives explicitly say ""in healthy adults."" Not a patient population.

INTERVENTION: matches — ""any type of creatine supplementation protocol (loading, slow intake) lasting at minimum 5 days"", comparator ""Placebo control group"", design ""Only randomized study types will be included.""

COGNITIVE OUTCOME: Main outcome ""Global cognitive function measured by any valid questionnaire."" Additional outcomes: ""Cognitive domains (e.g., memory, executive function, attention, processing speed, visuospatial skills, language) measured by any valid tool or questionnaire."" — the claimed quote is verbatim. The researcher's caveat is right, and I'd sharpen it slightly: the MAIN outcome line says ""questionnaire"" only (no ""tool""), so it is the ADDITIONAL outcomes line that carries the ""any valid tool or questionnaire"" wording quoted. Still, objective performance constructs are named (processing speed, executive function, attention), MeSH terms include Attention/Cognition/Executive Function, eligibility is RCT-only with placebo, and the cited creatine-cognition RCT literature is overwhelmingly objective performance testing. Not NOT_COGNITIVE.

STATUS AND DATES: ""Date of first submission to PROSPERO 05 September 2025""; ""Date of registration in PROSPERO 05 September 2025""; current-version Review timeline ""Start date: 22 September 2025. End date: 21 September 2026"" — i.e. tomorrow relative to today, 20 Sep 2026. Exactly as claimed. (Version 1.0 originally stated 12 Sep 2025 – 11 Sep 2026; a revision note says ""The start date was corrected due to delays in initiating the review process"", and v1.2 of 18 Sep 2025 is the operative version. The claim uses the current dates, correctly.) Review status text: ""The review is currently planned or ongoing."" Publication of review results: ""Results of the review will be published in English"" — forward-looking, no results posted.

NOT ALREADY PUBLISHED / NOT ABANDONED: no results in the record, no withdrawal or termination marker, editing status live/Stable. Web search finds no output from this team; the published creatine-cognition meta-analyses that exist belong to other groups (CRD42024533557 / Frontiers in Nutrition 2024, which this record explicitly lists under similar-records and says it supersedes with improved methods, plus a 2025 older-adult review CRD420251102945).

CAVEAT (not disqualifying, worth carrying forward): the record's last edit is version 1.2 of 18 Sep 2025, and its stage-of-review snapshot as of that date shows only ""Pilot work"" started — formal searching, screening, extraction, risk-of-bias and synthesis all unticked. So 21 Sep 2026 is the authors' stated target end date, not evidence a readout actually lands tomorrow; twelve months of registry silence means the readout could well slip. That affects timing expectations, not the CONFIRMED verdict: the registration is real, matches the description, is healthy-adult, has cognitive outcomes, and has no results out.",,,
reviews,CONFIRMED,PROSPERO,CRD420251160876,https://www.crd.york.ac.uk/PROSPERO/view/CRD420251160876,L-theanine supplementation for cognitive function in healthy adults,"Oral L-theanine in any formulation (capsules, tablets, powders, functional beverages), minimum dose 100 mg. Both acute single-dose and repeated/longer-term supplementation eligible. Combination products with other active compounds excluded. Comparator: placebo or no intervention.","Healthy adults 18+, cognitively healthy at baseline either by author description or by conventional cut-offs (MoCA ≥26, MMSE ≥24 or equivalent). Subclinical everyday stress or mild anxiety permitted; diagnosed mental-health or neurological disorders excluded. HEALTHY ADULTS: yes, clean and explicitly operationalized.",not stated (systematic review; no target number of included studies given),"Global cognition (MoCA, MMSE, RBANS); attention (Stroop Test, CPT-II or equivalent); working memory (Digit Span Backward or equivalent). Secondary includes processing speed (Digit Symbol Substitution Test). Note: stress, sleep quality and quality of life are also listed but as separate secondary outcomes, not as the cognitive outcome.",Ongoing (PROSPERO reviewstatus 'Ongoing'; PublicationStatus 'Registered'; editing status 'Amending'),"Registered 03 October 2025. Stated review start date 3 November 2025, end date 31 August 2026 — end date recently passed, status still Ongoing. VERIFIED DISTINCT from the published L-theanine meta-analysis PMID 42410082 (Gerolymos, Saddier, Boyer, Fond; Mol Psychiatry, Jul 2026): this registration is by a different team (Quarteroni, Rodriguez, Diaz Menai, Escobar Liquitay, Garegnani; Argentina) with a healthy-only, ≥100 mg, monotherapy-only scope.","""We will include healthy adults aged 18 years and older, regardless of sex, ethnicity, or educational background."" ... ""Attention, assessed with validated measures such as the Stroop Test, Continuous Performance Test-Second Edition (CPT), or equivalent instruments.""","Unusually well-controlled scoring target: an adjacent meta-analysis on the same compound already published in Jul 2026 with a broader scope, so a dated prediction can claim whether this stricter healthy-only, monotherapy-only, ≥100 mg synthesis reproduces, attenuates, or reverses that published estimate — a direct test of whether apparent nootropic effects survive tightening the inclusion rule.","VERIFICATION METHOD: The PROSPERO record page is a JavaScript SPA that returns an empty shell to WebFetch/curl, and browser tools were unavailable (Browser pane denied crd.york.ac.uk; claude-in-chrome not connected; r.jina.ai returned 401). I therefore pulled the site's own React bundle (https://www.crd.york.ac.uk/PROSPERO/static/js/main.2ca48f84.js), recovered the backend API contract (POST {prosperoURL}search with a `prospero-auth-token` header = base64 of epoch-ms), and queried the authoritative backend directly. This is the same endpoint the official PROSPERO UI reads, so the evidence is first-party registry data, not a third-party mirror.

FINDINGS (all independently re-derived, not taken from the claim):

1. ID RESOLVES, UNIQUELY. Field-scoped query `crd420251160876:AN` returns exactly 1 hit, recordid 1160876, accessionnumber ""CRD420251160876"". Not a fabricated or mis-parsed identifier. (My initial prior was that a 7-digit tail was malformed — that prior was wrong; PROSPERO recordids crossed 1,000,000 in 2025, e.g. the neighbouring real record CRD420251266075.)

2. TITLE MATCHES VERBATIM. Indexed title: ""L-theanine supplementation for cognitive function in healthy adults"" — character-for-character the claimed quote.

3. STATUS = ONGOING, RECORD LIVE. _source shows reviewstatus ""Ongoing"", editingstatus ""live"", yearfirstpublished ""2025"". Cross-checked by field-scoped query: `crd420251160876:AN AND Ongoing:RS` = 1 hit; `crd420251160876:AN AND Completed:RS` = 0 hits. Not withdrawn, not terminated, not completed.

4. POPULATION = HEALTHY ADULTS (independently confirmed at field level). The PA code maps to the ES field `population`. `theanine:RQ AND healthy:PA` -> record present; `theanine:RQ AND adults:PA` -> present; `theanine:RQ AND patients:PA` -> ABSENT; `theanine:RQ AND children:PA` -> ABSENT. This is positive and negative evidence, so it rules out REJECT_WRONG_POPULATION.

5. COGNITIVE OUTCOMES PRESENT. The OP code maps to `outcomesmain`. `theanine:RQ AND cognitive:OP`, `... AND memory:OP`, `... AND attention:OP` each return the record. Rules out REJECT_NOT_COGNITIVE.

6. REGISTRATION DATE CONFIRMED. The RIS export (download=""ris"") returns for this record: ""DP  - 03/10/2025"", ""YR  - 2025"", ""SO  - https://www.crd.york.ac.uk/PROSPERO/view/CRD420251160876"", authors ""Estefania Quarteroni; Juan Pablo Rodriguez; Samanta Diaz Menai; Camila Escobar Liquitay; Luis Garegnani"". The claimed DP value is exactly right (PROSPERO uses dd/mm/yyyy, so 3 October 2025 — confirmed by the sibling record's ""DP - 02/03/2026"" carrying YR 2026).

7. NOT ALREADY PUBLISHED. PubMed returns zero records for Quarteroni or Garegnani AND theanine. The three published 2025-2026 L-theanine/cognition systematic reviews are all from other groups (Gerolymos et al., Mol Psychiatry, 2026 Jul; Cotter et al., Nutr Neurosci, 2026 Feb — sleep; Payne et al., Nutr Rev, 2025 Oct). Rules out REJECT_ALREADY_PUBLISHED for THIS registration.

8. NOT CONFUSED WITH A NEIGHBOUR. A genuinely distinct registration exists, CRD42024575122 ""The efficacy of L-theanine on cognitive function in healthy adult individuals"", also Ongoing. The claimed ID is not that record; the two are separately indexed.

NOTHING MISDESCRIBED. The researcher's hedges are honest rather than wrong: they said dose/duration and the specific cognitive instruments were not readable from the queryable fields, and I could not read them either (the API restricts _source to a handful of fields and the detail page needs JS). They claimed no anticipated completion date was readable — I also found no exposed completion-date field. So there is no material detail asserted that turns out to be false.

CONFIDENCE 0.9, NOT 1.0. Two residual gaps: (a) I never rendered the human-facing record page, so I verified field-token membership (""cognitive"", ""attention"", ""memory"" appear in Main outcomes) rather than reading the full outcome sentence and confirming named objective instruments; for a systematic review of L-theanine cognition RCTs this is near-certain but not literally read. (b) ""Ongoing"" is a self-reported registry status that authors often leave stale; registered 3 Oct 2025 and ~11.5 months old as of today, it is plausibly still live but PROSPERO does not force updates.

FORECASTING CONTEXT WORTH FLAGGING (not a rejection reason): a large meta-analysis on essentially this question — Gerolymos et al., ""Cognitive and affective effects of L-Theanine: a systematic review and meta-analysis of 31 randomized trials"", Mol Psychiatry, 6 Jul 2026 — is already out from an unrelated group. This registration's own readout is still pending, but its eventual result is unlikely to be informationally independent of that already-published synthesis.",,,
reviews,CONFIRMED,PROSPERO,CRD420251163859,https://www.crd.york.ac.uk/PROSPERO/view/CRD420251163859,The Effect of Acute Caffeine Intake on Working Memory in Healthy Adults: A Systematic Review and Meta-Analysis,"Single oral dose of caffeine, dosage clearly quantified, versus placebo. Randomized trials only, laboratory settings only.","Healthy adults aged over 18 with no pre-existing cognitive impairments or medical conditions affecting working memory or caffeine metabolism; self-reported or clinically diagnosed psychiatric disorders excluded. HEALTHY ADULTS: yes, clean.",not stated (systematic review; no target number of included studies given),"Working memory performance, explicitly via the N-back task (2-back, 3-back), with accuracy and reaction time as the outcome metrics.",Ongoing (PROSPERO reviewstatus 'Ongoing'; PublicationStatus 'Registered'; editing status 'Stable'),"Registered 08 October 2025, record last dated 03 November 2025. Stated review start date 8 October 2025, end date 31 December 2025 — end date has PASSED while status remains Ongoing, i.e. completed-but-unpublished. PubMed shows no caffeine x working-memory meta-analysis published.","""healthy adults (aged＞18 years)"" ... ""For example, the N - back task (such as 2 - back, 3 - back tasks) can be used. In these tasks, participants need to judge whether the current stimulus matches the one presented N trials before. The outcome metrics of this task include accuracy and reaction time""","Pairs with CRD420261488583 to split caffeine's cognitive effect cleanly between working memory and executive function, from two independent groups. Predicting both, and predicting that they disagree or agree, is far more diagnostic than predicting either alone.","Independently resolved. The PROSPERO web UI is a JS SPA that serves only a shell to fetchers, so I reverse-engineered the frontend bundle (main.2ca48f84.js) to find the record endpoint and required header, then fetched https://www.crd.york.ac.uk/PROSPERO/api/view/CRD420251163859/0/0 (HTTP 200, 22KB JSON). Control test on an unrelated ID (CRD42024559392) returned a different, correct record, so the endpoint is not echoing input. The ID is well-formed for the post-2025 PROSPERO platform (CRD42 + 2025 + 7-digit sequence).

Record contents match the claim: title identical (""The Effect of Acute Caffeine Intake on Working Memory in Healthy Adults: A Systematic Review and Meta-Analysis""), authors Weiqin Yuan (guarantor, Shanghai University of Sport) and Ru Wang, China. Population = ""healthy adults (aged＞18 years)"", excluding under-18s and self-reported/clinically diagnosed psychiatric disorders; Context excludes adults with pre-existing cognitive impairments or conditions affecting working memory/caffeine metabolism, and restricts to controlled laboratory settings. Intervention = single oral dose of caffeine with dosage clearly quantified; comparator PICO tag = Placebo; ""Only randomized study types will be included."" Main outcome = Working memory; Additional outcomes give the exact claimed N-back text including accuracy and reaction time. Both claimed quotes match verbatim, including the fullwidth ＞ character.

Status: PublicationStatus ""Registered"", EditingStatus ""Stable"", Latest, previousversions 0, IsLiving 0, ""The review is currently planned or ongoing."" Every review-stage cell (pilot work, searching, screening, extraction, risk of bias, synthesis) is blank — none marked started or completed. Only Version 1.0 exists, published 03 Nov 2025, never revised.

Pending readout: stated review end date 31 December 2025 has passed (today is 2026-09-20) with status still Ongoing and no record update — completed-but-unpublished profile. PubMed E-utilities searches return no acute-caffeine x working-memory meta-analysis; the nearest 2026 caffeine SR/MAs are different topics (sleep-loss mitigation, sport-specific outcomes, schizophrenia), and the only Yuan W + caffeine hit (PMID 40888092) is a tDCS+caffeine RCT, not this review. So nothing is published and the readout is genuinely still pending.

Only defect found is a non-material label swap in the dates (see correction field); both dates cited are real dates on the record, just attached to the wrong labels, and the readout-driving date (end date 31 Dec 2025) was stated correctly. Confidence held at 0.95 rather than higher only because I read the record through the site's own JSON API rather than a rendered page, and because ""unpublished"" is an absence-of-evidence inference from PubMed (a journal publication could exist outside PubMed indexing).","Minor, non-material date-label swap: the researcher wrote ""Registered 08 October 2025, record last dated 03 November 2025."" The record states ""Date of first submission to PROSPERO: 08 October 2025"" and ""Date of registration in PROSPERO: 03 November 2025"" (Version 1.0 published 03 Nov 2025). So 08 Oct 2025 is the submission date, not the registration date; registration is 03 Nov 2025. Also note the N-back/accuracy/reaction-time detail sits under ""Additional outcomes""; the ""Main outcomes"" field lists only ""Working memory"" with a definition. All other described details (population, intervention, comparator, RCT-only, laboratory-only, status, 31 Dec 2025 end date) are accurate as written.",,
reviews,CONFIRMED,PROSPERO,CRD420251266075,https://www.crd.york.ac.uk/PROSPERO/view/CRD420251266075,The Effects of Blackcurrant-Based Supplements on Cognitive Function and Mood in Healthy Adults: A Systematic Review of Acute and Chronic Intervention Trials.,"Acute (within 24 h of a single dose) or chronic (daily, any duration >1 day) oral blackcurrant-based supplementation — whole fruits, extracts, or formulations where blackcurrant is the primary bioactive (anthocyanins/polyphenols). Any dose, frequency or formulation. Comparator: matched placebo without blackcurrant or comparable bioactives.","Healthy participants 18+; 'Cognitively and psychologically healthy individuals', subclinical everyday stress/mild anxiety/transient low mood allowed provided no formal clinical diagnosis. Diagnosed psychiatric, neurological or neurodegenerative disorder excluded, as is anyone under treatment for mood or cognitive disorders. HEALTHY ADULTS: yes, clean.",not stated (systematic review; no target number of included studies given),"Objective cognitive performance across executive function, attention and memory domains, using validated measures — the registration explicitly distinguishes these from the separately-listed subjective mood outcomes (POMS, BL-VAS, BDI, STAI). Standardised mean difference.",Ongoing (PROSPERO reviewstatus 'Ongoing'; PublicationStatus 'Registered'; editing status 'Stable'),"Registered 20 December 2025 (record dated 05 January 2026). Stated review start date 19 December 2025, end date 19 December 2026 — a genuinely future readout, ~3 months out. PubMed shows no blackcurrant-cognition systematic review.","""Cognitively and psychologically healthy individuals, including those who may experience common subclinical variations such as everyday stress, mild anxiety, or transient low mood provided no formal clinical diagnosis has been made."" ... ""Objective cognitive performance (e.g., memory, executive function, attention, information processing speed), will be assessed using validated measures of cognitive function.""","A near-virgin compound: no prior synthesis exists, so a dated prediction is not contaminated by a published anchor. Note the protocol pre-commits to NARRATIVE synthesis (SWiM guideline) rather than pooling, so a well-formed prediction should claim the review's verdict language and the direction of the acute-vs-chronic split, not a pooled effect size.","Re-found the record myself, not via the claimed URL's rendered text (that page is an empty React shell to any non-JS fetch). Two independent API routes on crd.york.ac.uk confirmed it:

(1) Accession search POST /PROSPERO/api/search with term ""(CRD420251266075):AN"" returns exactly 1 hit: recordid 1266075, accessionnumber ""CRD420251266075"", title ""The Effects of Blackcurrant-Based Supplements on Cognitive Function and Mood in Healthy Adults: A Systematic Review of Acute and Chronic Intervention Trials."", reviewstatus ""Ongoing"", editingstatus ""live"", recordtype ""Clinical"", region Europe.

(2) GET /PROSPERO/api/view/CRD420251266075/0/0 returns the full published record. Metadata block: PublicationStatus ""Registered"", EditingStatus ""Stable"", Latest ""Latest"", IsLiving 0, Purpose ""live"". Team: Harriet Cannell (guarantor, ORCID 0009-0005-3781-140X), Theocharis Ispoglou, Lauren Owen, Isobel Harris; Leeds Beckett University, England. Funding: ALPHAGEN NZ Limited (PhD sponsorship).

ID resolves, and to THIS study — not a different one. Title matches character-for-character including the trailing period.

POPULATION (healthy adults): verbatim from the record — ""Healthy Participants (>=18 years of age), regardless of sex, ethnicity, or educational background. Cognitively and psychologically healthy individuals, including those who may experience common subclinical variations such as everyday stress, mild anxiety, or transient low mood provided no formal clinical diagnosis has been made."" Excluded: diagnosed psychiatric/neurological/neurodegenerative disorder (e.g. dementia, Parkinson's), and anyone undergoing pharmacological or psychological treatment for mood or cognitive disorders. The claimed quote is exact.

OBJECTIVE COGNITIVE OUTCOME: present and primary. Main outcomes field: ""Cognitive performance: Changes in validated measures of cognitive function, including executive function, attention and memory domains."" It is listed separately from the mood outcomes (POMS, Bond-Lader VAS, BDI, STAI), exactly as the researcher described. Measure of effect: standardised mean difference. Condition/domain field carries the second claimed quote verbatim: ""Objective cognitive performance (e.g., memory, executive function, attention, information processing speed), will be assessed using validated measures of cognitive function."" Objective 1 is likewise objective cognition vs placebo.

INTERVENTION: matches — acute (within 24 h of a single dose) or chronic (daily, any duration >1 day) oral blackcurrant supplementation, whole fruit/extract/formulation where blackcurrant is the primary bioactive; any dose/frequency/formulation; comparator is a matched placebo or control without blackcurrant or comparable bioactives. RCTs only, parallel or crossover.

PENDING READOUT: Date of first submission to PROSPERO 20 December 2025; Date of registration in PROSPERO 05 January 2026; Review timeline start 19 December 2025, end 19 December 2026 — all three exactly as claimed, and the end date is ~3 months after today (2026-09-20). Current stage table shows only ""Pilot work"" started and NOTHING completed: formal searching, screening, data extraction, risk of bias and data synthesis are all unstarted. Review status: ""The review is currently planned or ongoing."" Not terminated, not withdrawn, not abandoned.

NOT ALREADY PUBLISHED: PubMed E-utilities query on (blackcurrant OR black currant OR Ribes nigrum) AND (cognit* OR mood) AND (systematic review OR meta-analysis) returns a single hit, PMID 32460873 (2020), which is New Zealand blackcurrant and SPORT PERFORMANCE, not cognition. No blackcurrant-cognition systematic review exists. Confirms the researcher's claim.

Two immaterial notes, neither changing the verdict: (a) the record has a version history — Version 1.0 published 05 Jan 2026, Version 2.0 published 02 Mar 2026; the v2 revision note is only ""I am declaring a funding contribution towards the review"", i.e. the Alphagen funding disclosure, not a change to population, outcome or timeline. The RIS export therefore shows DP 02/03/2026 (the v2 publication date), which is why a naive export read could look like a date mismatch — the record's own timeline fields are the ones quoted above and they match the claim. (b) The claim phrases it as ""Registered 20 December 2025 (record dated 05 January 2026)""; PROSPERO labels 20 Dec 2025 as date of FIRST SUBMISSION and 05 Jan 2026 as date of REGISTRATION, so the two labels are swapped relative to PROSPERO's wording. Both dates are correct and present; the readout date that matters (19 December 2026) is right. Not a material misdescription.

Confidence 0.96 rather than 1.0 only because I read the record through the site's JSON API rather than the rendered page; the payload is the same source the page renders, and two independent endpoints agree.",,,
reviews,CONFIRMED,PROSPERO,CRD420261307872,https://www.crd.york.ac.uk/PROSPERO/view/CRD420261307872,Acute effects of pharmacological cognitive enhancement (Methylphenidate and Modafinil) on spatial working memory in healthy adults: a systematic review and meta-analysis of randomized controlled trial,"Single-dose acute administration of methylphenidate or modafinil, any dosage and route, versus placebo. Chronic/repeated dosing, combination pharmacotherapy and non-pharmacological enhancement (training, brain stimulation, dietary supplements) all excluded.","Healthy adults — 'healthy adult participants (≥18 years old) without diagnosed psychiatric or neurological disorders'; ADHD and narcolepsy explicitly excluded. HEALTHY ADULTS: yes, clean.",not stated (systematic review; no target number of included studies given),"Spatial working memory performance operationalized as error rate, from computerized paradigms including CANTAB Spatial Working Memory and spatial N-back. Synthesized as Hedges' g under a random-effects model with prediction intervals; GRADE applied.",Ongoing (PROSPERO reviewstatus 'Ongoing'; PublicationStatus 'Registered'; editing status 'Amending' — record is being actively revised),"Registered 23 February 2026. Stated review start date 22 February 2026, end date 30 May 2026 — end date has PASSED while status remains Ongoing, i.e. completed-but-unpublished. Independently cross-registered on OSF Registries as https://osf.io/frqne/ (registered 2026-02-22).","""Eligible studies must include healthy adult participants (≥18 years old) without diagnosed psychiatric or neurological disorders."" ... ""Primary outcome: Spatial working memory performance, operationalized as error rate (number of errors).""","A dated prediction would claim the pooled Hedges' g for acute methylphenidate/modafinil vs placebo on CANTAB/spatial-N-back error rate, and — because the protocol pre-commits to prediction intervals and an inverted-U/baseline-dependence rationale — whether the prediction interval crosses zero. The dual PROSPERO+OSF registration makes the protocol unusually hard to retrofit.","Re-found the record myself via the PROSPERO public API (the /view/ URL is a React SPA that WebFetch cannot render). Extracted the API base and endpoint from the frontend bundle main.2ca48f84.js: GET https://www.crd.york.ac.uk/PROSPERO/api/view/{ID}/0/0 with header prospero-auth-token = base64(epoch_ms). CONTROL TEST: bogus ID CRD420269999999 returns {""record"":{},""json"":[]} and neighbouring ID CRD420261307873 returns a DIFFERENT record (Purpose ""training""), so the endpoint is ID-specific, not generic. The target ID returns Purpose ""live"" and its own citation line reads ""PROSPERO 2026 CRD420261307872"" — the ID self-confirms. ID FORMAT: the 7-digit suffix is correct for the current PROSPERO platform (other live 2025/2026 records share it), so no malformation. CONTENT MATCH: title matches (actual ends ""randomized controlled trials"", plural; the claim dropped the trailing s — immaterial). POPULATION: ""Eligible studies must include healthy adult participants (>=18 years old) without diagnosed psychiatric or neurological disorders"" — the claimed quote is verbatim; exclusion criterion 4 explicitly names ADHD and narcolepsy. Healthy adults, clean. INTERVENTION: single-dose acute methylphenidate or modafinil, any dosage/route, vs placebo; chronic/repeated dosing, combination pharmacotherapy, and non-pharmacological enhancement (cognitive training, brain stimulation, dietary supplements) all explicitly excluded — matches exactly. OUTCOME: ""Primary outcome: Spatial working memory performance, operationalized as error rate (number of errors)"" — claimed quote verbatim; CANTAB Spatial Working Memory and spatial N-back named; Hedges' g under random-effects REML with prediction interval; RoB-2; GRADE. Objective cognitive performance outcome present. STATUS: PublicationStatus ""Registered"", EditingStatus ""Amending"", review status ""The review is currently planned or ongoing"" — matches the claimed Ongoing/Amending. DATES: date of first submission and date of registration both 23 February 2026; ""Review timeline: Start date: 22 February 2026. End date: 30 May 2026"" — exactly as claimed. Version history shows only Version 1.0, published 23 Feb 2026. CROSS-REGISTRATION: independently verified via api.osf.io/v2/registrations/frqne/ — real, public, not withdrawn, reviews_state ""accepted"", date_registered 2026-02-22, title ""Effects of Acute Methylphenidate and Modafinil on Spatial Working Memory in Healthy Adults: A Systematic Review and Meta-Analysis"". NOT ALREADY PUBLISHED: Europe PMC returns 0 hits for ""CRD420261307872"", 0 hits for the author/topic query, and no matching 2026 publication in a topical date-restricted search. Stated end date 30 May 2026 has passed (today 2026-09-20) with status still ongoing and no results version — completed-but-unpublished, readout genuinely pending. Every material detail in the claim checks out.","Only a trivial, non-material transcription slip: the registered title ends ""...meta-analysis of randomized controlled trials"" (plural); the claim wrote ""trial"" (singular). Everything else — population, intervention, outcome, status, dates, both quoted passages, and the OSF cross-registration — matches the live record verbatim.",,
reviews,CONFIRMED,PROSPERO,CRD420261324802,https://www.crd.york.ac.uk/PROSPERO/view/CRD420261324802,Systematic review and meta-analysis effects of nootropic drugs on working memory in healthy adults,"Acute (single-dose) administration of methylphenidate, dextroamphetamine, lisdexamfetamine, atomoxetine, or modafinil. Dose unrestricted; chronic/repeated dosing explicitly excluded. Caffeine, antidepressants, antipsychotics and natural substances explicitly excluded.","Healthy adults — 'Adults with no record of psychiatric disorder or drug abuse'. HEALTHY ADULTS: yes, clean. Registration states the meta-analysis is 'focused exclusively on healthy individuals'.",not stated (systematic review; no target number of included studies given),"Objective working-memory task performance: N-Back, Digit Span, Spatial Working Memory, Sternberg Task, Rapid Information Processing Task. Metrics: accuracy, correct/incorrect responses, reaction time. Pooled as Cohen's d / Hedges' g.",Ongoing (PROSPERO reviewstatus 'Ongoing'; PublicationStatus 'Registered'; editing status 'live'/'Stable'),"Registered 05 March 2026. Stated review start date 23 February 2026, end date 23 November 2026. Last published version is VersionID 2.","""Included Adults with no record of psychiatric disorder or drug abuse"" ... ""Main outcome: Cognitive performance in Working Memory tests including N-Back, Digit Span, Spatial Working Memory, Sternberg Task, Rapid Information Processing Task.""","A dated prediction would claim, before 23 Nov 2026, the sign and rough magnitude of the pooled Hedges' g for acute prescription stimulants/modafinil versus placebo on working memory in a healthy-only sample — e.g. that it lands near zero to small-positive (g < 0.2) rather than the moderate benefit implied by off-label use.","Verified directly against PROSPERO's backend API (the /PROSPERO/view/ page is a JS shell that returns no content to fetchers, so I extracted the API base and the prospero-auth-token scheme from the site bundle and queried POST /PROSPERO/api/search and GET /PROSPERO/api/view/CRD420261324802/0/0).

ID RESOLVES: search returned exactly one hit — accessionnumber ""CRD420261324802"", recordid 1324802, index my_index24, yearfirstpublished 2026, recordtype Clinical, reviewstatus ""Ongoing"", editingstatus ""live"", funder ""Coordenacao de Aperfeicoamento de Pessoal de Nivel Superior, Brazil"", region Americas. Not a fabricated or dangling identifier.

TITLE: exact match — ""Systematic review and meta-analysis effects of nootropic drugs on working memory in healthy adults"". Authors Rafael Maior (guarantor, ORCID 0000-0001-7219-8675) and Arthur Koller, University of Brasilia, Brazil.

POPULATION (healthy adults, clean): TemplatePopulation reads verbatim ""Included / Adults with no record of psychiatric disorder or drug abuse"". Condition domain: ""Healthy; Working memory; Psychostimulants, Agents Used For Adhd And Nootropics"". MeSH includes ""Healthy Volunteers"". Rationale: ""the present study consists of a meta-analysis focused exclusively on healthy individuals and on the acute administration of these substances"". Context: ""involving healthy adults"". Claimed quote reproduced exactly.

INTERVENTION: exact match — ""1. Acute administration of methylphenidate, dextroamphetamine, lisdexamfetamine, atomoxetine, or modafinil."" Excluded: ""Protocols involving continuous administration, prolonged treatment, or repeated doses on different days"" and ""substances other than those previously defined (including caffeine, antidepressants, antipsychotics, natural substances, combined substances, experimental compounds, or drugs of abuse)"". No dose restriction is stated, consistent with ""dose unrestricted"".

OUTCOME (objective cognitive): exact match — ""Main outcome: Cognitive performance in Working Memory tests including N-Back, Digit Span, Spatial Working Memory, Sternberg Task, Rapid Information Processing Task. The main measurements evaluated are accuracy, correct/incorrect responses, overall store, reaction time... These values will be used to calculate effect sizes via Cohen's d or Hedge's g."" Second claimed quote reproduced exactly (the description's list of metrics omits ""overall store"", an immaterial omission).

STATUS / PENDING: record object returns PublicationStatus ""Registered"", EditingStatus ""Stable"", Purpose ""live"", IsLiving 0; search facet reviewstatus ""Ongoing""; TemplateReviewStage states ""The review is currently planned or ongoing."" No results, no DOI, no publication record — ""Results of the review will be published in English."" Nothing published, nothing terminated or withdrawn.

DATES / VERSION: ""Date of first submission to PROSPERO: 05 March 2026""; ""Date of registration in PROSPERO: 05 March 2026""; ""Review timeline: Start date: 23 February 2026. End date: 23 November 2026."" Version history: Version 2.0 published 27 Jul 2026 (latest), Version 1.1 published 27 Jul 2026, Version 1.0 published 05 Mar 2026; record.previousversions = 2. The claim that the last published version is VersionID 2 is correct. Today is 2026-09-20, so the stated end date (23 Nov 2026) is still in the future.

Every material detail in the researcher's description checks out against the live registry, so this is CONFIRMED rather than REJECT_MISDESCRIBED.

CAVEAT (noted, not disqualifying): the ""Stage of the review at this submission"" table marks every stage — pilot work, formal searching, screening, data extraction, risk-of-bias assessment and data synthesis — as both started AND completed, and the v2 revision note describes having already evaluated the retrieved reports (switching QUADAS-2 to Cochrane RoB-2 and adding post-hoc outcomes for inhibitory control, attention and reaction time). So the analysis appears to be internally finished as of 27 Jul 2026 even though nothing is public. The readout is genuinely still pending in the sense required (no results published anywhere), but anyone forecasting against this registration should assume the team may already know the answer, and that the additional outcomes were added after seeing the data.

Confidence 0.95 rather than higher only because ""pending"" rests on the absence of a published result rather than on positive evidence that analysis is incomplete.",,,
reviews,CONFIRMED,PROSPERO,CRD420261356864,https://www.crd.york.ac.uk/PROSPERO/view/CRD420261356864,Effects of Antipsychotic Medications on Cognitive Function in Healthy Volunteer Populations: A Systematic Review and Meta-Analysis,"Antipsychotic drug administration versus placebo in randomized trials. Framed by the authors around off-label use, Phase I drug development and preoperative sedation.","Psychiatrically healthy adults — '≥18 years; confirmed absence of psychiatric diagnosis by structured interview (MINI, SCID) or equivalent; no current psychotropic medication; no history of psychotic disorder, bipolar I disorder, or dementia'. HEALTHY ADULTS: yes, and unusually rigorously operationalized.",not stated (systematic review; no target number of included studies given),"Performance on validated cognitive tests across all seven MATRICS consensus cognitive domains plus a composite cognitive score. Domain scores: speed of processing; attention/vigilance; working memory; verbal learning & memory; visual learning & memory; reasoning & problem solving; social cognition. Objective sedation measures (critical flicker fusion, saccadic eye movement velocity) also captured.",Ongoing (PROSPERO reviewstatus 'Ongoing'; PublicationStatus 'Registered'; editing status 'Stable'),"Registered 31 March 2026 (record dated 01 April 2026). Stated review start date 31 March 2026, end date 1 September 2026 — end date has just PASSED while status remains Ongoing. PubMed shows no matching publication.","""Psychiatrically healthy adults (≥18 years); confirmed absence of psychiatric diagnosis by structured interview (MINI, SCID) or equivalent"" ... ""Performance on validated cognitive tests across the seven MATRICS consensus cognitive domains; composite cognitive score where available.""","The registration asserts this literature 'has never been formally synthesized', so a dated prediction stakes out the pooled MATRICS-composite effect in a space with no prior meta-analytic anchor at all. For a repurposing project this is the clean negative-control direction: predicting which domains show impairment rather than enhancement, and how large.","I re-found the record myself rather than accepting the description. The PROSPERO site is a React SPA that returns a 200 shell for ANY path, so WebFetch/curl on the /PROSPERO/view/ URL proves nothing — it returns the same 1350-byte shell for a nonexistent ID. Browser navigation to crd.york.ac.uk was denied in this environment, so I reverse-engineered the app bundle (main.2ca48f84.js), found the API base https://www.crd.york.ac.uk/PROSPERO/api/ and the required header `prospero-auth-token: base64(epoch_ms)`, and queried GET /PROSPERO/api/view/{ID}. I validated the method on a control record (CRD42020158689) first, which returned a real, unrelated record — so the endpoint genuinely discriminates.

CRD420261356864 resolves to a real, live registration and every claimed detail checks out verbatim:
- TITLE: exact match — ""Effects of Antipsychotic Medications on Cognitive Function in Healthy Volunteer Populations: A Systematic Review and Meta-Analysis"". Authors Kyle Burghardt (guarantor, Wayne State University) and Ahmad Rkain. Self-citation in the record reads ""PROSPERO 2026 CRD420261356864"".
- POPULATION: verbatim match to the claimed quote — ""Psychiatrically healthy adults (≥18 years); confirmed absence of psychiatric diagnosis by structured interview (MINI, SCID) or equivalent; no current psychotropic medication; no history of psychotic disorder, bipolar I disorder, or dementia"". Exclusions explicitly remove any primary psychiatric diagnosis and medically unwell populations. Healthy adults: yes, and unusually tightly operationalized, as claimed.
- INTERVENTION: antipsychotics with a mandatory concurrent placebo comparator, randomized designs only. The Rationale names off-label use, Phase I drug development and preoperative sedation — exactly the framing claimed.
- OUTCOME: Main outcomes verbatim — ""Performance on validated cognitive tests across the seven MATRICS consensus cognitive domains; composite cognitive score where available."" Additional outcomes list all seven domains (speed of processing; attention/vigilance; working memory; verbal learning & memory; visual learning & memory; reasoning & problem solving; social cognition) plus critical flicker fusion and saccadic eye movement velocity. Objective cognitive performance outcome: present and central.
- STATUS / PENDING: record meta PublicationStatus ""Registered"", EditingStatus ""Stable"", RecordStatusID 0, no withdrawal message, version history shows only ""Version 1.0, published 01 Apr 2026"". Review status field reads ""The review is currently planned or ongoing"", and the stage table has no stage marked completed.
- DATES: Date of first submission 31 March 2026; Date of registration in PROSPERO 01 April 2026; Review timeline ""Start date: 31 March 2026. End date: 1 September 2026."" All three exactly as claimed. Today is 2026-09-20, so the stated end date passed ~3 weeks ago while status remains ongoing — the readout is pending and mildly overdue, not delivered.
- NOT ALREADY PUBLISHED: PubMed esearch returns 0 hits for antipsychotic+cognitive+healthy+meta-analysis in title. All four Burghardt K hits touching antipsychotics in healthy volunteers are older and different (2018 insulin-resistance/weight meta-analysis, 2022 hormonal/inflammatory/metabolic biomarkers review, 2019 and 2024 methylation work). That prior record is corroborating rather than disqualifying: this group has a genuine track record of healthy-volunteer antipsychotic meta-analyses, and the cognition one is the unpublished next entry.

I also checked the one thing that initially looked like a fabrication signature: the ID is 15 characters (CRD42 + 10 digits) rather than the older 14-character form. That is legitimate for 2025+ registrations — the record's own ""similar records"" section cites sibling IDs of the same length assigned by PROSPERO itself (e.g. CRD420251253206, CRD420251249052, CRD420251140305). So the length is a registry-wide format change, not a malformed ID.

Residual uncertainty (why not 1.0): I could not render the human-facing page, only the JSON the page itself consumes, and I could not check whether a preprint exists outside PubMed. Neither would change the verdict.",,,
reviews,CONFIRMED,PROSPERO,CRD420261386551,https://www.crd.york.ac.uk/PROSPERO/view/CRD420261386551,Acute effects of cocoa intake on cognitive performance in healthy adults: a systematic review and meta-analysis of randomized controlled trials,"Acute cocoa intake — cocoa-based beverages, chocolate, or cocoa-derived products standardized for flavanol or polyphenol content. Comparator: low-polyphenol cocoa. Randomized trials only.","'Healthy adults (≥18 years), without diagnosed neurological or psychiatric conditions.' HEALTHY ADULTS: yes, clean.",not stated (systematic review; no target number of included studies given),"Attention (reaction time, vigilance, processing speed) and working memory, as co-primary outcomes. Synthesized as Hedges' g with effect directions reversed where lower scores indicate better performance. Mood and mental fatigue are secondary only.",Ongoing (PROSPERO reviewstatus 'Ongoing'; PublicationStatus 'Registered'; editing status 'Stable'),"Registered 04 May 2026 (record dated 07 May 2026). Stated review start date 4 May 2026, end date 25 June 2026 — end date has PASSED while status remains Ongoing. Distinct from the published PMID 42641106 (Aug 2026), which covers CHRONIC dark chocolate/cocoa intake; this registration is acute-only.","""Healthy adults (≥18 years), without diagnosed neurological or psychiatric conditions."" ... ""Primary outcomes: Attention (e.g., reaction time, vigilance, processing speed) Working memory""","The protocol pre-commits to a confound-decomposition: subgroup/sensitivity analyses isolating how much of any cocoa effect is attributable to its caffeine content rather than its flavanols. A dated prediction would claim that the cocoa effect largely disappears once caffeine is controlled — a directly falsifiable mechanistic claim, not just an effect-size guess.","Independently re-found via the PROSPERO API, not by trusting the URL. The plain page returns HTTP 200 with only a 1350-byte React SPA shell containing no record data, so I extracted the API from the JS bundle (base https://www.crd.york.ac.uk/PROSPERO/api/, auth header prospero-auth-token = btoa(Date.now())) and hit two independent endpoints. POST /api/search for ""CRD420261386551"" returned exactly 1 hit: recordid 1386551, accessionnumber ""CRD420261386551"", title matching exactly, reviewstatus ""Ongoing"", editingstatus ""live"", yearfirstpublished 2026. GET /api/view/CRD420261386551 returned the full 23,615-byte record: PublicationStatus ""Registered"", EditingStatus ""Stable"", TemplateVariantCaption ""Systematic review of interventions"".

I initially suspected fabrication because the ID is 15 chars vs the familiar 14 (e.g. CRD42024559392). That heuristic is stale: PROSPERO now issues 7-digit record IDs (1386551), so 15 chars is correct for current-era records. Confirmed against a control ID rather than rejecting on the pattern.

Every claimed element verified verbatim. POPULATION (exact): ""Healthy adults (>=18 years), without diagnosed neurological or psychiatric conditions."" -- healthy adults, clean, no patient population. OUTCOMES (exact): ""Primary outcomes: Attention (e.g., reaction time, vigilance, processing speed) Working memory Secondary outcomes: Mood (e.g., alertness, anxiety, calmness) Mental fatigue"" -- objective cognitive performance outcomes clearly present. Both claimed quotes are literal matches. INTERVENTION: acute cocoa intake incl. cocoa-based beverages, chocolate, or cocoa-derived products standardized for flavanol/polyphenol content; comparator low-polyphenol cocoa; ""Only randomized study types will be included."" SYNTHESIS: Hedges' g with effect directions reversed where lower scores indicate better performance -- confirmed. DATES: Date of first submission 04 May 2026; Date of registration in PROSPERO 07 May 2026; ""Review start date: 4 May 2026. Review end date: 25 June 2026.""

PENDING is genuine: the stage table ticks only ""Pilot work"" as started -- formal searching, screening, data extraction, risk of bias and data synthesis are all unstarted. Review status reads ""The review is currently planned or ongoing."" Version history shows only ""Version 1.0, published 07 May 2026."" No results posted anywhere in the record. Team is University of Bradford-led (guarantor Dr Ana Beatriz da Silva), unfunded, protocol PDF uploaded.

DISTINCTNESS confirmed: PMID 42641106 is ""Effect of Chronic Dark Chocolate or Cocoa Intake on Cognitive Function"" (Nutrition Reviews) -- chronic, different scope. PROSPERO's own similar-records check additionally lists CRD420251185368 (""Acute and chronic effects of cocoa flavanols supplementation on cognitive function"", published 14 Nov 2025) as a separate record the team judged not similar, so the target is not a duplicate of that either.

Minor immaterial nuance (not a rejection): the claim phrases it as ""Registered 04 May 2026 (record dated 07 May 2026)"", whereas the record labels 04 May as date of first submission and 07 May as date of registration in PROSPERO. Both dates are correct; only the labels are transposed. One genuine caveat: the stated end date of 25 June 2026 passed ~3 months ago (today 2026-09-20) while status remains Ongoing with only pilot work done -- the readout timing is therefore unreliable, but with no withdrawal, EditingStatus ""Stable"" and a live latest version this is an overdue live review, not an abandoned one, so it does not meet REJECT_NO_PENDING_READOUT. Confidence held at 0.95 rather than higher solely because of that schedule slippage.",,,
reviews,CONFIRMED,PROSPERO,CRD420261488583,https://www.crd.york.ac.uk/PROSPERO/view/CRD420261488583,Effects of Acute Caffeine Intake on Executive Function in Healthy Adults: A Systematic Review and Meta-analysis,Acute caffeine intake versus placebo or non-caffeine control. Randomized trials only.,"Healthy adults — '18 years or older, regardless of sex, training or athletic status, or habitual caffeine consumption. Participants must be free from diagnosed medical, neurological, or psychiatric conditions that may materially affect cognitive performance.' Clinical populations and mixed-age samples that cannot be separated are excluded. HEALTHY ADULTS: yes, clean.",not stated (systematic review; no target number of included studies given),"Executive function overall and across three core domains (inhibitory control, working memory, cognitive flexibility/set shifting), classified per the Diamond framework. Measures: response accuracy, error rates, reaction time, interference effects, working-memory performance, switching/set-shifting costs.",Ongoing (PROSPERO reviewstatus 'Ongoing'; PublicationStatus 'Registered'; editing status 'Stable'),"Registered 28 August 2026 (record dated 29 August 2026). Stated review start date 28 August 2026, end date 20 October 2026 — the nearest FUTURE stated readout in this lane, one month out.","""Healthy human adults aged 18 years or older, regardless of sex, training or athletic status, or habitual caffeine consumption."" ... ""The main outcome will be executive function, assessed overall and across three core domains: inhibitory control, working memory, and cognitive flexibility/set shifting.""","Best near-term scoring opportunity in the lane: a stated end date only a month away, on the most-studied cognitive-enhancement compound there is. A dated prediction would claim the pooled effect on executive function overall and — more informatively — which of the three sub-domains separates, e.g. that inhibitory control moves while cognitive flexibility does not.","I re-found the record myself rather than trusting the description. The public PROSPERO page is a JS SPA (WebFetch and the browser pane both returned only the shell), so I reverse-engineered the app's own API from its bundle (https://www.crd.york.ac.uk/PROSPERO/static/js/main.2ca48f84.js): base https://www.crd.york.ac.uk/PROSPERO/api/, requests require a 'prospero-auth-token' header = base64(epoch ms); the public record route is GET api/view/{recordid}/{major}/{minor}, and search is POST api/search.

NEGATIVE CONTROL FIRST: api/view/CRD429999999999/0/0 and the adjacent-but-fake CRD420261488584 both return {""record"":{},""json"":[]}. So the endpoint does not manufacture records.

THE CLAIMED ID RESOLVES. POST api/search for the literal string CRD420261488583 returns a hit with internal _id 1488583 and RIS: TI 'Effects of Acute Caffeine Intake on Executive Function in Healthy Adults: A Systematic Review and Meta-analysis', AU 'Congjie Cheng; Weipeng Liu', DP 29/08/2026, SO https://www.crd.york.ac.uk/PROSPERO/view/CRD420261488583. GET api/view/CRD420261488583/0/0 returns the full 29KB record whose own generated citation reads 'Congjie Cheng, Weipeng Liu. Effects of Acute Caffeine Intake on Executive Function in Healthy Adults: A Systematic Review and Meta-analysis. PROSPERO 2026 CRD420261488583.' (I initially suspected the ID was malformed because it carries 7 digits after CRD42026 rather than 6, but PROSPERO's 2026 sequence has simply passed 7 digits — sibling real records CRD420261412275, CRD420261434024, CRD420261437393 appear inside this record's own similar-records check, and CRD420261511512 turned up in the same search.)

FIELD-BY-FIELD CHECK AGAINST THE CLAIM:
- Population (TemplatePopulation), verbatim: 'Healthy human adults aged 18 years or older, regardless of sex, training or athletic status, or habitual caffeine consumption. Participants must be free from diagnosed medical, neurological, or psychiatric conditions that may materially affect cognitive performance.' Exclusions name children/adolescents, clinical populations, and non-separable mixed-age samples. Matches the claimed quote word for word. Healthy adults: clean.
- Outcome (TemplateOutcomesMain), verbatim: 'The main outcome will be executive function, assessed overall and across three core domains: inhibitory control, working memory, and cognitive flexibility/set shifting.' Followed by response accuracy, error rates, reaction time, interference effects, working-memory performance and switching/set-shifting costs, classified per Diamond (2013), with Hedges' g as the effect measure. Objective cognitive performance outcomes, present and primary. The second claimed quote also matches word for word.
- Intervention: acute caffeine within a single session vs placebo/non-caffeinated control; the study-design section states 'Only randomized study types will be included' (randomised crossover and parallel-group RCTs). Matches.
- Status: record meta PublicationStatus 'Registered', EditingStatus 'Stable', Latest 'Latest', previousversions 0, IsLiving 0; the review-stage section says 'The review is currently planned or ongoing', with pilot work, formal searching and screening ticked as Started and data extraction, risk of bias and data synthesis all blank. Version history shows only 'Version 1.0, published 29 Aug 2026'. No results, no publication link — nothing already out, nothing terminated or withdrawn.
- Dates: 'Date of first submission to PROSPERO: 28 August 2026'; 'Date of registration in PROSPERO: 29 August 2026'; 'Review timeline: Review start date: 28 August 2026. Review end date: 20 October 2026.' The load-bearing readout date in the claim (20 October 2026) is exactly right, and against today (20 September 2026) it is one month in the future, so the readout is genuinely still pending.

One immaterial nuance, not enough to reject: the claim labels 28 August 2026 as 'Registered' and 29 August as the record date, whereas PROSPERO labels 28 August as first submission and 29 August as the registration date. Both dates are present and correct; only the two labels are transposed. Standard caveat: a PROSPERO 'review end date' is an author-stated anticipated completion date, not a guaranteed readout, and such records frequently slip past it.",,,
reviews,CONFIRMED,PROSPERO,CRD420261499408,https://www.crd.york.ac.uk/PROSPERO/view/CRD420261499408,Effects of acute co-ingestion of taurine and caffeine on physical and cognitive performance in physically active young adults: a systematic review.,"Acute co-ingestion of taurine and caffeine (nutritional supplement), versus placebo. Both randomized and non-randomized study types eligible.","Physically active young adults. HEALTHY ADULTS: yes — an athletic/active healthy population, not a patient group. Note this is a fitness-selected sample, so it is healthy but not general-population.",not stated (systematic review; no target number of included studies given),"'Cognitive Functions and Executive Performance' — reaction time (simple and choice), information processing speed, inhibitory control, cognitive flexibility, via Stroop Color and Word Test, Trail Making Test, light-based reaction systems (ReactionX/BlazePod) and N-back tasks. Hedges' g. Measured pre-exercise after the absorption window and/or immediately post-exhaustive exercise. Cognition sits alongside physical-performance, cardiovascular and metabolic outcomes.",Ongoing (PROSPERO reviewstatus 'Ongoing'; PublicationStatus 'Registered'; editing status 'Stable'),"Registered 07 September 2026 — 13 days ago, the most recently registered PROSPERO record in this lane. Stated review start date 6 September 2026, end date 30 December 2026.","""Cognitive Functions and Executive Performance:Definition: Reaction time (simple and choice reaction time), information processing speed, inhibitory control, and cognitive flexibility. Acceptable Instruments: Validated psychomotor tests and cognitive batteries (e.g., Stroop Color and Word Test, Trail Making Test - TMT, visual-cognitive light-based systems like ReactionX/BlazePod, and N-back tasks).""","Registered 13 days ago with a future end date, so a prediction is unambiguously ex ante. It tests a combination product against its components: an adjacent network meta-analysis of caffeine and taurine already published (PMID 41032459, Dec 2025) but focused on physical performance, so a dated prediction can claim that the cognitive arm shows no taurine-specific increment over caffeine alone.","Re-found the record myself rather than trusting the ID's shape. The plain URL returns only the SPA shell (title ""PROSPERO"", empty #root), so a naive fetch looks like a not-found; I reverse-engineered the app bundle (main.2ca48f84.js) to the API base https://www.crd.york.ac.uk/PROSPERO/api/ and hit two independent endpoints with the required prospero-access-token / prospero-auth-token headers.

(1) Search endpoint (POST /api/search, term CRD420261499408): exactly 1 hit. _id ""1499408"", accessionnumber ""CRD420261499408"", title ""Effects of acute co-ingestion of taurine and caffeine on physical and cognitive performance in physically active young adults: a systematic review."", reviewstatus ""Ongoing"", recordtype ""Clinical"", editingstatus ""live"", yearfirstpublished ""2026"", dateinprospero bucket ""Last month"". So the ID resolves, and it resolves to THIS study, not a different one.

(2) Record endpoint (GET /api/view/CRD420261499408/0/0, 29,488 bytes) returned the full published record. Header: PublicationStatus ""Registered"", EditingStatus ""Stable"", TemplateVariantCaption ""Systematic review of interventions"", Latest, previousversions 0, IsLiving 0. Authors Rubem Cordeiro Feitosa and Frederico Camarotti Júnior, Universidade Federal de Pernambuco (Brazil). Citation block prints the exact claimed URL.

Field-by-field check of the claim:
- POPULATION (healthy adults): Included — ""Age: Young adults aged between 18 and 40 years; Physical Activity Status: Physically active individuals or athletes (amateur or elite) of both sexes"". Excluded — sedentary/insufficiently active, and ""Individuals with pre-existing cardiovascular, metabolic (including obesity), neuromuscular, or psychiatric diseases, as well as baseline cognitive impairments."" This is an explicitly healthy, fitness-selected sample, not a patient group. Matches the claim including its caveat.
- INTERVENTION: ""Acute taurine and caffeine supplementation with clearly described dosages and administration timings; Pre-exercise oral administration"", comparator PICO tag ""Placebo"". Matches.
- COGNITIVE OUTCOME: present and objective, under ""Main outcomes"" (not Additional, as the claim implies — see below). Verbatim: ""Cognitive Functions and Executive Performance:Definition: Reaction time (simple and choice reaction time), information processing speed, inhibitory control, and cognitive flexibility. Acceptable Instruments: Validated psychomotor tests and cognitive batteries (e.g., Stroop Color and Word Test, Trail Making Test - TMT, visual-cognitive light-based systems like ReactionX/BlazePod, and N-back tasks). Timing of Measurement: Evaluated pre-exercise (following the supplementation absorption window) and/or immediately post-exhaustive exercise. Effect Measure for Synthesis: Standardized Mean Difference (SMD, calculated using Hedge's g)..."" The claimed quote is verbatim-accurate (the record renders ""visual-cognitive"" with a soft line break). Hedges' g confirmed. MeSH terms include Attention, Executive Function, Processing Speed, Reaction Time.
- STATUS / PENDING READOUT: ""Review status: The review is currently planned or ongoing."" Stage table: Pilot work started, formal searching started, screening started; data extraction, risk of bias, and data synthesis all NOT started. Only Version 1.0 exists, previousversions 0. Nothing published; readout genuinely still pending.
- DATES: ""Date of first submission to PROSPERO: 07 September 2026""; ""Date of registration in PROSPERO: 07 September 2026""; ""Review start date: 6 September 2026. Review end date: 30 December 2026""; ""Version 1.0, published 07 Sep 2026"". Today is 2026-09-20, so 13 days ago is correct. All dates in the claim are right.

Two notes that do not rise to REJECT_MISDESCRIBED: (a) the claim places cognition ""alongside physical-performance, cardiovascular and metabolic outcomes"" — accurate as a description of the outcome set, though cognition is formally a MAIN outcome (co-primary with physical performance), while cardiovascular/metabolic/RPE are Additional outcomes; if anything this understates the cognitive outcome's standing. (b) The claim's ""both randomized and non-randomized study types eligible"" quotes the record's structured Study design field exactly (""Both randomized and nonrandomized study types will be included.""), but the registrant's own free text in that same field contradicts it (""Only randomized controlled trials (RCTs)... will be included... Excluded: Non-randomized clinical trials""). That is an internal inconsistency in the registration itself, not a misdescription by the researcher. I did not verify the unfalsifiable framing claim that it is ""the most recently registered PROSPERO record in this lane"" — that is a property of the researcher's search, not of the record.

I also checked that the 2025 taurine/caffeine network meta-analysis surfaced by web search is a different review by different authors registered under a different CRD number, so it does not make this record already-published.",,,
reviews,CONFIRMED,OSF,kw54p,https://osf.io/kw54p/,Effects of Tyrosine Supplementation on Cognitive Performance in Healthy Adults: A Systematic Review and Multilevel Meta-Analysis of Randomized Controlled Trials,"Oral L-tyrosine as the sole active intervention, versus placebo or matched inactive control. Any absolute or body-weight-adjusted dose, formulation, administration schedule, number of doses, and duration eligible.","Healthy adults aged 18+, tested under ordinary/rested conditions as well as transient challenges (sleep deprivation, thermal stress, hypoxia/altitude, noise, sustained cognitive workload, multitasking). HEALTHY ADULTS: yes, clean — the stressors are experimental states imposed on healthy people, not clinical conditions.",not stated (systematic review; no target number of included studies given),"Overall objective cognitive performance — the average standardized effect across eligible objective, task-based outcomes (accuracy, correct responses, errors, reaction time, span, recall, recognition, signal-detection measures, interference scores, switch costs, validated composites). Seven pre-specified secondary domains including attention/vigilance, processing speed, working memory, episodic memory, executive function/cognitive control, reasoning/creative cognition, decision-making/reinforcement learning. Hedges' g; RoB 2 (incl. crossover variant); GRADE; PRISMA 2020 + PRISMA-S.","Public, not withdrawn. Registration type 'Generalized Systematic Review Registration'. Registry state: searches complete, data extraction and synthesis NOT begun — the registration explicitly says so.",Registered 2026-09-02 (18 days ago). Search date given as 31 August 2026. The protocol explicitly declines to give a finish date: 'The current protocol does not specify a planned completion date.' — no anticipated completion date stated.,"""The review will include healthy adults aged 18 years or older tested under any experimental state, including ordinary or rested conditions as well as transient challenges such as sleep deprivation, thermal stress, hypoxia or altitude exposure, noise, sustained cognitive workload, multitasking, or other acute stressors."" ... ""At the time of this OSF registration, data extraction has not yet begun and statistical synthesis has not been conducted.""","The single cleanest target in the lane. The registration timestamps itself as post-search / pre-extraction, so nobody involved could have seen the result yet, and it pre-commits to a directional moderator test: whether tyrosine helps under transient challenge but not under rested conditions. A dated prediction can score BOTH the overall g and that interaction — and the authors explicitly refuse to designate a confirmatory directional hypothesis, leaving the prediction space genuinely open.","Independently re-found via the OSF API. GUID kw54p resolves (api.osf.io/v2/guids/kw54p/) to object type ""Registration"" with the exact claimed title, confirming the ID is real and points to THIS study, not a different one. Registration record: date_registered 2026-09-02T15:05:17Z (18 days before today 2026-09-20, matching the claim), registration_supplement ""Generalized Systematic Review Registration"", withdrawn=false, public=true, article_doi=null (no linked publication), tags empty, date_modified identical to registration date (never amended).

POPULATION: healthy — registration_responses state ""Eligible studies include healthy human adults aged 18 years or older,"" with the listed conditions (sleep deprivation, thermal stress, hypoxia or altitude exposure, noise, sustained cognitive workload, multitasking, exercise followed by cognitive testing, or other transient stressors) being experimental states imposed on healthy participants, not clinical populations. Not REJECT_WRONG_POPULATION.

OUTCOME: objectively cognitive — primary outcome is ""overall objective cognitive performance following supplementation,"" defined as ""the average standardized intervention effect across all eligible objective, task-based cognitive-performance outcomes,"" plus the seven claimed secondary domains (attention/vigilance; processing speed; working memory; learning and episodic memory; executive function/cognitive control; reasoning and creative cognition; decision-making and reinforcement learning). RoB 2, GRADE, PRISMA 2020 and PRISMA-S all confirmed present. Not REJECT_NOT_COGNITIVE.

INTERVENTION: matches — ""orally administered L-tyrosine or tyrosine as the sole active intervention of interest,"" any absolute or body-weight-adjusted dose, formulation, schedule, number of doses and duration eligible; comparator ""placebo or another matched inactive control.""

PENDING: confirmed — ""At the time of this OSF registration, data extraction has not yet begun and statistical synthesis has not been conducted""; ""This registration therefore occurs after completion of the formal database-search stage but before data extraction and meta-analysis."" article_doi is null and a web search for a published version of this review returned only older unrelated tyrosine literature (2015-2024), nothing matching. Not REJECT_ALREADY_PUBLISHED, not REJECT_NO_PENDING_READOUT (not withdrawn, not terminated).

DATES: search date 31 August 2026 confirmed. Important anti-fooling step: my first query for the search date named ""31 August 2026"" in the prompt, which risked inducing the summarizer to echo it. I re-queried with a neutral prompt (""list every calendar date literally present; do not infer any date not present"") and it independently returned 31 August 2026 in two sentences, including one I had not previously seen (""On 31 August 2026, the developmental PubMed strategy retrieved all 18 known records""). No-completion-date claim verified verbatim: ""The current protocol does not specify a planned completion date.""

Only discrepancy found is immaterial: the registration's stressor list also includes ""exercise followed by cognitive testing,"" which the claim omitted, but the claim used ""including"" rather than asserting an exhaustive list. Not grounds for REJECT_MISDESCRIBED.

Note on method: the direct https://osf.io/kw54p/ HTML fetch returned only the JavaScript app shell with no content. This is normal OSF single-page-app behavior and is NOT evidence of a missing record; the v2 API is the authoritative GUID resolution and it resolved cleanly. Residual uncertainty (0.93 not higher) is only that all reads passed through WebFetch's summarizing layer rather than raw JSON I parsed myself, though the structured field reads, the neutral-prompt date re-check, and the independent GUID endpoint were mutually consistent across separate requests.",,,
stimulant,CONFIRMED,ClinicalTrials.gov,NCT05325502,https://clinicaltrials.gov/study/NCT05325502,Does Caffeine Facilitate Human Reward Learning Behaviors? [official: Caffeine and Reward Learning: Characterizing Behavioral Expression of Adenosine-Dopamine Interaction],"Caffeine 200 mg in the morning plus 100 mg in the afternoon, daily for 7 days, vs. matched mannitol placebo (200 mg AM / 100 mg PM)","Clinically healthy non-smokers aged 18-40, habitual caffeine intake 100-450 mg/day; depression, anxiety, psychosis, neurologic, cardiovascular and metabolic disease excluded. Registry healthyVolunteers flag = true. My judgement: HEALTHY ADULTS.",36 (estimated enrolment),"Accuracy (percent correct) in implicit learning under differing probabilities of monetary reward feedback, measured by the Probabilistic Selection Task test phase; Go/NoGo false-alarm rate secondary","Active, not recruiting",Primary completion 2025-12-31 (ACTUAL — primary data collection is finished); overall completion 2026-12-31 (ESTIMATED); last update posted 2026-03-17. Near-term readout.,"""The accuracy (% of correct answers) in implicit learning through different probabilities of monetary reward feedback""","Primary data collection is already complete with no results posted, so a prediction registered now is genuinely blind to the outcome: it would claim whether 7 days of daily caffeine raises probabilistic-selection learning accuracy versus placebo, testing chronic rather than acute dosing.","I re-pulled the record myself from the ClinicalTrials.gov API (v2) for NCT05325502, not from the researcher's summary, and cross-checked with an independent web search.

IDENTITY: The ID resolves to a real registration. Brief title ""Does Caffeine Facilitate Human Reward Learning Behaviors?""; official title ""Caffeine and Reward Learning: Characterizing Behavioral Expression of Adenosine-Dopamine Interaction"" (the ADoRe study). Sponsor-investigator Yu-Shiuan Lin, Centre for Chronobiology, University Psychiatric Clinics Basel. Start 2022-05-05. Matches the claim exactly, including the official title.

POPULATION: healthyVolunteers = Yes; age 18-40; non-smokers with habitual intake 100-450 mg/day; exclusions include depression, anxiety, sleep disorders, cardiovascular disease, diabetes, pregnancy/hormonal contraception, BMI outside 18.5-29.9, chronic medication. Healthy adults confirmed.

INTERVENTION: Caffeine 200 mg AM + 100 mg PM (300 mg/day) vs. mannitol placebo at matched 200 mg AM / 100 mg PM, 7 days, double-blind. One nuance the claim under-describes: it is a three-condition crossover (Placebo = 7 days placebo; Acute caffeine = 6 days placebo then 1 day caffeine; Daily caffeine = 7 days caffeine), so the claim's two-arm framing omits the acute arm. The daily-vs-placebo contrast it describes is real and is the registered comparison; I judged this an incomplete rather than a false description, so not a REJECT_MISDESCRIBED.

COGNITIVE OUTCOME: Primary measure verbatim = ""The accuracy (% of correct answers) in implicit learning through different probabilities of monetary reward feedback"" — the claimed quote is verbatim correct. Description confirms a Probabilistic Selection Task with a feedback training phase and a no-feedback test phase, scored on overall test-phase accuracy plus choose-most-rewarded / avoid-least-rewarded accuracies. Time frame: 1 hour after the second intake on day 7. Secondary: ""The errors in motor inhibition (rates of false alarm) in a motor inhibition task"" (Go/NoGo false alarms) and salience attribution, both at 1.5 hours on day 7. Objective behavioral performance outcome — not self-report.

PENDING READOUT: Overall status ACTIVE_NOT_RECRUITING. Primary completion 2025-12-31 with type ACTUAL (so primary data collection is finished, as claimed). Completion 2026-12-31 ESTIMATED. Last update posted 2026-03-17. Enrollment 36 (ESTIMATED). No results posted on the registry (hasResults false, no results section). No RESULT-type references or publications cited in the record. Independent searches for a published ADoRe readout (author, task, trial name) found none — only the investigator's own note that the study recently concluded and a separate, distinct follow-on registration (NCT06763172, PET/MRI reinforcement learning at MGH). Nothing is already out, and nothing indicates termination or abandonment.

Every falsifiable element I could check held up. Caveats on my confidence rather than the verdict: enrollment is listed as ESTIMATED 36, so actual n is unknown; the registry has not been updated since 2026-03-17, so a very recent preprint could exist that my searches did not surface; and a small n=36 crossover readout could slip past the 2026-12-31 estimated completion.",,,
stimulant,CONFIRMED,ClinicalTrials.gov,NCT05588934,https://clinicaltrials.gov/study/NCT05588934,Caffeine Optimization Versus Standard Caffeine Dosage (2B-2) [official: A Head-to-Head Comparison of the 2B-Alert Caffeine Optimization Algorithm Versus Standard Caffeine Dosing on Performance During Sleep Deprivation (2B-2)],"Caffeine gum, 100 mg per piece, vs. non-caffeinated placebo gum; dosing schedule personalized by the 2B-Alert algorithm vs. standard recommended dosing, across total sleep deprivation","Healthy adults aged 18-39, habitual sleep 6-9 h/night. Registry healthyVolunteers flag = true. My judgement: HEALTHY ADULTS, unambiguously — sleep deprivation is an experimentally imposed challenge, not a patient condition.",180 (estimated enrolment),Mean psychomotor vigilance test (PVT) reaction time during the Peak Alertness Window — sole primary outcome,Recruiting,"Primary completion and completion both 2026-03 (ESTIMATED); last update posted 2025-11-04. Note the estimated date has now passed while status remains Recruiting, so the date is soft.","""The mean response time to psychomotor vigilance tests during the Peak Alertness Window.""",A dated prediction would claim whether algorithm-personalized caffeine dosing produces a statistically significant improvement in mean PVT reaction time over standard fixed dosing during total sleep deprivation — the single best-powered pure-cognition stimulant readout currently pending in this lane.,"Re-found the record myself via the ClinicalTrials.gov API v2 (https://clinicaltrials.gov/api/v2/studies/NCT05588934), pulling raw JSON rather than relying on a summarizer; record versionHolder is 2026-09-18, so the data is current as of two days ago.

ID resolves to exactly the claimed study. briefTitle = ""Caffeine Optimization Versus Standard Caffeine Dosage (2B-2)""; officialTitle = ""A Head-to-Head Comparison of the 2B-Alert Caffeine Optimization Algorithm Versus Standard Caffeine Dosing on Performance During Sleep Deprivation (2B-2)"". Both match character-for-character. Lead sponsor University of Arizona; collaborators USAMRAA and BHSAI; sites in Tucson, AZ. Interventional, NA phase, enrollment 180 (estimated).

POPULATION — healthy adults. eligibilityModule: minimumAge ""18 Years"", maximumAge ""39 Years"", stdAges [""ADULT""], healthyVolunteers = true. Exclusions strip out sleep disorders, neurologic disease, cardiovascular disease, kidney/liver disease, psychiatric history, BMI >= 30, heavy caffeine/alcohol/nicotine, positive drug screens. The 6-9 h habitual sleep window appears as an exclusion for anyone outside it, which is the same thing the claim states. Sleep deprivation here is an imposed experimental challenge (62 h TSD in lab), not a patient condition. Not a patient population.

COGNITIVE OUTCOME — objective and primary. primaryOutcomes array has length exactly 1, so ""sole primary outcome"" is right; the study registers NO secondary outcomes at all (secondaryOutcomes empty). measure = ""Mean psychomotor vigilance test reaction time""; description = ""The mean response time to psychomotor vigilance tests during the Peak Alertness Window."" — the claimed quote is verbatim, including the trailing period. timeFrame = ""Peak Alertness Window: During each overnight sleep deprivation period from 3:00am to 9:00am"". PVT mean RT is an objective psychomotor/attentional performance measure, not a self-report scale.

INTERVENTION — matches. Caffeine Gum (DIETARY_SUPPLEMENT, ""Commercially available caffeinated gum that contains 100mg of caffeine per piece of gum."", other name Military Energy Gum) vs Placebo Gum (OTHER, ""Commercially available non-caffeinated gum.""). Five arms: placebo both nights; standard dosing (200 mg/2 h up to 800 mg/24 h); 2B-Alert-optimized dosing (0-300 mg/2 h up to 800 mg/24 h); and two placebo-night-1 crossover arms. The claim's ""algorithm-personalized vs standard recommended dosing across total sleep deprivation"" is accurate.

PENDING — yes. overallStatus = RECRUITING, statusVerifiedDate 2025-10, hasResults = false. No results section posted. All eight entries in referencesModule are type BACKGROUND (Kamimori 2005, Killgore 2009/2020, Reifman/Ramakrishnan/Vital-Lopez 2016-2018) — there are zero DERIVED or RESULT publications attached. I checked the obvious confusable: the published 62-hour TSD 2B-Alert validation (n=21, ""2B-Alert App 2.0"", Vital-Lopez et al., SLEEP 2023) belongs to the earlier single-arm trial NCT04399083, not to this 180-participant head-to-head with a placebo comparator. So REJECT_ALREADY_PUBLISHED does not apply.

DATES — the claim reports them correctly. startDate 2023-06-09 ACTUAL; primaryCompletionDate 2026-03 ESTIMATED; completionDate 2026-03 ESTIMATED; lastUpdateSubmitDate 2025-10-31; lastUpdatePostDate 2025-11-04 ACTUAL. Every figure in the claim matches the registry exactly, including the researcher's own caveat that the estimated date has lapsed (today is 2026-09-20) while status remains Recruiting. That is a soft-timing risk, not a misdescription, so I am not issuing a corrected date: the registry itself still says 2026-03 and has not been revised.

Residual risk behind the 0.93 rather than higher: no registry update in ~10.5 months with an overdue estimated completion means the readout date is genuinely unreliable and the trial could later prove to have stalled. But nothing in the record indicates termination, withdrawal, or suspension, and RECRUITING plus hasResults=false is the signature of a genuinely pending readout. Nothing here has the fabrication signature — the ID loads, the study is the one described, and the quoted outcome text is exact.",,,
stimulant,CONFIRMED,ClinicalTrials.gov,NCT06041048,https://clinicaltrials.gov/study/NCT06041048,Investigation of Locus Coeruleus Function in Sustained Attention,"Modafinil, single 200 mg oral dose vs. placebo, in healthy control subjects, with high-resolution neuromelanin-sensitive brainstem MRI (Phase 4)","Typically developing healthy adults aged 18-60; schizophrenia, psychosis, focal neurological disorder and severe substance use disorder excluded. Registry condition field reads ""Attention - no Condition is Being Assessed - Healthy Adults""; healthyVolunteers flag = true. My judgement: HEALTHY ADULTS.",40 (estimated enrolment),"CAVEAT — the sole primary outcome is BOLD brain activity, NOT a cognitive test. The objective cognitive measure is SECONDARY: response time and accuracy on the Oddball and POP sustained-attention tasks. Include only if secondary endpoints are acceptable to the project.",Recruiting,Primary completion and completion both 2026-12-19 (ESTIMATED); last update posted 2026-06-18,"""Typically developing, healthy adult"" (eligibility); ""Attention on Oddball and POP task"" measured as ""Response time and accuracy on Oddball and POP task"" (secondary outcome)","A dated prediction would claim whether a single 200 mg modafinil dose measurably improves sustained-attention response time and accuracy in healthy adults, and whether that behavioral change co-occurs with locus coeruleus BOLD modulation. Score it as a secondary-endpoint prediction and say so, since the trial is powered on imaging, not behavior.","Re-found independently, not taken on trust. I pulled the raw registry record twice by two routes: the ClinicalTrials.gov API v2 record (https://clinicaltrials.gov/api/v2/studies/NCT06041048?format=json) fetched via WebFetch, then re-fetched the same JSON with curl to a local file and parsed the fields myself rather than relying on a summarizer. Both agree field-for-field. (The plain HTML page at https://clinicaltrials.gov/study/NCT06041048 returns only the SPA shell to a fetcher, which is expected and not evidence against the record; the API is the same registry data.)

Verbatim from the record: nctId NCT06041048; briefTitle and officialTitle both ""Investigation of Locus Coeruleus Function in Sustained Attention""; overallStatus RECRUITING; statusVerifiedDate 2026-06; lead sponsor University of California, Davis; single site UC Davis, Sacramento CA 95817 (site status RECRUITING, contact listed); enrollment 40 ESTIMATED; phases [""PHASE4""]; design RANDOMIZED / CROSSOVER / BASIC_SCIENCE, TRIPLE masking.

Population — healthy adults, confirmed. conditions = [""Attention - no Condition is Being Assessed - Healthy Adults""]; healthyVolunteers = true; minimumAge 18 Years, maximumAge 60 Years; inclusion criteria read ""Between the ages of 18 - 60 years of age"" and ""Typically developing, healthy adult""; exclusions include schizophrenia/other psychosis, focal neurological disorder, severe alcohol or drug use disorder within 5 years, cardiac contraindications, modafinil hypersensitivity, pregnancy, MRI contraindications, psychotropic use within the past week. The claimed quote ""Typically developing, healthy adult"" is exact.

Intervention — matches. One DRUG intervention, Modafinil, description ""Single dose (200 mg) of medication versus placebo given to healthy control subjects""; arms Modafinil (ACTIVE_COMPARATOR) and Placebo (PLACEBO_COMPARATOR). The neuromelanin-sensitive brainstem MRI claim is substantiated by the brief summary, which describes ""high resolution magnetic resonance imaging techniques tailored to the brainstem environment, including neuromelanin-sensitive images shown to delineate the LC.""

Cognitive outcome — present, and the researcher's caveat is accurate rather than a cover for a missing endpoint. Sole primaryOutcome = {""measure"": ""Brain activity - BOLD response"", ""timeFrame"": ""1 hour""} — imaging, not cognition. The single secondaryOutcome = {""measure"": ""Attention on Oddball and POP task"", ""description"": ""Response time and accuracy on Oddball and POP task"", ""timeFrame"": ""1 hour""} — an objective behavioral performance measure (RT and accuracy), not a self-report scale. Both claimed quotes are exact. So an objective cognitive outcome exists, but only at the secondary level; if the project's inclusion rule requires the cognitive measure to be primary, this registration fails that rule on a policy basis, not on a factual one. Flagging rather than silently confirming.

Pending readout — confirmed. hasResults = false and there is no resultsSection in the record. startDate 2023-10-01 ACTUAL; primaryCompletionDate 2026-12-19 ESTIMATED; completionDate 2026-12-19 ESTIMATED; lastUpdatePostDate 2026-06-18 ACTUAL (type ACTUAL, so the claimed ""last update posted 2026-06-18"" is right). Today is 2026-09-20, so the record was refreshed three months ago and the readout date is three months out — not a stale abandoned listing. A targeted search for published results turned up only the older Minzenberg et al. Science work on modafinil and the LC (a different, pre-2010 study) and trial-listing mirrors of this same registration — nothing reporting this trial's data. So neither REJECT_ALREADY_PUBLISHED nor REJECT_NO_PENDING_READOUT applies.

Two non-material notes, neither rising to REJECT_MISDESCRIBED. (1) The description says ""single 200 mg oral dose vs. placebo,"" which reads parallel-group; the record is a within-subject double-blind crossover, so each participant receives both. The dose and comparison are right, the allocation shorthand is loose. (2) The 2026-12-19 date is ESTIMATED and the trial has been recruiting since October 2023 toward n=40, so slippage is plausible — but the registry itself labels it ESTIMATED, so quoting it as such is honest and I have no basis to supply a different date.

Confidence 0.95 rather than higher because my check reflects the registry as of today and I cannot rule out an unindexed preprint of the behavioral secondary.

Sources:
- [ClinicalTrials.gov API record for NCT06041048](https://clinicaltrials.gov/api/v2/studies/NCT06041048?format=json)
- [ClinicalTrials.gov study page NCT06041048](https://clinicaltrials.gov/study/NCT06041048)
- [UC BRAID trial listing mirror](https://clinicaltrials.ucbraid.org/trial/NCT06041048)",,,
stimulant,CONFIRMED,ClinicalTrials.gov,NCT06763172,https://clinicaltrials.gov/study/NCT06763172,Effects of Caffeine on Reinforcement Learning in Healthy Adults Using PET/MRI [official: Measure Striatal Adenosine-dopamine Receptors Interactions: from Molecule to Behaviors],"Caffeine 200 mg orally, administered 20 minutes before simultaneous PET/fMRI acquisition, vs. lactose tablet placebo","Clinically healthy non-smokers aged 18-45 with habitual caffeine intake 100-450 mg/day; depression, anxiety, psychosis and neurologic disorders excluded. Registry healthyVolunteers flag = true. My judgement: HEALTHY ADULTS.",12 (estimated enrolment),Reinforcement learning accuracy on the Probabilistic Selection Task (PST) performed in fMRI — a co-primary alongside [11C]raclopride D2/D3 receptor availability; Go/NoGo motor inhibition accuracy is secondary,Recruiting,Primary completion and completion both 2026-12-31 (ESTIMATED); last update posted 2025-01-09,"""Reinforcement learning and the associated brain activity will be measured using PST in a fMRI scan. The reinforcement learning is indexed by the accuracy of the task performance on the behavioral leve""","A dated prediction would claim whether 200 mg caffeine measurably improves probabilistic reward-learning accuracy, and whether any behavioral gain tracks the striatal dopamine D2/D3 displacement measured in the same session — a mechanism-linked prediction, not just an effect-size one. Note n=12 gives this very low power.","Re-found independently via the ClinicalTrials.gov API v2 record for NCT06763172 (the /study/ HTML page serves only an SPA shell, so the structured endpoint was used; a web search independently corroborated the study's existence, design and Martinos Center sponsorship). The ID resolves to exactly the described registration, not a different study. Brief title (""Effects of Caffeine on Reinforcement Learning in Healthy Adults Using PET/MRI"") and official title (""Measure Striatal Adenosine-dopamine Receptors Interactions: from Molecule to Behaviors"") match verbatim. Intervention matches: caffeine 200 mg per os 20 minutes prior to PET/fMRI acquisition vs lactose tablet placebo. POPULATION: healthyVolunteers flag = true, ages 18-45, clinically healthy non-smokers with habitual caffeine intake 100-450 mg/day, psychiatric and neurologic diagnoses excluded — healthy adults, confirmed. COGNITIVE OUTCOME: two co-primary outcomes are registered — (1) dopamine D2/D3 receptor availability via [11C]Raclopride BPND, and (2) ""Effects of caffeine on reinforcement learning (PST in fMRI)"", indexed by task-performance accuracy plus hemodynamic response to reward feedback; Go/NoGo motor inhibition is correctly listed as secondary (alongside a Salience Attribution Test secondary the claim omitted, which is additive, not contradictory). That is an objective behavioral performance metric, not self-report. The claimed quote is genuine, merely truncated mid-word at ""leve[l]"" by the extractor. PENDING: overallStatus = RECRUITING, hasResults = false, all five references typed BACKGROUND (none RESULT), no results publication found; primary completion and completion dates both 2026-12-31 ESTIMATED, which is in the future relative to today (2026-09-20). Last update posted 2025-01-09 ACTUAL, exactly as claimed. No material detail was misdescribed, so no correction is warranted. Confidence is held just below ceiling because the record has not been updated in ~20 months (overdue against the annual-update expectation) and the study is retrospectively registered (start 2023-05-17 ACTUAL vs first posting Jan 2025), which adds slip risk to the 2026-12-31 estimate — but neither fact contradicts the researcher's description, which correctly labeled the date ESTIMATED.",,,
stimulant,CONFIRMED,ClinicalTrials.gov,NCT06780774,https://clinicaltrials.gov/study/NCT06780774,"Investigating the Acute and Chronic Effects of a Supplement Containing Caffeine, Vitamins, Minerals and Botanical Extracts on Cognition, Sleep and Wellbeing, in Healthy Volunteers","Capsule blend containing 120 mg caffeine plus vitamins, minerals and botanical extracts vs. placebo (17 mg marigold extract and brown rice flour); randomized double-blind placebo-controlled crossover, with acute testing on day 1 and chronic testing after 29 days of supplementation","Self-assessed healthy volunteers aged 18-75, habitual caffeine 40-500 mg/day, fluent English. Registry healthyVolunteers flag = true. My judgement: HEALTHY ADULTS, though note the population is self-assessed rather than clinically screened, and the 18-75 range spans healthy young and healthy older adults.",90 (estimated enrolment),"Attention cognitive domain factor score, derived from computerized tasks administered via the Computerised Mental Performance Assessment System (COMPASS, Northumbria University) — sole primary. Working Memory, Episodic Memory and Executive Function domain factor scores are secondary.",Not yet recruiting,Primary completion and completion both 2025-12-19 (ESTIMATED); last update posted 2025-02-10. STALE — stated start was 2025-02-24 and the record has not been updated in over 18 months while still flagged Not yet recruiting. Any prediction must be conditioned on the trial actually running.,"""You self-assess yourself as being in good health."" (eligibility); ""Effects of supplementation on the cognitive domain Attention, measured using the following tasks through the Computerised Mental Performance Assessment System (COMPASS, Northumbria University)"" (primary outcome)","A dated prediction would claim whether a 120 mg caffeine multi-ingredient blend improves a pre-specified composite Attention domain score both acutely and after 29 days — the chronic arm is the valuable part, since tolerance predicts the chronic effect should shrink toward zero while the acute effect persists. The second-best-powered cognitive readout in this lane, but the staleness is a genuine risk to scoreability.","I re-pulled the record myself from the ClinicalTrials.gov v2 API (https://clinicaltrials.gov/api/v2/studies/NCT06780774?format=json, 25KB JSON) rather than trusting the summary. Every material element of the claim checks out verbatim:

ID/TITLE: nctId = NCT06780774. briefTitle = ""Investigating the Acute and Chronic Effects of a Supplement Containing Caffeine, Vitamins, Minerals and Botanical Extracts on Cognition, Sleep and Wellbeing, in Healthy Volunteers"" (officialTitle identical plus a trailing period). Lead sponsor / organization = Northumbria University. Exact match, not a different study.

POPULATION: eligibilityModule.healthyVolunteers = true; minimumAge 18 Years, maximumAge 75 Years, stdAges [ADULT, OLDER_ADULT], sex ALL. Inclusion criteria verbatim: ""You self-assess yourself as being in good health."" / ""You are aged 18-75 years at the time of giving consent."" / ""English is your first language or are fluent in English."" Exclusion excludes habitual caffeine <40 mg/day or >500 mg/day, pre-existing medical conditions, psychiatric diagnoses in the past 12 months, neurological/neurodevelopmental diagnoses, sleep disorders, BMI outside 18.5-39.9, BP >=140/90, pregnancy, nicotine. So: healthy adults, and the researcher's own caveat (self-assessed rather than clinically screened; 18-75 spans young and older adults) is accurate and fairly stated.

OUTCOME: outcomesModule.primaryOutcomes has length 1 — sole primary is ""Attention - Cognitive domain factor score"", description verbatim ""Effects of supplementation on the cognitive domain Attention, measured using the following tasks through the Computerised Mental Performance Assessment System (COMPASS, Northumbria University): Choice Reaction Time and Rapid Visual Information Processing..."" with accuracy as % correct and speed in milliseconds; timeFrame ""Prior to (acute) and following 29-day chronic supplementation"". Secondaries include Working Memory, Episodic Memory and Executive Function domain factor scores (plus Choice Reaction Time, Numeric Working Memory, Peg and Ball, and non-cognitive mood/sleep/BP measures). This is an objective computerized cognitive performance outcome, exactly as claimed. Both claimed quotes are verbatim in the record.

INTERVENTION/DESIGN: Two arms — experimental ""Blend containing 120mg of caffeine, vitamins, minerals and botanical extracts in capsule form... daily, for 29 days, as one bolus dose (2 capsules)"" vs placebo ""Blend containing 17mg Marigold Extract and Brown rice flour, in capsule form"". designModule: INTERVENTIONAL, RANDOMIZED, CROSSOVER, masking TRIPLE (participant/investigator/outcomes assessor) with interventionModelDescription ""Randomised, double-blind, placebo-controlled, crossover design."", n=90 estimated. The claim's ""randomized double-blind placebo-controlled crossover"" reproduces the registry's own wording, so this is not a misdescription.

STATUS/READOUT: overallStatus = NOT_YET_RECRUITING; statusVerifiedDate 2024-11; startDate 2025-02-24 ESTIMATED; primaryCompletionDate and completionDate both 2025-12-19 ESTIMATED; studyFirstPost 2025-01-17; lastUpdatePostDate 2025-02-10 ACTUAL. hasResults = false, no references/publications cited, IPD sharing ""Immediately following publication"". A web search surfaced no publication or posted results for this registration. It is not terminated and not withdrawn, so REJECT_NO_PENDING_READOUT does not apply, and REJECT_ALREADY_PUBLISHED does not apply.

The one real weakness is staleness, and the researcher already disclosed it accurately: as of today (2026-09-20) the estimated primary completion date of 2025-12-19 is ~9 months in the past while the record has sat un-updated for ~19 months and is still flagged Not yet recruiting. The registry date itself is correctly reported, so there is no date to correct; but the true readout date is unknowable and any prediction must be conditioned on the trial actually having run. That residual risk (a silently abandoned or never-started study) is why I hold confidence at 0.88 rather than higher.",,,
stimulant,CONFIRMED,ClinicalTrials.gov,NCT07135232,https://clinicaltrials.gov/study/NCT07135232,The Effects of Resistance Training and a Plant-Based Supplement on Perimenopausal Symptoms and Muscle Health. [official: The Effects of Resistance Training and a Sarmentosin - L-theanine Supplement on Perimenopausal Symptoms and Musculoskeletal Health: A Randomised Controlled Trial],"Two capsules delivering 20 mg sarmentosin plus 400 mg L-theanine daily vs. taste- and appearance-matched placebo, factorially crossed with home-based resistance training over 12 weeks — a compound-plus-training design","Perimenopausal women aged 40-55, not on HRT or hormonal contraception for at least one year, not currently resistance training. Registry healthyVolunteers flag = true. My judgement: HEALTHY ADULTS — perimenopause is a life stage, not a disease state — but flag that symptom burden is an enrolment focus and the co-primary endpoints are depressive symptoms, so this sits closer to the healthy/symptomatic boundary than the other findings.",72 (estimated enrolment),"Change in Sustained Attention, measured as the signal-detection sensitivity index A-prime on the CANTAB Rapid Visual Information Processing task, at Week 1 and Week 12 (listed among the primary outcomes). Verbal episodic memory and working memory performance are secondary.",Recruiting,Primary completion 2027-03-01 (ESTIMATED); overall completion 2027-04-01 (ESTIMATED); last update posted 2026-03-27,"""Assessed as the signal detection measure of a subject's sensitivity to the target sequence (A') during the Cambridge Neuropsychological Test Automated Battery rapid visua"" (primary outcome description, as truncated in the registry record); ""Perimenopausal women between 40 - 55 years"" (eligibility)","A dated prediction would claim whether 400 mg L-theanine plus sarmentosin improves CANTAB RVIP sustained-attention sensitivity over 12 weeks, and — because supplement and resistance training are factorially crossed — whether the compound adds anything on top of exercise. That interaction is exactly the compound-plus-training question the project flagged as especially interesting.","Re-found independently via the ClinicalTrials.gov API v2 (two separate fetches with different field selections, plus a web search that independently surfaced the same record on clinicaltrials.gov and an ichgcp mirror).

ID RESOLVES, SAME STUDY: NCT07135232 loads as ""The Effects of Resistance Training and a Plant-Based Supplement on Perimenopausal Symptoms and Muscle Health."" with official title ""The Effects of Resistance Training and a Sarmentosin - L-theanine Supplement on Perimenopausal Symptoms and Musculoskeletal Health: A Randomised Controlled Trial"". Sponsor Leeds Beckett University, org study ID AM004156, PI Harriet Cannell, Carnegie School of Sport, Leeds UK. Titles match the claim verbatim. Not a different study.

INTERVENTION MATCHES: 4 arms (placebo alone; placebo + resistance training; active alone; active + resistance training), i.e. a 2x2 crossing of supplement and training registered as parallel assignment. Active = two capsules daily delivering 20 mg sarmentosin + 400 mg L-theanine; comparator is a matched placebo capsule, double-blind for supplement allocation only (exercise allocation open). Home-based resistance training 3x/week (bodyweight, bands, dumbbells, push-up handles). 12-week intervention. Enrollment 72 (estimated). All as claimed.

POPULATION = HEALTHY ADULTS: healthyVolunteers = true. Sex female, ages 40-55. Inclusion line 1 verbatim: ""Perimenopausal women between 40 - 55 years"" — matches the claimed quote exactly. Inclusion also requires no HRT or hormonal contraception for >=1 year. Conditions field lists Perimenopause / Menopause, which is a life stage rather than a disease state, and the exclusion list actively removes disease: cardiovascular disease, uncontrolled hypertension, diagnosed mental health disorders (including severe depression requiring recent medication changes), neurological conditions affecting cognition, endocrine disorders, antidepressant/corticosteroid/beta-blocker use, BMI >30. So the sick are screened out, not in. I agree with the researcher's own caveat and repeat it: symptom burden is an enrolment focus and three of the five registered primary outcomes are DASS-21 depressive subscale scores at weeks 4/8/12, so this sits nearer the healthy/symptomatic boundary than a pure healthy-volunteer study — but the registry flag, the age band, and the disease exclusions all point to healthy adults. Not REJECT_WRONG_POPULATION.

OBJECTIVE COGNITIVE OUTCOME PRESENT, AND IT IS PRIMARY: primary outcomes 4 and 5 are ""Change in Sustained Attention Pre- to Post-Supplement Intake at Week 1"" and ""...at Week 12"", each described verbatim as ""Assessed as the signal detection measure of a subject's sensitivity to the target sequence (A') during the Cambridge Neuropsychological Test Automated Battery rapid visual information processing test."" The claimed quote reproduces this exactly (the claim's truncation at ""rapid visua"" is an artifact of the quoting, not an error). Timeframes: ""Pre- to 1 hour post- supplement intake at week 1 / week 12 of the intervention."" CANTAB RVIP A-prime is a performance-based, objectively scored task. Secondaries independently confirm the claim's secondary-cognition statement: verbal episodic memory (CANTAB paired associates errors), working memory (digit span), spatial planning/working memory (One Touch Stockings of Cambridge), and sustained attention A' at weeks 4/8/12. Not REJECT_NOT_COGNITIVE.

READOUT GENUINELY PENDING: overallStatus = RECRUITING; hasResults = false; primaryCompletionDateStruct = {2027-03-01, ESTIMATED}; completionDateStruct = {2027-04-01, ESTIMATED}; lastUpdatePostDateStruct = {2026-03-27, ACTUAL}; start date 2026-03-01 (ESTIMATED). Every claimed date matches the registry field-for-field. Against today's date of 2026-09-20, primary completion is roughly 5.4 months in the future and no results are posted, so nothing has read out. Not REJECT_ALREADY_PUBLISHED, not REJECT_NO_PENDING_READOUT (no terminated/withdrawn/suspended signal; record was updated six months ago, which is unremarkable for an actively recruiting trial).

TWO NUANCES I CHECKED AND JUDGED NON-MATERIAL (no correction filed): (a) The claim describes the population as ""not currently resistance training""; the registered criterion is narrower — not engaged in STRUCTURED resistance training at >3 sessions/week in the past 6 months. A simplification, not a distortion, and it does not touch healthy-adult status. (b) The primary sustained-attention endpoint is an ACUTE pre-dose to 1-hour-post-dose change assessed at weeks 1 and 12, not a chronic 12-week change in attention; the claim's phrasing ""at Week 1 and Week 12"" reproduces the registry's own outcome labelling, and the chronic sustained-attention measure exists separately as a secondary. Anyone forecasting this endpoint should note it is an acute single-dose effect. Neither issue rises to REJECT_MISDESCRIBED.",,,
stimulant,REJECT_WRONG_POPULATION,ClinicalTrials.gov,NCT07231497,https://clinicaltrials.gov/study/NCT07231497,Cognitive Strategies in Early Psychosis 1,"Modafinil, single oral dose (dose not stated in the registration), Phase 3","MIXED / INTERNALLY CONTRADICTORY — flagging explicitly as instructed. The registry condition list reads ""Cognition"" and ""Healthy Participants"", healthyVolunteers flag = true, and the brief summary states the modafinil is given to people WITHOUT psychosis. But the eligibility criteria are written for a patient cohort, requiring outpatient clinical stability for at least one month and stable medication doses, and the title and secondary outcome (BPRS psychiatric rating) are psychosis-oriented. Ages 18-35. I could not resolve whether the modafinil arm is healthy controls only or a mixed sample. Do NOT treat this as a clean healthy-adult trial without contacting the investigators.",103 (estimated enrolment),"Test My Brain battery: Digit Symbol Coding (processing speed), Verbal Paired Associates Memory, Matrix Reasoning, plus Dot Pattern Expectancy (TOPX) and Translational Bandit Task accuracy and response time — all objective performance measures",Recruiting,Primary completion and completion both 2030-04-30 (ESTIMATED); last update posted 2026-02-17. Long-dated — over three years out.,"""The investigators will ask people who do not have psychosis to take a single dose of modafinil and then complete some brain games on the computer that measure decision making.""","A dated prediction would claim whether a single modafinil dose improves Digit Symbol Coding and Verbal Paired Associates performance in non-psychotic participants. Lowest-priority finding here: the 2030 readout is too distant to be a near-term score, and the population ambiguity means the prediction may have to be conditioned on how the investigators actually allocate the modafinil arm.","ID RESOLVES, REAL RECORD. The ClinicalTrials.gov v2 API returns a coherent, fully-populated record for NCT07231497: ""Cognitive Strategies in Early Psychosis 1"" (acronym COSTEP 1), Org Study ID STUDY00025500, sponsor University of Minnesota, collaborator NIMH, first posted 2025-11-17. Title matches the claim exactly. (The human-facing /study/ URL is a JS single-page app and returns only nav chrome to a fetcher — that is expected SPA behavior, not a missing record. All substantive evidence below is from the API.)

POPULATION — the researcher's flagged contradiction RESOLVES to healthy adults. I can settle what they said they could not. The exclusion criteria are decisive and they apparently did not weigh them fully:
- ""Meets DSM-5 criteria for, or reports professional diagnosis of, a psychotic, bipolar, or autism spectrum disorder"" = EXCLUSION.
- ""Has a family history (1st degree relative) of psychotic, bipolar, or autism spectrum disorder"" = EXCLUSION.
- ""Is prescribed psychotropic medications or takes supplements with psychotropic effects"" = EXCLUSION.
- There is NO inclusion criterion requiring any psychiatric diagnosis.
A psychosis patient is triply barred from this arm. The family-history exclusion makes this a stricter-than-usual control sample, not a mixed one.

The two criteria that alarmed the researcher are verbatim: ""Is clinical stable, defined as outpatient status for at least one month prior to study participation"" and ""Has clinically stable doses of medication for at least one month prior to study participation as determined by the PI."" These are boilerplate inherited from the parent COSTEP program template (which evidently has patient arms elsewhere); for a healthy volunteer ""outpatient status"" is trivially satisfied and ""stable doses"" governs whatever non-psychotropic medication they take. They admit no patients.

Corroborating: healthyVolunteers = true; conditions list = ""Cognition"" and ""Healthy Participants""; and the brief summary is verbatim-confirmed, including the claimed quote word-for-word: ""The investigators will ask people who do not have psychosis to take a single dose of modafinil and then complete some brain games on the computer that measure decision making."" The psychosis-oriented title is the program name and the BPRS secondary outcome is measured at Baseline ONLY — a control-characterization/screening measure, not a treatment endpoint. No investigator contact is needed.

OBJECTIVE COGNITIVE OUTCOME — present in abundance. Primary outcomes at Baseline and Day 7 include Test My Brain Digit Symbol Coding (processing speed), Verbal Paired Associates Memory, Matrix Reasoning, Multiracial Emotion Identification, TOPX Task accuracy and response time, and Translational Bandit Task accuracy, response time and reward-seeking, plus four EEG measures. All objective performance measures.

READOUT GENUINELY PENDING — status RECRUITING, hasResults = false, start date 2025-10-31 (ACTUAL), primary completion and completion both 2030-04-30 (ESTIMATED), last update posted 2026-02-17, enrollment 103 estimated. Every date in the claim is exactly right.

Two minor corrections (neither material to the verdict, both under-statements rather than false claims) are recorded in the correction field. Confidence held at 0.93 rather than higher only because the rendered study page could not be cross-read independently of the API, and because a single-dose healthy-volunteer EEG study registered as PHASE 3 is an odd registrant coding choice — though the researcher reported the phase accurately as filed.","Not material to the verdict, but two details in the claim are wrong or incomplete:

1. DOSE IS STATED. The claim says ""dose not stated in the registration."" The registration does state it: the intervention reads ""Single dose of 200mg"" modafinil, administered during the EEG appointment. Correct to: modafinil, single oral 200 mg dose, Phase 3 (as registered).

2. POPULATION FLAG RESOLVES TO CLEAN HEALTHY ADULTS. The claim flags the population as ""MIXED / INTERNALLY CONTRADICTORY"" and warns against treating it as a clean healthy-adult trial without contacting investigators. That caution is over-conservative. The exclusion criteria bar psychotic/bipolar/autism diagnoses, 1st-degree family history of same, and all psychotropic medications; no inclusion criterion requires a psychiatric diagnosis. The ""outpatient status"" and ""stable medication doses"" inclusion criteria are parent-protocol boilerplate that healthy volunteers satisfy trivially. This is a healthy-control arm and should be treated as one.

3. OUTCOME LIST INCOMPLETE (minor). The claim omits two primary outcome families: Test My Brain Multiracial Emotion Identification (social cognition), and four EEG primary measures (resting alpha synchrony, oscillatory frontal gamma synchrony, task-related reward positivity/P900, N1 amplitude). Also unlisted are three ""other"" baseline outcomes: Abbreviated Quality of Life Scale, Global Functioning-Social, Global Functioning-Role.",,"OVERTURNED 2026-09-20 by the completeness critic and re-verified by hand against the ClinicalTrials.gov v2 API. Official title 'Cognitive Strategies in Early Psychosis 1' (COSTEP 1). Allocation NA, intervention model SINGLE_GROUP, masking NONE, so there is no placebo comparator. Eligibility requires outpatient status for at least one month and clinically stable doses of medication for at least one month, i.e. a medicated psychosis sample, even though the registry's healthyVolunteers flag says true. The stimulant lane called the record 'internally contradictory' and the verifier confirmed it anyway. Fails population, randomisation and comparator at once."
stimulant,CONFIRMED,ClinicalTrials.gov,NCT07469852,https://clinicaltrials.gov/study/NCT07469852,Effects of Caffeine Ingestion on Morning Cognitive and 4-km Time Trial Performance in Males [official: Effects of Caffeine Ingestion on Morning Cognitive and 4-km Time Trial Performance in Males. Where a Standardized Approach Has Been Employed],"Caffeine anhydrous 300 mg in 3 capsules vs. matched placebo capsules vs. a no-pill control arm; randomized crossover, morning testing","Healthy males aged 18-35 with >=2 years weight/strength training experience, low habitual caffeine consumers (<=150 mg/day); depressed mood, poor sleep quality and extreme chronotype excluded. Registry healthyVolunteers flag = true. My judgement: HEALTHY ADULTS (male only).",15 (estimated enrolment),"Three objective cognitive tests are listed among the primary outcomes: Trail Making Test parts A and B time to completion in seconds, Rey Auditory Verbal Learning Test, and the Stroop word-colour interference test","Active, not recruiting","Primary completion and completion both 2026-03-25 (ESTIMATED); last update posted 2026-03-13. Date has passed, so this is likely completed-but-unreported.","""To assess the effect of 300 mg caffeine (CAFF) vs placebo (PLAC) vs no-pill (NoPill) on morning Trail Making Test time to completion in seconds (TMT; parts A and B)""","A dated prediction would claim whether 300 mg caffeine improves morning executive function (TMT B-A) and verbal memory (RAVLT) in low-habitual consumers, and — because of the unusual no-pill third arm — how much of any measured gain is placebo/expectancy rather than pharmacological.","Re-found the registration myself via two independent live fetches of ClinicalTrials.gov (curl against the v2 API, plus a separate WebFetch of a field-filtered API query), which agreed on every field. Note on process: my first scratchpad copy of the JSON was corrupted/overwritten with a different record (NCT06041048, UC Davis modafinil/locus-coeruleus fMRI study) between reads, which briefly produced mismatched outcomes; a clean re-fetch (sha256 bf388f90..., stable across reads) and the independent WebFetch both return the caffeine study, so the corrupted copy was a local file artifact, not the registry.

Verified on the live record for NCT07469852:
- ID resolves (HTTP 200) to exactly this study. Brief title ""Effects of Caffeine Ingestion on Morning Cognitive and 4-km Time Trial Performance in Males""; official title adds ""Where a Standardized Approach Has Been Employed"" — matches the claim verbatim. Sponsor: Liverpool John Moores University (PI: Reader in Chronobiology and Environmental Physiology, spsbedwa@ljmu.ac.uk, i.e. B.J. Edwards); site Tom Reilly Building, Liverpool UK; org ID 251121LJMUSPSREC77.
- Intervention: DRUG ""Caffeine (300 mg)"" described as 300 mg caffeine anhydrous in 3 capsules, vs OTHER ""Placebo"" (3 matched capsules), vs OTHER ""No Pill""; randomized crossover, 3 counterbalanced order groups, double-blind. Matches the claim.
- Population: healthyVolunteers = true; 18–35 years; inclusion ""Healthy adults ... >=2 years of weight/strength training experience ... low habitual caffeine consumers (<=150 mg per day)""; exclusions include depressed mood (BDI), poor sleep quality (PSQI >5), extreme chronotype (Composite Morningness Questionnaire), shift work/jet lag, CVD risk. Healthy adults, not patients. One nuance: the registry's structured `sex` field is ALL, although the title says ""in Males"" and the sibling papers from this group are male-only; the researcher's ""males"" reading is supported by the title but the structured field is ALL. Immaterial to the healthy-adult determination.
- Objective cognitive outcomes present among the PRIMARY outcomes: ""Morning Trail Making Test time to completion in seconds (TMT; parts A and B)"", ""Morning Rey Auditory Verbal Learning Test"", ""Morning Stroop word-colour interference test"", alongside 4-km TT finishing time, 1-km splits, HR, RPE and perceived pacing. The claimed quote is verbatim from the TMT outcome description (""To assess the effect of 300 mg caffeine (CAFF) vs placebo (PLAC) vs no-pill (NoPill) on morning Trail Making Test time to completion in seconds (TMT; parts A and B)"").
- Status/dates exactly as claimed: ACTIVE_NOT_RECRUITING, status verified 2026-03, start 2026-01-12 (ACTUAL), primary completion and completion both 2026-03-25 (ESTIMATED), first posted and last update posted 2026-03-13. Enrollment 15 (estimated).
- Readout still pending: hasResults = false (no results section posted); referencesModule contains only BACKGROUND citations, no RESULTS/DERIVED publication. I separately searched PubMed for a matching report: the group has three 2026 companion papers (Nutrients: ""Morning Cognitive and Muscle Strength Measures"" 2026-03-18; ""Morning Strength, Power and Repeated Sprint Measures"" 2026-08-04; ""Morning Temperature, Mood, Reactive Agility and Cognitive Measures"" 2026-08-25) plus a flexibility paper — none reports the 4-km cycling time trial. No publication of this arm found, so nothing is already out.

So: real registration, healthy adults, objective cognitive primaries (TMT/RAVLT/Stroop), and an unreported readout that is overdue by ~6 months relative to the estimated 2026-03-25 completion — i.e. completed-but-unreported, which is still pending. Residual risk (why not higher than 0.92): this group publishes companion papers quickly and registers close to or after data collection, so the 4-km TT report could appear imminently or be in press where PubMed does not yet index it.",,,
stimulant,CONFIRMED,ClinicalTrials.gov,NCT07530185,https://clinicaltrials.gov/study/NCT07530185,Effects of L-Tyrosine and Caffeine on Performance in Elite Boxers,"Four supplementation conditions plus a no-supplement control in randomized counterbalanced crossover with >=72 h washout: placebo, L-tyrosine alone, caffeine alone, and combined L-tyrosine plus caffeine (doses not stated in the registration)","Male elite boxers aged 18 and over with >=8 years training experience competing nationally/internationally; no cardiovascular, metabolic or neurological disorder. Registry healthyVolunteers flag = true. My judgement: HEALTHY ADULTS (elite male athlete subgroup — generalization to ordinary healthy adults is a real limitation).",18 (estimated enrolment),Stroop Test Performance — the sole primary outcome. Secondary outcomes are BDNF levels and oxidative stress markers.,Not yet recruiting,Primary completion 2026-12 (ESTIMATED); overall completion 2027-03 (ESTIMATED); last update posted 2026-07-08,"""Stroop Test Performance"" (primary outcome); ""Male elite boxers aged ≥18 years"" (eligibility)","A dated prediction would claim whether caffeine plus L-tyrosine is superadditive on Stroop interference control relative to either alone — a rare registered test of a stimulant COMBINATION on an objective executive measure, where the interesting prediction is about the interaction term, not the main effects. Dose is not stated in the registration, which weakens any effect-size prediction.","I re-found the record myself via the ClinicalTrials.gov API v2 (HTTP 200, full JSON pulled independently) and cross-checked with a separate fetch of the study page. NCT07530185 resolves to exactly the described registration.

VERIFIED AGAINST THE RAW RECORD:
- Identity: nctId NCT07530185; briefTitle ""Effects of L-Tyrosine and Caffeine on Performance in Elite Boxers""; officialTitle ""...on Cognitive, Physical, and Physiological Parameters in Elite Boxers: A Randomized Double-Blind Placebo-Controlled Crossover Study""; acronym TYCAF-BOX; org study ID UcarPhD2026; lead sponsor Inonu University (Turkey), collaborator Ataturk University; responsible party Halil Ucar (PhD student). Not a different study, not a near-miss ID.
- Design: INTERVENTIONAL, phase NA, RANDOMIZED CROSSOVER, DOUBLE masking (participant + investigator), primaryPurpose BASIC_SCIENCE, estimated enrollment 18. Description confirms six sessions = familiarization/baseline + five conditions (control with no supplement, placebo, L-tyrosine, caffeine, combined), counterbalanced, washout >=72 h. Matches the claimed intervention structure exactly.
- Population: eligibilityCriteria ""Male elite boxers aged >=18 years At least 8 years of boxing training experience Active participation in national or international competitions""; exclusions include ""Any cardiovascular, metabolic, or neurological disorder"". healthyVolunteers = true, sex = MALE, minimumAge 18 Years. This is healthy adults (elite male athlete subgroup), as claimed — the researcher's own generalization caveat is fair and I would keep it attached.
- Cognitive outcome: primaryOutcomes has exactly ONE entry — ""Stroop Test Performance"", described as ""Cognitive performance assessed using the Stroop test, including reaction time and accuracy"", timeFrame up to 12 weeks. That is an objective, performance-based cognitive measure, and it is the sole primary. Secondaries are ""BDNF Levels"" and ""Oxidative Stress Markers"" (TAS, TOS, MDA, SOD, GPx), as claimed.
- Pending readout: overallStatus NOT_YET_RECRUITING; statusVerifiedDate 2026-07; start 2026-09 ESTIMATED; primaryCompletion 2026-12 ESTIMATED; completion 2027-03 ESTIMATED; firstPosted 2026-04-15 ACTUAL; lastUpdatePosted 2026-07-08 ACTUAL. hasResults = false and there is no resultsSection in the payload. Not terminated, not withdrawn, not suspended. Readout is genuinely still ahead (today is 2026-09-20).
- Both claimed quotes verify verbatim.

ONE MINOR INACCURACY IN THE RESEARCHER'S DESCRIPTION (not material enough to reject, but worth carrying forward): the claim says ""doses not stated in the registration"". The doses ARE stated in armsInterventionsModule — L-tyrosine 150 mg/kg body weight, caffeine 5 mg/kg body weight, both administered 60 minutes before exercise; placebo matched in taste and volume. Everything the registration is actually being relied on for (ID, title, population, primary outcome, status, dates) is correct, so I confirm rather than reject; the dose detail should simply be added, not corrected away.

RESIDUAL RISK (why not 1.0): the trial is small (n=18), single-sponsor, not yet recruiting with a start date of this month, so slippage of the 2026-12 primary completion is plausible — but that is a forecasting risk, not a registration-validity problem.",,,
frontier,REJECT_ALREADY_PUBLISHED,ClinicalTrials.gov,NCT06579209,https://clinicaltrials.gov/study/NCT06579209,NAD+ Oral Supplement Pilot Intervention in Adult Females,"Oral nicotinamide adenine dinucleotide (NAD+) supplement vs placebo, daily for four weeks. Dose not stated in the registration.","Females aged 40-80, BMI >=18.5, able to swallow tablets; exclusions only for pregnancy/breastfeeding/hormone medication. Registry healthy-volunteers flag = Yes. My judgement: HEALTHY ADULTS, and unusually clean — the sponsor explicitly describes the sample as cognitively intact, and there is no diagnosis or cognitive-complaint entry criterion. Female-only, so generalisation to men is not supported.",53 (ACTUAL enrolment),"""Neurocognition"" is a registered PRIMARY outcome, measured by the NIH Toolbox Cognition Battery and the Automated Neuropsychological Assessment Metrics (ANAM) at four weeks. Both are objective computerised performance batteries. The other two primary outcomes are a neurodegenerative-disease protein panel and systemic inflammation markers.",Completed,"Primary completion and overall completion both 2026-02-20 (ACTUAL). Last update posted 2026-03-12. No results posted on the registry as of this search (2026-09-20), so the readout has been pending roughly seven months.","""...whether Nicotinamide adenine dinucleotide (NAD+) can influence cognition and biomarkers in healthy, cognitively intact women aged 40-80."" Outcome measure registered as: ""Neurocognition — NIH Toolkit Cognition Battery, Automated Neuropsychological Assessment Metrics.""","A dated prediction would claim, before the paper appears, whether four weeks of oral NAD+ produces a detectable placebo-controlled change on an objective battery in 53 healthy cognitively-intact women — and this is the single best-specified case in the lane, because cognition is the declared primary outcome, the population carries no cognitive-complaint enrichment, and the data are already collected so no design change can move the goalposts.","I re-found the record myself rather than trusting the summary. The first HTML fetch of https://clinicaltrials.gov/study/NCT06579209 returned only the SPA shell, so I pulled the raw record from the CTG v2 API with curl (HTTP 200, 6257 bytes) and read the unsummarised JSON.

The ID resolves and is NOT fabricated. Verified against raw JSON: nctId NCT06579209; briefTitle and officialTitle both ""NAD+ Oral Supplement Pilot Intervention in Adult Females""; lead sponsor University of Rhode Island with NIGMS collaborator, grant P20GM103430; orgStudyId 2087241-4; sites Kingston and Pawtucket, RI. Design: randomized, parallel, double-masked (participant + outcomes assessor), enrollment 53 ACTUAL, start 2024-12-01.

Population check passes. eligibilityModule: sex FEMALE, minimumAge 40 Years, maximumAge 80 Years, healthyVolunteers true. Inclusion is only female / BMI >=18.5 / able to swallow tablets; exclusion only pregnant, breastfeeding, or taking hormone medication. No diagnosis or cognitive-complaint entry criterion. briefSummary verbatim: ""...whether Nicotinamide adenine dinucleotide (NAD+) can influence cognition and biomarkers in healthy, cognitively intact women aged 40-80."" Healthy adults confirmed. (The conditionsModule tags ""Neurodegenerative Diseases"", but that is a topical tag, not an enrolment criterion.)

Cognitive outcome check passes. primaryOutcomes[0] is measure ""Neurocognition"", description verbatim ""NIH Toolkit Cognition Battery, Automated Neuropsychological Assessment Metrics"", timeFrame ""four weeks"". Both are objective computerised batteries. The other two primaries are the neurodegeneration protein panel and the cytokine inflammation panel, as claimed. Both of the researcher's claimed quotes are verbatim correct. Dose is indeed not stated anywhere in the record.

Status and date check passes. overallStatus COMPLETED; primaryCompletionDateStruct 2026-02-20 ACTUAL; completionDateStruct 2026-02-20 ACTUAL; lastUpdatePostDateStruct 2026-03-12 ACTUAL; hasResults false, and there is no resultsSection.

Where it fails: the researcher stopped at the registry. ""No results posted on the registry"" is true but does not establish that the readout is pending, and I checked the literature. The trial's cognitive primary outcome has already been reported in a peer-reviewed GSA late-breaking abstract published 2025-12-31 (Innovation in Aging 9, Suppl 2, DOI 10.1093/geroni/igaf122.3517), by Tavares and Tsotsoros of the University of Rhode Island: 37 New England Latina women (17 NAD+ / 18 placebo), NIH Toolbox Cognition Battery at baseline and after 28 days of daily supplementation; both arms improved pre-post, but ANCOVA adjusted for baseline found no significant between-group difference. Stated conclusion: NAD+ did not improve cognition more than placebo.

Identification of that abstract with this registration is inferential but near-certain. The abstract prints no NCT number, so I tested the alternative: I queried CTG for University of Rhode Island NAD interventions and got exactly one study, NCT06579209. The abstract matches it on sponsor institution, intervention (oral NAD+ vs placebo), duration (28 days / ""four weeks""), instrument (NIH Toolbox Cognition Battery), sex, and region (New England; registry sites are both in Rhode Island). Tsotsoros is URI Human Development and Family Science faculty working on cognitive aging in Latina women, which fits the subsample. An NIGMS-funded double-blind placebo-controlled trial would itself require registration, so an unregistered twin study is unlikely.

I am rejecting rather than confirming because the load-bearing property of this candidate — an unpredicted healthy-adult cognition result — no longer holds. The direction of the headline cognitive finding is public and null, so there is nothing left to forecast on the cognitive endpoint.

Confidence is 0.8, not higher, because the abstract carries no NCT link and reports an interim subgroup (37 of the eventual 53, Latina-only) published about two months before the 2026-02-20 completion date. If the grader treats a partial interim abstract as not counting as publication, the fallback classification is REJECT_MISDESCRIBED on the ""pending"" claim; it is not CONFIRMED under either reading.","The identifier, title, sponsor, population, outcomes, status, dates and both verbatim quotes are all accurate — this is a real registration and the registry-level description is essentially flawless. The material error is the conclusion that the cognition readout is pending.

Wrong: ""No results posted on the registry as of this search (2026-09-20), so the readout has been pending roughly seven months.""

Correct: the registry indeed shows hasResults=false, but the trial's cognitive primary outcome was already reported externally, before the trial's own completion date. Tavares K. and Tsotsoros C., ""A Double-Blind Trial to Test if NAD+ Improves Cognition,"" Innovation in Aging 9(Supplement_2), Late Breaking Poster Session I, published 2025-12-31, DOI 10.1093/geroni/igaf122.3517 (https://academic.oup.com/innovateage/article/9/Supplement_2/igaf122.3517/8411672, PMC12762572). Thirty-seven New England women identifying as Latina (17 NAD+, 18 placebo; 10 English, 25 Spanish speakers) completed the NIH Toolbox Cognition Battery at baseline and after 28 days. Paired-samples t-tests showed significant pre-post improvement in both arms across all measures, but ANCOVAs adjusted for baseline revealed no significant between-group differences. Stated conclusion: NAD+ supplementation did not improve cognition more than placebo.

The abstract does not print an NCT number, but NCT06579209 is the only NAD+ registration from the University of Rhode Island and matches on sponsor, intervention, four-week duration, NIH Toolbox battery, female sex and New England location, so the link is near-certain.

Genuinely still unreported, if a narrower target is wanted: the ANAM results, both biomarker primary outcomes (the BDNF/Cathepsin D/MPO/PAI-1/PDGF/RANTES/adhesion-molecule neurodegeneration panel and the 14-cytokine inflammation panel), and the full N=53 sample — the published abstract is an interim Latina-only subgroup. A complete paper is plausibly still to come, but the headline healthy-adult cognition direction is already public and null.

One additional nuance the researcher omitted: registry enrollment is 53 ACTUAL and the trial is female-only with genderBased=true (self-reported biological sex), consistent with their caveat that generalisation to men is unsupported.",,
nonus,REJECT_ALREADY_PUBLISHED,ISRCTN,ISRCTN10734674,https://www.isrctn.com/api/query/format/default?q=ISRCTN10734674,Impact of the DailyColors phytonutrient supplement on health markers in older adults: an exploratory mechanistic clinical trial,"DailyColors phytonutrient supplement, described as ""freeze-dried powders and extracts from foodstuffs found in the Mediterranean diet"", at high dose 2000 mg/day or low dose 750 mg/day versus placebo, daily for 60 days.","Adults aged 50 years and above with a BMI of 25 kg/m2 or above, recruited as existing participants of the PROTECT-UK cohort study. Judgement: HEALTHY OLDER ADULTS with an overweight criterion — no cognitive impairment, dementia or disease requirement, but the sample is restricted to BMI >25, so it is not an unrestricted healthy sample. This is a cohort-embedded (platform) trial, which is why it belongs in this lane.","150 (target), 150 actual enrolled","""Cognition as measured by the FLAME computerised cognitive test system"" at baseline, 30 and 60 days, comprising eight validated cognitive tests. This is the primary outcome, not a secondary.","Recruitment ended 02 November 2023. Record last updated 20 November 2024, with no publications reported; datasets available on request from protect.data@exeter.ac.uk.",Overall trial end date 24 January 2024 — long passed. No publication date stated; the readout is overdue rather than scheduled.,"""Cognition as measured by the FLAME computerised cognitive test system""; inclusion ""Age 50+ years"" and ""BMI >25 kg/m2""","A dated prediction would claim whether a fully-enrolled (150/150) dose-ranging phytonutrient trial with a cognitive primary endpoint reports a positive result when it eventually publishes — and, because the trial ended in Jan 2024 and is still unreported nearly three years later, it doubles as a scoreable prediction about publication bias in this literature.","The identifier resolves and the registration is real and accurately described in almost every respect, but the core claim — that the readout is still pending — is false. Results were published over a year ago.

VERIFIED AGAINST THE RAW ISRCTN API XML (totalCount=1, lastUpdated 2024-11-20T12:44:27Z, version 27):
- scientificTitle: ""Impact of the DailyColorsTM phytonutrient supplement on health markers in older adults: an exploratory mechanistic clinical trial"" — matches the claim.
- primaryOutcome verbatim: ""Cognition as measured by the FLAME computerised cognitive test system"" — eight tests (Picture Recognition Stage One/Two, Self-Ordered Search, Paired Associate Learning, Digit Span, Simple Reaction Time, Digit Vigilance, Choice Reaction Time, Grammatical Reasoning), ""All measured at baseline, 30 and 60 days"". Objective cognitive performance outcome, and it is the PRIMARY outcome as claimed.
- inclusion verbatim: ""1. Aged 50 years or above"", ""2. BMI >25 kg/m2"", ""4. Already a participant in the PROTECT-UK study"". participantType field is literally ""Healthy volunteer""; dementia diagnosis is exclusion #7. Population judgement (healthy older adults with an overweight restriction, cohort-embedded) is correct.
- intervention: high dose 2000 mg/day, low dose 750 mg/day, placebo, 60 days, ""freeze-dried powders and extracts from foodstuffs found in the Mediterranean diet"" — matches.
- recruitmentStart 2023-09-19, recruitmentEnd 2023-11-02; overallEndDate 2024-01-24; targetEnrolment/totalFinalEnrolment 150; ipdSharingStatement names protect.data@exeter.ac.uk — all match.

WHY IT IS REJECTED:
The registry's <publicationDetails/> and <publicationStage/> are empty and the record has not been updated since 2024-11-20. The researcher treated that empty field as evidence of no publication. It is stale metadata, not evidence. Europe PMC (TITLE:""DailyColors"", 3 hits) returns the results publication:
- O'Leary M et al., ""Effects of the DailyColors(TM) polyphenol supplement on serum proteome, cognitive function, and health in older adults at risk of cognitive and functional decline"", Food & Function 2025;16(11):4505-4520, doi 10.1039/d4fo06259k, firstPublicationDate 2025-06-03.
- Correction: Food & Function 2025;16(13):5652, doi 10.1039/d5fo90052b, 2025-07-01.
- Preprint: medRxiv 10.1101/2024.12.06.24318594, posted 2024-12-08.

Identity of the trial is not in doubt: the abstract describes ""150 UK adults aged 50+ with a BMI >= 25, recruited to complete cognitive and physical fitness assessments via the PROTECT-UK online platform"", medium (750 mg) / high (2000 mg) DailyColors vs placebo for 60 days, with a sub-group of n=15 per group (the registry's 45-participant sub-group), matching the registration's 150/150 enrolment exactly. The paper states it was retrospectively registered as ISRCTN10734674.

The primary cognitive readout is already reported: ""Significant cognitive benefits were observed, with improvements in reaction time for the high-dose group and accuracy for both active supplement groups."" There is nothing left to forecast.","The registration is genuine and accurately described, but it is NOT a pending readout. Results were published: O'Leary M et al., Food & Function 2025;16(11):4505-4520, doi 10.1039/d4fo06259k (preprint medRxiv 2024.12.06.24318594, posted 2024-12-08; Correction in Food & Function 2025;16(13):5652). The FLAME primary cognitive outcome is reported: significant improvement in reaction time for the high-dose (2000 mg) group and in accuracy for both active dose groups versus placebo, plus Timed Stand Test gains in the high-dose group and reduced serum immune / pre-beta1-HDL protein expression. The ISRCTN record's empty publicationDetails field is stale registry metadata (last updated 2024-11-20), not evidence that no publication exists. One minor labelling note: the paper calls the 750 mg arm the ""medium"" dose where the registry calls it ""Low Dose"".",Readout already occurred: 2024-12-08 (medRxiv preprint) and 2025-06-03 (Food & Function 16(11):4505-4520). Not overdue or pending.,
stimulant,REJECT_ALREADY_PUBLISHED,ClinicalTrials.gov,NCT07466732,https://clinicaltrials.gov/study/NCT07466732,Effects of Caffeine Ingestion on Morning Cognitive and Muscle Repeated Sprint Performance in Males [official: Effects of Caffeine Ingestion on Morning Cognitive and Muscle Repeated Sprint Performance in Males. Where a Standardized Approach Has Been Employed],"Caffeine anhydrous 300 mg in 3 capsules vs. matched placebo capsules vs. a no-pill control arm; randomized crossover, morning testing (sister trial to NCT07469852, same group, sprint rather than cycling endpoint)","Healthy adults aged 18-35 with >=2 years weight/strength training experience, low habitual caffeine consumers (<=150 mg/day). Registry healthyVolunteers flag = true; title specifies males. My judgement: HEALTHY ADULTS (male only).",15 (estimated enrolment),Rey Auditory Verbal Learning Test (verbal memory) and Stroop word-colour interference test are both listed as primary outcomes; Trail Making Test A/B and the Witty cognitive agility test are secondary,Enrolling by invitation,Primary completion and completion both 2026-03-25 (ESTIMATED); last update posted 2026-03-13. Date has passed.,"""Rey Auditory Verbal Learning Test: The RAVLT is a neuropsychological assessment designed to evaluate verbal memory. The test is designed as a list-learning paradigm in which the volunteer hears a list""",A dated prediction would claim whether 300 mg caffeine improves morning verbal memory and Stroop interference control; paired with NCT07469852 it also offers a built-in internal replication test — predicting that the two sister trials agree is itself scoreable.,"Re-found independently via the ClinicalTrials.gov API (the /study/ HTML page is an SPA shell and returns no content to a fetcher; api/v2/studies/NCT07466732 resolves cleanly).

WHAT IS REAL AND MATCHES: NCT07466732 exists and is exactly as described. Official title ""Effects of Caffeine Ingestion on Morning Cognitive and Muscle Repeated Sprint Performance in Males. Where a Standardized Approach Has Been Employed""; sponsor Liverpool John Moores University; Early Phase 1 interventional; 300 mg caffeine anhydrous vs 300 mg dextrose placebo vs no-pill control; healthyVolunteers = true, ages 18-35, >=2 yr resistance training, habitual caffeine <=150 mg/day; enrollment 15 (est.); start 2025-12-08 (actual); primary completion and completion 2026-03-25 (ESTIMATED); last update posted 2026-03-13; status ENROLLING_BY_INVITATION; no results posted. Primary outcomes do include the Rey Auditory Verbal Learning Test and the Stroop word-colour interference test alongside the 10x20 m sprint measures; Trail Making Test A/B and the Witty agility test are secondary. So population = healthy adults and an objective cognitive outcome is present. The claimed RAVLT quote is substantively accurate (registry description: list-learning paradigm, 15 nouns presented five times, interference list, recall).

WHY IT STILL FAILS: the readout is not pending — it is out. A Europe PMC structured accession-field query (ACCESSION_ID:""NCT07466732"") returns exactly one indexed article: Nutrients 2026;18(17):2771, PMID 42738944, PMC13567239, doi 10.3390/nu18172771, first published 2026-08-25 — ""Effects of Acute Caffeine Ingestion on Morning Temperature, Mood, Reactive Agility and Cognitive Measures in Males: A Standardized Approach."" Its full text states verbatim: ""Components of this study were registered retrospectively on ClinicalTrials.gov (registration numbers: NCT07466628, NCT07469852 and NCT07466732)"" and adds that registration was retrospective because the team did not realise prospective registration was required. That paper pools 51 recreationally active males across the three sister protocols and reports precisely this registration's cognitive battery — trail-making A/B, Rey's auditory verbal learning test, Stroop word-colour interference — plus the Witty reactive-agility test, with the stated result that 300 mg morning caffeine had no effect on any cognitive or reactive-agility measure, nor on temperature, mood or withdrawal symptoms. The sprint/strength/power side of the same programme is likewise already published (Nutrings 18(15):2541, 2026-08-04, PMC13468117, 17 males, 10x20 m repeated sprints, no cognitive measures).

The ""Enrolling by invitation / no results posted / completion 2026-03-25 estimated"" surface that makes this look pending is simply a stale registry record that has not been touched since 2026-03-13; the registration was filed retrospectively and the substantive cognitive result was published ~4 weeks before today (2026-09-20). There is nothing left to forecast on the cognitive endpoints — the direction is already on record as null.

Minor secondary discrepancies, not the basis of the verdict: (a) the registry eligibility sex field is ALL, not MALE — only the title and the publications restrict to males, so the ""male only"" characterisation comes from the title, not the structured field; (b) the sister-trial gloss is off — NCT07469852 is registered as the 4-km time-trial protocol, yet the Aug-4 Nutrients paper citing NCT07469852 reports the repeated-sprint protocol, so the group's NCT-to-protocol mapping is itself inconsistent.","Readout is not pending. The cognitive outcomes of NCT07466732 (RAVLT, Stroop, Trail Making A/B, Witty agility) were published 2026-08-25 in Nutrients 18(17):2771 (PMID 42738944, PMC13567239, doi 10.3390/nu18172771), which names NCT07466732 as one of three retrospective registrations covering a pooled sample of 51 healthy males; reported result is null — 300 mg morning caffeine had no effect on any cognitive or reactive-agility measure. The ClinicalTrials.gov record showing ""Enrolling by invitation"" with no results is stale (last updated 2026-03-13). Also: registry eligibility sex field is ALL, not male-only (only the title restricts to males).","2026-08-25 (actual publication of the cognitive readout), not a pending 2026-03-25",
stimulant,REJECT_ALREADY_PUBLISHED,ClinicalTrials.gov,NCT07562256,https://clinicaltrials.gov/study/NCT07562256,"Effects of Different Doses of Caffeine on Physical and Cognitive Performance in Female Handball Players [official: Dose-Dependent Effects of Acute Caffeine Ingestion on Physical and Cognitive Performance in Female Handball Players: A Randomized, Double-Blind, Placebo-Controlled Crossover Study]","Anhydrous caffeine in capsules at 3 mg/kg and 6 mg/kg body mass, ingested 60 minutes pre-testing, vs. polydextrose placebo; randomized double-blind crossover","Female competitive handball players aged 18-25 with >=3 years training experience. Registry condition list includes ""Healthy Adult Females""; healthyVolunteers flag = true. My judgement: HEALTHY ADULTS (trained athlete subgroup).",20 (ACTUAL enrolment),Flanker Task Reaction Time — mean reaction time (ms) on correct trials of the Simplified Eriksen Flanker task; Flanker Accuracy and Flanker Effect are secondary,Completed,Primary completion 2026-03-10 (ACTUAL); overall completion 2026-03-20; last update posted 2026-05-01. No results posted and no derived publication listed — readout pending.,"""Mean reaction time (ms) during correct trials in the Simplified Eriksen Flanker task, used to assess cognitive processing speed.""","A dated prediction would claim the direction and dose-response shape of caffeine's effect on Flanker reaction time — specifically whether 6 mg/kg beats 3 mg/kg, or whether the cognitive benefit plateaus while the physical one does not.","The registration is REAL and matches the description almost exactly, but the readout is NOT pending — it was published four months ago.

VERIFIED VIA RAW API (curl to https://clinicaltrials.gov/api/v2/studies/NCT07562256, HTTP 200, 11,897 bytes; not a summarizer paraphrase — the /study/ HTML page is a JS shell and returned nothing, which is expected and not evidence of absence):
- nctId NCT07562256; orgStudyId ""SU-2025-688-CAF""; sponsor/PI Sinop University, Ulas Can Yildirim.
- Brief and official titles match the claim verbatim.
- Status COMPLETED; start 2026-01-25 (actual); primary completion 2026-03-10 ACTUAL; completion 2026-03-20 ACTUAL; first posted and last update posted both 2026-05-01 (retrospective registration: first submitted 2026-04-24, a month AFTER data collection ended).
- Population: FEMALE, 18-25 yrs, handball players with >=3 yrs experience; healthyVolunteers = true; conditions [""Athletic Performance"",""Cognitive Performance"",""Healthy Adult Females""]. Healthy adults confirmed.
- Interventions: caffeine 3 mg/kg and 6 mg/kg capsules 60 min pre-test vs. polydextrose placebo; RANDOMIZED, CROSSOVER, QUADRUPLE masking; n = 20 ACTUAL.
- Objective cognitive outcome present. The claimed quote is exact: primary outcome ""Flanker Task Reaction Time"" — ""Mean reaction time (ms) during correct trials in the Simplified Eriksen Flanker task, used to assess cognitive processing speed."" Flanker Accuracy and Flanker Effect are indeed secondary. (Minor nuance: Flanker RT is one of THREE co-primary outcomes, alongside Yo-Yo IR1 distance and throwing velocity — the claim implies it is the primary.)
- hasResults = false, no resultsSection, and the only references are three BACKGROUND citations. That is what made the researcher call it pending.

WHY IT STILL FAILS: the registry's results field is empty, but the readout exists in the peer-reviewed literature. PubMed/Europe PMC search returned PMID 42355481: Turgut M, Yildirim UC, et al., ""Dose-Dependent Effects of Acute Caffeine Ingestion on Physical and Cognitive Performance in Trained Female Handball Players: A Randomized Crossover Study,"" Life (Basel) 2026 Jun 5;16(6):954, doi 10.3390/life16060954, PMC13302302. Identity is nailed down by the ethics approval number in the full text — ""Sinop University Human Research Ethics Committee (2025/688)"" — which matches the registry's orgStudyId SU-2025-688-CAF; plus identical PI/institution, n = 20, 3 and 6 mg/kg vs placebo crossover, and the identical outcome triad (Simplified Eriksen Flanker, Yo-Yo IR1, throwing velocity).

The primary cognitive result is already reported: moderate-dose caffeine (6 mg/kg) significantly reduced overall Flanker response time (~18.5%, partial eta-squared 0.486) vs. placebo and 3 mg/kg, with no significant effects on Flanker accuracy or interference score; both doses improved Yo-Yo distance; throwing velocity null. There is nothing left to forecast. Note the paper does not cite any NCT number, which is why the registry shows no derived publication — the linkage has to be made through the ethics/org study ID.","Registry record is genuine and accurately described, but ""no derived publication listed — readout pending"" is wrong. The results were published 2026-06-05 in Life (Basel) 16(6):954 (PMID 42355481, PMC13302302, doi 10.3390/life16060954), same PI and same ethics approval 2025/688 = registry orgStudyId SU-2025-688-CAF. Flanker RT outcome already reported (6 mg/kg cut overall Flanker RT ~18.5%, partial eta-squared 0.486; accuracy and Flanker effect null). Secondary correction: Flanker Task Reaction Time is one of three co-primary outcomes (with Yo-Yo IR1 distance and throwing velocity), not the sole primary. Also note registration was retrospective (submitted 2026-04-24, after the 2026-03-20 completion).",2026-06-05 (publication date in Life; not pending),
hormonal,REJECT_MISDESCRIBED,ClinicalTrials.gov,NCT07592546,https://clinicaltrials.gov/study/NCT07592546,Translational Health Research Into Vascular and Neurocognitive Effects of Weight Loss,"Semaglutide, self-injected, in the obese group; lean group serves as a non-treated comparator. Dose and duration not stated on the record. Inclusion requires participants be ""Willing to self-inject semaglutide and follow study procedures for its entire duration.""","MIXED - flagging explicitly. Healthy-volunteers flag is true and ages are 35-55, but the obese arm is defined by ""Individuals of age 35-55 years with BMI 27 - 40 kg/m2"" against a lean control arm at ""BMI 20 - 25 kg/m2"". Exclusions remove ""Current type 2 diabetes mellitus"" and ""Neurological disorders affecting the CNS"". Judgement: adults with obesity but no diabetes and no cognitive or neurological disorder - metabolically abnormal, cognitively healthy. Not a clean healthy-adult sample, and any prediction must say which arm it addresses.",240 (ESTIMATED enrolment),"Cognition is secondary; the very long primary list is entirely inflammatory markers, metabolic markers and MRI measures (CBF, OEF, CMRO2, cortical thickness, DTI, NODDI, WMH volume, CVR). Objective cognitive secondaries: ""Penn Word Memory Test Score (Episodic Memory)"", ""Relational Memory Task Score (Executive Function and Attention)"", ""Montreal Cognitive Assessment (MoCA) Total Score"", ""Working memory capacity"" and ""Oral Reading Recognition Test Score (Language Ability)"".",NOT_YET_RECRUITING,"Primary completion date 2028-12-01 (ESTIMATED); study completion date 2030-06-01 (ESTIMATED); estimated start date 2026-08-01, which has passed while the record still reads NOT_YET_RECRUITING; last update posted 2026-06-26. hasResults is false. This is the longest-dated finding in the lane and is the most speculative, since the trial has not begun enrolling.","Inclusion: ""Individuals of age 35-55 years with BMI 27 - 40 kg/m2""; Exclusion: ""Current type 2 diabetes mellitus;"" and ""Neurological disorders affecting the CNS;""; Secondary outcome: ""Penn Word Memory Test Score (Episodic Memory)""","A dated prediction would claim, ahead of the December 2028 primary completion, whether semaglutide-driven weight loss in non-diabetic adults with obesity improves Penn Word Memory or Relational Memory scores relative to lean controls - and because this is the only non-patient GLP-1 trial with objective cognition I could find anywhere, it is the single pre-registerable test of the widely-asserted GLP-1 cognitive-benefit claim outside diabetes and dementia populations.","The registration is REAL and the readout is genuinely PENDING - this is not a fabrication. I re-found it independently via three separate ClinicalTrials.gov API v2 queries (direct record fetch on NCT07592546, a filter.ids query, and a free-text title search), all returning exactly one consistent study. The HTML study page returned only the site shell, but that is ClinicalTrials.gov's client-side rendering, not evidence of absence, so I did not count it against the ID.

Verified as described: title matches exactly; lead sponsor Alain Dagher; status NOT_YET_RECRUITING; healthyVolunteers flag true; ages 35-55; obese arm BMI 27-40 vs lean arm BMI 20-25; exclusions include ""Current type 2 diabetes mellitus"" and ""Neurological disorders affecting the CNS""; the primary outcome list is entirely inflammatory, metabolic and MRI measures (CRP, IL-6/TNF-a, HOMA-IR, leptin/ghrelin/adiponectin, pCASL CBF, OEF, CMRO2, cortical thickness, DTI, NODDI, WMH volume, CVR); objective cognitive measures appear only as secondaries and all quoted ones are present verbatim - ""Penn Word Memory Test Score (Episodic Memory)"", ""Relational Memory Task Score (Executive Function and Attention)"", ""Montreal Cognitive Assessment (MoCA) Total Score"", ""Working memory capacity"", ""Oral Reading Recognition Test Score (Language Ability)"". hasResults is false. All dates match: start 2026-08-01 (estimated, and indeed already passed while the record still reads NOT_YET_RECRUITING), primary completion 2028-12-01 ESTIMATED, completion 2030-06-01, last update posted 2026-06-26. So the ID, the cognitive-outcome criterion, the pending-readout criterion and the dates all pass.

The failure is a material factual error in the INTERVENTION description. The claim asserts ""Dose and duration not stated on the record."" That is false and verifiably so: the record's intervention description reads ""Treatment will be given for 80 weeks. Dose will be escalated from 0.25 mg to a max of 2.4 mg per week."" For an interventional drug trial this is material to the downstream use - a cognition prediction conditioned on 80 weeks at full 2.4 mg/week maintenance dosing is a far more constrained and falsifiable prediction than one made under unknown exposure. Asserting a negative about the record that the record contradicts is the kind of error that should be corrected before the finding is used.

Two lesser corrections, noted but not themselves disqualifying: the arm is labeled ""Overweight Group (BMI 27 - 40 kg/m2)"", not ""obese group"", and the listed condition is ""Class I/II Obesity""; and the record adds design facts the claim omits - PHASE4, enrollment 240 (ESTIMATED), NON_RANDOMIZED, PARALLEL, masking NONE, primary purpose TREATMENT.

On population I did NOT reject. It is genuinely borderline - the experimental arm receives a Phase 4 drug with primary purpose TREATMENT for a listed condition of obesity, which reads as patients - but the healthyVolunteers flag is true, diabetes and CNS/neurological disorders are excluded, so the sample is metabolically abnormal yet cognitively healthy. The researcher flagged this tension explicitly and correctly required that any prediction name its arm, so there is no concealment to penalize. The population caveat stands as written.

Verdict is REJECT_MISDESCRIBED rather than CONFIRMED solely because of the dose/duration falsehood. The finding is otherwise sound and salvageable: correct the intervention line and it qualifies, subject to the already-disclosed mixed-population caveat and the standing caution that a 2028-12-01 primary completion makes this the longest-dated and most speculative item in the lane, on a trial that has not yet begun enrolling.","Dose and duration ARE stated on the record. The intervention description reads verbatim: ""Treatment will be given for 80 weeks. Dose will be escalated from 0.25 mg to a max of 2.4 mg per week."" Replace ""Dose and duration not stated on the record"" with that. Additional corrections: the experimental arm is labeled ""Overweight Group (BMI 27 - 40 kg/m2)"" (not ""obese group"") and the registered condition is ""Class I/II Obesity""; the study is PHASE4, enrollment 240 (ESTIMATED), NON_RANDOMIZED, PARALLEL assignment, masking NONE, primary purpose TREATMENT, lead sponsor Alain Dagher. All dates, status, healthy-volunteer flag, eligibility quotes and cognitive secondary outcomes in the claim are accurate as written.",,
nonus,REJECT_MISDESCRIBED,ISRCTN,ISRCTN14786295,https://www.isrctn.com/api/query/format/default?q=ISRCTN14786295,Effects of ketone supplementation and sprint interval training in normoia and hypoxia on cardiometabolic and neurocognitive outcomes in overweight/obese young adults,Exogenous ketone supplementation at 200 mg/kg body weight combined with sprint interval training under normoxic and hypoxic conditions; three sub-studies including a crossover (Study 1) and an 8-arm randomised controlled trial with a 4-week intervention (Study 2).,"Adults aged 18-45 with ""BMI>= 23 kg/m2 or percentage of body fat (PBF) >= 30%"", described in the inclusion criteria as ""physically healthy"". CAVEAT AND EXPLICIT FLAG: the registry's condition field is ""Overweight or obesity"" under the Nutritional/Metabolic/Endocrine disease class, so this is NOT a clean healthy-adult sample — it is a metabolically-defined clinical population, albeit with no cognitive or neurological impairment. Include or drop on the project's own strictness threshold.","135 target, 112 actual enrolled","Cognitive function measured with the ""Stroop Test, N-Back, and Delay Discounting Task"", listed among the primary outcomes, with prefrontal cortex activation by fNIRS alongside.",Recruiting/active per the registry; recruitment 16 September 2024 to 10 January 2026. Record last updated 22 June 2026. No publications or results reported.,Overall trial end date 10 May 2026 — the stated end date has passed while the record still shows no results.,"""Aged 18-45 years old""; ""BMI>= 23 kg/m2 or percentage of body fat (PBF) >= 30%, weight stability (+/-3 kg in past 6 months)""; ""Altitude residence <1000 m, no prior hypoxic training, physically healthy""; cognitive function via ""Stroop Test, N-Back, and Delay Discounting Task""","A dated prediction would claim whether exogenous ketones plus sprint interval training improve Stroop, N-back and delay-discounting performance beyond training alone — but any prediction must be logged with the population caveat attached, because a hit here would not transfer cleanly to unselected healthy adults.","Re-verified independently against the ISRCTN XML API (https://www.isrctn.com/api/query/format/default?q=ISRCTN14786295); the isrctn.com HTML page is JS/cookie-gated and the registry itself directs scrapers to the API. The record RESOLVES: totalCount=1, <isrctn>14786295</isrctn>, version 24, lastUpdated 2026-06-22T08:15:11Z. Not a fabrication.

MATCHES VERBATIM: <scientificTitle> is exactly the claimed title including the typo ""normoia"". Intervention matches (200 mg/kg ketone acids, 10 x 6s all-out SIT, normoxia vs 2500m normobaric hypoxia; Study 1 randomised counterbalanced single-blind crossover; Study 2 8-arm RCT with 4-week intervention; plus a Study 3 on short-video viewing). All four claimed quotes are verbatim ASCII transliterations of the inclusion criteria and primary outcome text.

COGNITIVE OUTCOME: present and PRIMARY, not secondary. Primary outcomes 1, 11 and 13 are cognitive function via Stroop Test, N-Back and Delay Discounting Task (Go/No-Go added in Study 3), with prefrontal cortex activation by fNIRS. Objective performance tasks, not self-report. Passes cleanly.

POPULATION: the claim's caveat is accurate and was pre-flagged. condition = ""Overweight or obesity"", diseaseClass1 = ""Nutritional, Metabolic, Endocrine"", BUT participantTypes = ""Healthy volunteer"" and healthyVolunteersAllowed = true, and inclusion says ""physically healthy"" with exclusions for endocrine/metabolic/cardiovascular/respiratory conditions. Metabolically-defined but otherwise healthy, no cognitive or neurological impairment. Not a REJECT_WRONG_POPULATION on its own; it is a project-threshold call as the claim said.

PENDING: publicationDetails, publicationStage, basicReport, plainEnglishReport and outputs are ALL empty; ipdSharing is ""available on request"" only. A web search surfaced no publication tied to this ID. Readout is genuinely still outstanding, and in fact more overdue than claimed.

WHY MISDESCRIBED RATHER THAN CONFIRMED: two material details in the claim are wrong against the record.
(1) STATUS. The claim asserts ""Recruiting/active per the registry"". The registry shows the opposite: recruitmentEnd 2026-01-10 passed eight months ago, overallEndDate 2026-05-10 passed four months ago, and totalFinalEnrolment is populated at 112 against a targetEnrolment of 135 (ISRCTN only carries a final enrolment figure once recruitment has closed). Both recruitmentStatusOverride and recruitmentStartStatusOverride are EMPTY, so ISRCTN derives displayed status from the dates: ""No longer recruiting"" and overall status ""Completed"". The claim is internally inconsistent on this point too, since its own EXPECTED READOUT line states the end date has already passed.
(2) SEX. <gender>Female</gender> - this is a female-only sample, corroborated by the ""oral contraceptive"" exclusion criterion. The claim describes the population simply as ""Adults aged 18-45"" with no sex restriction, which materially misstates generalisability for a cognition readout.
Minor, non-disqualifying: registration was retrospective (publicIdentifierDateAssigned 2025-12-03, recruitment began 2024-09-16).

This is a SOFT reject. The underlying registration is real, the cognitive outcome is solid, and the readout is genuinely pending; if the project's threshold treats recruitment status and sex restriction as non-material, this record is includable once corrected. I did not confirm because the instruction was to be strict and the claim's enumerated STATUS field is factually contradicted by the record I loaded.","STATUS is wrong. The registry does NOT show this as recruiting/active. Recruitment ended 2026-01-10 and the overall study end date 2026-05-10 has passed, so ISRCTN displays recruitment as ""No longer recruiting"" and overall study status as ""Completed"" (no recruitmentStatusOverride is set, so status is date-derived). Final enrolment is recorded as 112 against a target of 135. Correct status line: ""Completed 10 May 2026; recruitment closed 10 January 2026; 112 of 135 target enrolled; no results, publications or outputs posted as of the 22 June 2026 record update."" POPULATION is also incomplete: the record sets gender = Female, i.e. a female-only sample (corroborated by the oral-contraceptive exclusion), which the claim omits. Also note the registration is retrospective - the ISRCTN was assigned 3 December 2025, roughly 15 months after recruitment began. The readout date itself (10 May 2026 overall end) was stated correctly; the readout is overdue rather than upcoming.",,
nutraceutical,REJECT_MISDESCRIBED,ClinicalTrials.gov,NCT07466290,https://clinicaltrials.gov/study/NCT07466290,L-serine and Strength Training in the Elderly,"L-serine 6 g/day, alone or combined with structured supervised strength training 2x/week; control arm is 6 g/day cornstarch placebo with no strength training. Four-group design over 48 weeks.","Healthy, independently mobile men and women aged 65-85 with MMSE >23 and Frailty Index <3. Judgement: healthy older adults. Chronic disease contraindicating training is excluded.",126 (ESTIMATED),"RBANS Total Scale Index score (Repeatable Battery for the Assessment of Neuropsychological Status), at baseline, 18 weeks and 48 weeks",RECRUITING,Primary completion 2027-12 (estimated); overall completion 2028-12 (estimated); last update posted 2026-03-12,"Healthy, independent women and men aged 65 to 85 are eligible to participate ... Change in cognitive performance measured by the Repeatable Battery for the Assessment of Neuropsychological Status (RBANS)","This is the compound-plus-training design the project should most want on the board: a dated prediction can claim separately whether L-serine alone beats placebo on RBANS Total, and whether the L-serine-plus-training arm exceeds the sum of the parts, making additivity itself falsifiable.","Independently re-found via the ClinicalTrials.gov API v2 (the /study/ HTML URL returns only the SPA shell with no record content, so the JSON record was authoritative), and cross-checked with a web search that returned the same record.

The identifier resolves to a genuine, matching registration. Verified element by element: NCT07466290 = ""L-serine and Strength Training in the Elderly""; eligibilityModule has healthyVolunteers=true, minimumAge 65 Years, maximumAge 85 Years, inclusion MMSE >23 and independent mobility without assistive devices, exclusion of chronic disease contraindicating training and Frailty Index >=3 — so the population is healthy older adults, not patients. The primary outcome is ""Change in cognitive performance measured by the Repeatable Battery for the Assessment of Neuropsychological Status (RBANS)"", RBANS Total Scale Index (mean=100, SD=15), time frame baseline, 18 weeks and 48 weeks — an objective cognitive performance outcome, matching the claimed quote. Status is RECRUITING, hasResults=false with no resultsFirstPostDateStruct, primary completion 2027-12 (ESTIMATED), completion 2028-12 (ESTIMATED), lastUpdatePostDate 2026-03-12 (ACTUAL), studyFirstPostDate 2026-03-12 (ACTUAL). Enrollment 126 (estimated), randomized parallel, quadruple masking, L-serine 6 g/day vs 6 g/day cornstarch placebo. So the readout is genuinely still pending and the dates in the claim are all correct.

The defect is the design description. The claim asserts a ""Four-group design over 48 weeks."" The registry records three parallel arms, confirmed three independent ways: (1) armsInterventionsModule lists exactly three arm groups — ""L-serine and strength training"" (EXPERIMENTAL), ""L-serine supplementation"" (ACTIVE_COMPARATOR), ""Control"" (PLACEBO_COMPARATOR); (2) the briefSummary states participants ""will be randomly assigned to one of three groups: placebo, L-serine, or L-serine combined with strength training""; (3) the detailedDescription states the study has ""three parallel groups of healthy older adults (aged 65-85)"". There is no strength-training-only (exercise without L-serine) arm, so this is not a 2x2 factorial and the independent effect of training cannot be separated from supplementation. That is a material design detail for anyone predicting which contrasts the readout will report, so I am rejecting as misdescribed rather than confirming. Note the claim's own intervention sentence actually describes only three conditions, so the ""four-group"" label is internally inconsistent as well as wrong against the registry. Everything else in the description is accurate.","The design is THREE parallel groups, not four. Registered arms: (1) L-serine 6 g/day + structured strength training 2x/week (experimental), (2) L-serine 6 g/day alone (active comparator), (3) cornstarch placebo 6 g/day with no strength training (placebo comparator). There is no strength-training-only arm, so the study is not a 2x2 factorial and cannot isolate the exercise effect. All other claimed details verify: NCT07466290, title, healthy volunteers aged 65-85 (MMSE >23, Frailty Index <3, independently mobile), RBANS Total Scale Index primary outcome at baseline/18 weeks/48 weeks, RECRUITING, n=126 estimated, randomized quadruple-masked parallel assignment, 48-week duration, no results posted.",,
reviews,REJECT_MISDESCRIBED,PROSPERO,CRD420261389333,https://www.crd.york.ac.uk/PROSPERO/view/CRD420261389333,Acute and chronic effects of dietary and supplemental polyphenols on cognitive performance across domains in cognitively healthy and at-risk adults: a systematic review and meta-analysis of randomised controlled trials.,"Dietary or supplemental polyphenols with reported exposure, acute (single dose) and chronic (repeated dose). Multi-component interventions only where the polyphenol effect is isolatable (polyphenol-only arm or factorial attribution). Comparator: placebo or matched vehicle/low-polyphenol control; no-treatment controls excluded.","MIXED BUT PRE-STRATIFIED — flagging explicitly. Tier 1 'Cognitively healthy': described as cognitively healthy/unimpaired, no subjective cognitive decline, no MCI/dementia/neurodegenerative diagnosis. Tier 2 'At-risk': subjective cognitive decline, age-related cognitive decline, cardiometabolic risk, without diagnosed impairment. Diagnosed MCI and dementia excluded entirely. The healthy stratum is reported separately, so the healthy-adult estimate is extractable — but this is NOT a healthy-only review.",not stated (systematic review; no target number of included studies given),"Cognitive performance across domains (attention, reaction time, executive control, learning, memory) plus composite cognitive measures. RoB 2 and GRADE applied separately across a 2x2 design: (healthy vs at-risk) x (acute vs chronic).",Ongoing (PROSPERO reviewstatus 'Ongoing'; PublicationStatus 'Registered'; editing status 'Stable'),"PROSPERO 2026 registration (yearfirstpublished 2026). No review start/end date was returned in the record's timeline block — no completion date stated. PubMed shows no matching publication (the 2026 polyphenol meta-analysis PMID 41524705 addresses neurodegeneration risk, not domain-level cognitive performance).","""Tier 1 (Cognitively healthy): participants described as cognitively healthy/unimpaired; no self-reported subjective cognitive decline/complaints; no diagnosis of MCI/dementia/neurodegenerative disease; and/or trials explicitly excluding cognitive impairment.""","The 2x2 pre-stratification is the point: a dated prediction can claim that the polyphenol effect is larger in the at-risk stratum than the cognitively healthy stratum (i.e. that apparent enhancement is really deficit-correction), which is exactly the claim a drug-repurposing project needs to falsify. Score only the Tier-1 healthy cells against this project's inclusion rule.","ID RESOLVES — VERIFIED INDEPENDENTLY. https://www.crd.york.ac.uk/PROSPERO/view/CRD420261389333 is a React SPA that returns only an empty ""PROSPERO"" shell to WebFetch/curl, so I recovered the backend endpoint from the site's own JS bundle (main.2ca48f84.js -> API base https://www.crd.york.ac.uk/PROSPERO/api/, route view/{id}/{major}/{minor}, auth header prospero-auth-token = base64(epoch_ms)) and pulled the record directly. Control test on an unrelated known-good ID (CRD42024563383) returned a different, correct record, so the endpoint is not echoing my input.

WHAT THE RECORD ACTUALLY SAYS (verbatim from the API):
- Title: exact match to the claim, including the trailing period.
- Self-reported citation: ""PROSPERO 2026 CRD420261389333"" — the ID is self-consistent (note: 2026 PROSPERO IDs carry a 7-digit suffix, so the unusual length is NOT a fabrication signal here).
- Team: Piril Hepsomali, Crystal Haskell-Ramsay, Philippa Jackson, Andrew Scholey, Daniel Lamport, Sophie Ellen Putnam, Laure Verstraeten, David Vauzour (guarantor/contact, UEA). Affiliation: University of East Anglia.
- Record meta: PublicationStatus ""Registered"", EditingStatus ""Stable"", Latest, previousversions 0, Purpose ""live"".

CLAIMED QUOTE — CONFIRMED VERBATIM. The Population section reads exactly: ""Tier 1 (Cognitively healthy): participants described as cognitively healthy/unimpaired; no self-reported subjective cognitive decline/complaints; no diagnosis of MCI/dementia/neurodegenerative disease; and/or trials explicitly excluding cognitive impairment."" Tier 2 (at-risk) is as described; diagnosed MCI/dementia excluded; adults >=18.

POPULATION — ACCEPTABLE. Mixed healthy + at-risk, but the claim flagged this correctly and the record's ""Strategy for data synthesis"" pre-specifies a 2x2 framework with explicit Healthy-Acute and Healthy-Chronic strata and states primary analyses will NOT pool acute and chronic, so the healthy-adult estimate is genuinely extractable. Not REJECT_WRONG_POPULATION.

COGNITIVE OUTCOME — PRESENT AND OBJECTIVE. ""Eligible measures: validated neuropsychological tests and widely used computerised tasks/batteries."" Primary = global cognition or validated composite; secondary = language, memory, attention, vigilance, visuo-spatial, executive function, psychomotor, processing speed, reaction time. RoB 2 and GRADE applied per stratum, as claimed.

PENDING — YES. ""The review is currently planned or ongoing."" Version 1.0 only, published 19 May 2026. PubMed esearch for the ID returns 0 hits; author-restricted 2026 search returns only two unrelated papers (PMID 42311153 asparagus stem review; PMID 42134099 CRANMOOD cranberry RCT). Nothing published, nothing terminated.

WHY MISDESCRIBED. The claim states: ""No review start/end date was returned in the record's timeline block — no completion date stated."" That is false. The record contains a populated [TemplateReviewTimeline] ""Review timeline"" section reading: ""Review start date: 11 May 2026. Review end date: 31 December 2026."" Since the expected-readout date is the load-bearing field for a forecasting registration, asserting an absence that the record contradicts is a material error, not cosmetic. The researcher appears to have missed or mis-parsed the timeline block.

SECONDARY CORRECTIONS (non-fatal, but the description is loose): (a) registration dates are first submitted 11 May 2026 / registered in PROSPERO 19 May 2026, not merely ""yearfirstpublished 2026""; (b) the primary outcome is global cognition or a validated composite, with the listed domains as secondary — the claim inverts the emphasis; (c) the comparator rule is ""No-treatment controls excluded UNLESS ADEQUATELY JUSTIFIED"", not a flat exclusion; (d) undisclosed in the claim: the review is funded by Holland & Barrett and two of the eight authors (Putnam, Verstraeten) are Holland & Barrett employees — a commercial conflict directly relevant to any prediction about the reported effect direction.","The registration is real, healthy-stratified, objectively cognitive, and genuinely pending — but the claim's ""EXPECTED READOUT"" is wrong. The record DOES contain a populated Review timeline block stating verbatim: ""Review start date: 11 May 2026. Review end date: 31 December 2026."" Anticipated completion is therefore 31 December 2026, not ""no completion date stated."" Also correct: registered in PROSPERO 19 May 2026 (first submitted 11 May 2026); primary outcome is global cognition or a validated composite with the individual domains secondary; no-treatment controls are excluded ""unless adequately justified"" rather than absolutely; and the review is commercially funded by Holland & Barrett with two Holland & Barrett employees on the author team (Putnam, Verstraeten) — an undisclosed material fact in the claim.",2026-12-31,
stimulant,REJECT_MISDESCRIBED,ClinicalTrials.gov,NCT05880342,https://clinicaltrials.gov/study/NCT05880342,The Role of the Brain in Mental and Physical Fatigue,"Methylphenidate (dopamine reuptake inhibitor, oral product) and reboxetine (noradrenaline reuptake inhibitor) vs. placebo; randomized, single-blinded, placebo-controlled, counterbalanced crossover across physical-fatigue, mental-fatigue and combined protocols","Healthy trained individuals aged 18-35, exercising at least once per week, no neurological, cardiovascular, internal or musculoskeletal disorders, non-smokers, no chronic medication. Registry healthyVolunteers flag = true. My judgement: HEALTHY ADULTS.",62 (estimated enrolment),"Accuracy and Reaction time on the mental-fatigue task are both listed as primary outcomes, alongside EEG spectral/ERP measures, EMG and repetition count",Recruiting,"Primary completion and completion both 2025-12-31 (ESTIMATED); last update posted 2025-06-18. STALE — the stated date has passed and the record has not been updated since, so treat the readout date as unreliable.","""Healthy trained individuals (exercises at least 1x per week, no neurological, cardiovascular internal or musculoskeletal disorders of any kind)""","This is the ONLY pending methylphenidate trial in healthy adults with objective cognitive endpoints that I could find. A dated prediction would claim whether methylphenidate (vs. reboxetine, vs. placebo) preserves task accuracy and reaction time against experimentally induced mental fatigue — a direct test of the catecholamine account of cognitive enhancement, with a noradrenergic active comparator that makes the prediction dissociable rather than merely directional.","I re-found the record independently via the ClinicalTrials.gov v2 API (the HTML page renders client-side and returned nothing useful). NCT05880342 is REAL and matches the described study: briefTitle ""The Role of the Brain in Mental and Physical Fatigue"", officialTitle ""Investigating Fundamental Mechanisms of Mental and Physical Fatigue Using Neurotransmitter Reuptake Inhibitors and Electroencephalography: a Randomized Counterbalanced Crossover Trial"", lead sponsor Vrije Universiteit Brussel, start 2023-05-03 (ACTUAL).

CONFIRMED sub-claims: healthyVolunteers = true; ages 18-35; conditions = ""Fatigue"" (not a patient population) -> HEALTHY ADULTS is correct. Interventions Methylphenidate 20 mg and Reboxetine 8 mg are correct. Objective cognitive outcomes ARE present and ARE primary: ""Accuracy - Correct answers during Stroop task"" (60 min) and ""Reaction time - Response times during Stroop task"" (60 min), alongside repetition count, EEG spectral, EEG ERP, and EMG median frequency. The claimed quote is verbatim-accurate, character for character, as the first inclusion criterion. Registry status = RECRUITING, hasResults = false, no resultsSection, primaryCompletion and completion both 2025-12-31 (ESTIMATED), lastUpdatePostDate 2025-06-18 (ACTUAL), statusVerifiedDate 2025-06. All dates in the claim are reported correctly, and the researcher correctly flagged the record as stale.

WHY MISDESCRIBED, not confirmed. (1) PARTIAL PUBLICATION. A PubMed E-utilities search on ""NCT05880342"" returns exactly 2 records, and both explicitly register this NCT, and both already report the physical-fatigue protocol at n=18: ""Distinct Roles of Dopamine and Noradrenaline in Physical Fatigue"" (Eur J Sport Sci 26(2), Feb 2026; PMID 41601207) reports primary outcome #1, repetition count -- REB reduced leg-extension repetitions by 13.2%, p<0.001; and ""Catecholaminergic Contributions to Inhibitory Control Following Physical Fatigue"" (Eur J Sport Sci 26(9), Sept 2026; PMID 42608643) reports a Go/No-Go cognitive task with EEG -- significant MPH x Time interaction for No-Go accuracy, p=0.008, with improved post-fatigue performance after MPH, and shorter No-Go N2 latency. The claim's OUTCOME field lists ""EEG spectral/ERP measures, EMG and repetition count"" as part of a pending readout; for the physical protocol those are already published with known effect directions. Worse for forecasting purposes, a cognitive accuracy readout under these exact two drugs in these exact participants is ALREADY OUT, which contaminates any prediction about the remaining arm.

(2) MASKING WRONG. The claim says ""single-blinded"". The registry's structured designInfo says masking = QUADRUPLE, whoMasked = PARTICIPANT, CARE_PROVIDER, INVESTIGATOR, OUTCOMES_ASSESSOR; the two published papers describe it as ""triple-blinded"". Mitigating: the registry's own free-text detailedDescription does say ""single-blinded, placebo-controlled"", so the record is internally inconsistent and the researcher copied the free text rather than inventing it. Also note the structured armGroups list three arms (Mental fatigue / Physical fatigue / Combined) with no placebo arm encoded, though the narrative and the papers confirm a placebo condition exists.

(3) STATUS NOT CREDIBLE. ""Recruiting"" was last verified 2025-06, yet the physical-fatigue arm has since been fully analyzed and published twice. The registry status is stale rather than false-as-registered.

WHY NOT REJECT_ALREADY_PUBLISHED: the specific cognitive readout the claim foregrounds -- Stroop accuracy and Stroop reaction time from the MENTAL-fatigue protocol -- has no results publication. The only mental-fatigue output is a protocol-only paper, ""The interplay of brain neurotransmission and mental fatigue: A research protocol"" (PLOS One, 10.1371/journal.pone.0310271, 10 Sept 2024, n=16 planned), which reports no results. So a genuine readout does remain. The registration is real and something is still pending -- but the description materially overstates what is pending, which is exactly REJECT_MISDESCRIBED.","Three corrections. (1) The trial is NOT wholly pending. Two peer-reviewed papers that explicitly cite NCT05880342 already report the physical-fatigue protocol (n=18): ""Distinct Roles of Dopamine and Noradrenaline in Physical Fatigue"" (Eur J Sport Sci 26(2), Feb 2026, PMID 41601207) publishes primary outcome #1 repetition count (REB -13.2%, p<0.001), and ""Catecholaminergic Contributions to Inhibitory Control Following Physical Fatigue"" (Eur J Sport Sci 26(9), Sept 2026, PMID 42608643) publishes Go/No-Go accuracy plus EEG ERPs (MPH x Time on No-Go accuracy p=0.008; shorter No-Go N2 latency p=0.038). Only the MENTAL-fatigue Stroop arm (accuracy, reaction time) and the combined arm remain unreported; the mental-fatigue arm has a protocol-only paper (PLOS One 10.1371/journal.pone.0310271, 10 Sept 2024, n=16 planned). Any forecast must be scoped to the mental-fatigue Stroop outcomes alone, and must account for the already-published finding that methylphenidate improved post-fatigue cognitive accuracy while reboxetine did not. (2) Masking is misdescribed: the claim says ""single-blinded"", but the registry's structured designInfo records masking = QUADRUPLE (participant, care provider, investigator, outcomes assessor) and the published papers describe ""triple-blinded"". The registry is internally inconsistent, since its free-text detailedDescription does say ""single-blinded, placebo-controlled"". (3) ""Recruiting"" is stale, not current: statusVerifiedDate is 2025-06 while the physical arm was analyzed and published in Feb 2026 and Sept 2026. Population (healthy adults 18-35, healthyVolunteers=true), the two primary Stroop cognitive outcomes, the interventions, the dates as registered, and the quoted inclusion criterion are all accurate as stated.","No reliable date. The registered 2025-12-31 (ESTIMATED) has lapsed and the record has not been updated since 2025-06-18. Data collection is demonstrably complete -- the physical-fatigue arm was published Feb 2026 and Sept 2026 -- so the outstanding mental-fatigue Stroop readout is overdue and manuscript-stage, realistically expected late 2026 to 2027 via journal publication rather than via a registry results posting.",
glutamatergic,REJECT_NOT_COGNITIVE,ClinicalTrials.gov,NCT07721467,https://clinicaltrials.gov/api/v2/studies/NCT07721467,Neuroplasticity Enhancement From Cognitive Training Reinforced by Psilocybin (NECTAR) in Aging and Alzheimer's Disease,"Psilocybin 25 mg orally, two doses given two weeks apart, PLUS cognitive training daily for 4 weeks, compared against cognitive training alone. This is the compound-plus-training design the project specifically wants.","FLAG — MIXED POPULATION, stated explicitly. Adults aged 65 and over, in two groups: people with amnestic MCI or mild Alzheimer's dementia (CDR 0.5-1) meeting the 2024 Alzheimer's Association revised criteria, AND cognitively healthy older adults with normal cognition. The registry's HealthyVolunteers flag reads false and the condition field reads 'Alzheimer's Disease', but the brief summary states healthy older adults are also needed. So the healthy-adult arm exists but is one half of a mixed enrolment and cannot be separated from the registration alone.","200 (estimated enrolment, across both the healthy-older-adult and early-AD groups combined)","FLAG — CRITERION 2 IS NOT CLEANLY MET ON THE REGISTRATION TEXT. The single primary outcome is a 'Neuroplasticity Composite Score (NPCS)', and the registration does NOT enumerate its component measures — it does not name a single objective cognitive test. The only secondary is safety and tolerability. I am reporting exactly what the registry says rather than inferring that a composite in a cognitive-training trial must contain cognitive tests. Anyone using this finding should either obtain the protocol or treat the outcome as unspecified.",Not yet recruiting,Primary completion and study completion both 2030-12-31. Last update posted 2026-09-17.,"""People aged 65 years and older with mild cognitive impairment or early-stage Alzheimer s disease. Healthy older adults with normal cognition are also needed.""","This is the lane's only registered compound-plus-training 'plasticity window' design, so it is worth tracking even though it fails a clean read on population and outcome. A dated prediction could claim whether adding two 25 mg psilocybin doses to four weeks of cognitive training beats training alone on the neuroplasticity composite, and whether any advantage is larger in the cognitively healthy older adults than in the early-AD group — a direct test of whether the plasticity window is a healthy-brain phenomenon. The 2030 readout makes it a long-horizon prediction, and the undefined composite means the prediction should be conditioned on the outcome definition being published first.","Re-found independently via two routes (GET /api/v2/studies/NCT07721467 and the filtered search endpoint with explicit outcome fields); both agree.

REAL AND PENDING: NCT07721467 resolves to a genuine registration whose officialTitle matches the claim exactly (""Neuroplasticity Enhancement From Cognitive Training Reinforced by Psilocybin (NECTAR) in Aging and Alzheimer's Disease""). Lead sponsor National Institute on Aging (NIA), org NIH Clinical Center, Phase 2, enrollment 200 (estimated). Status NOT_YET_RECRUITING; start 2026-10-01 (est); primaryCompletion and completion both 2030-12-31 (est); lastUpdatePostDate 2026-09-17 (actual); hasResults=false and no resultsSection. So the readout is genuinely pending and the claimed dates are correct. Interventions confirmed verbatim: DRUG Psilocybin ""25 mg orally x 2 (2 weeks apart)"" and OTHER Cognitive Training ""daily for 4 weeks"". The CLAIMED QUOTE appears verbatim in briefSummary (exact string match confirmed programmatically).

BINDING FAILURE — CRITERION 2 (objective cognitive outcome) IS NOT MET. outcomesModule contains only two keys, primaryOutcomes and secondaryOutcomes, with one entry each and no otherOutcomes:
- Sole primary: ""Determine whether psilocybin enhances neuroplasticity (Neuroplasticity Composite Score (NPCS))"", timeFrame 4 weeks. Its full description reads only ""two doses, 25 mg each, of psilocybin given two weeks apart plus 4 weeks of cognitive training vs. cognitive training alone."" That describes the intervention contrast, not the measure. It does not enumerate a single NPCS component and names no cognitive instrument.
- Sole secondary: ""Assess the safety and tolerability of psilocybin in cognitively healthy older adults and individuals with early-stage AD"", timeFrame 6 weeks.
No objective cognitive performance outcome is registered. MoCA and CDR appear ONLY as eligibility screeners (MoCA 20-25 / CDR 0.5-1 for the AD cohort; MoCA >=26 / CDR 0 for the normal-cognition cohort), never as outcome measures. The researcher's own OUTCOME flag was accurate and honest, and I reach the same finding without inferring that a composite in a cognitive-training trial must contain cognitive tests. On the registration as written, criterion 2 fails outright.

SECONDARY CONCERN — POPULATION IS MIXED (also correctly flagged). eligibilityModule: minimumAge 65 Years, maximumAge 120 Years, stdAges [OLDER_ADULT], healthyVolunteers=false; conditions [""Alzheimer's Disease""], keywords Aging/Psilocybin/Cognitive Training. Eligibility text confirms two cognitive-status strata including a ""Cognitively normal population"" meeting CDR 0 and MoCA >=26, and the AD stratum citing the 2024 Alzheimer's Association Workgroup revised criteria. A cognitively-normal older-adult cohort genuinely exists, so this is not a clean REJECT_WRONG_POPULATION, but it is also not a healthy-adult registration: it is coded as an Alzheimer's study and the healthy cohort is cognitively-normal 65+, half of a mixed enrolment. I selected REJECT_NOT_COGNITIVE as the verdict because the outcome failure is absolute (no cognitive measure named anywhere in the record), whereas the population objection is partial.

PROCESS NOTE: my first saved copy of the response was clobbered by a different study's record (NCT07732166, a Pontificia Universidade Catolica do Rio de Janeiro psilocybin self-awareness trial, ages 21-60, psilocybin 15 mg vs niacin), which briefly made the record appear internally contradictory. A clean re-fetch plus the independent search-endpoint query resolved this; the registry record is self-consistent, and every finding above rests on the verified copy. I also discounted a first-pass WebFetch summary that hallucinated non-existent secondary outcomes (neuroimaging, EEG, biomarkers); the raw JSON shows only the single safety secondary.","Two corrections, neither of which changes the rejection. (1) The researcher states the healthy arm ""cannot be separated from the registration alone."" It can: armsInterventionsModule defines four distinct arms — ""early-stage Alzheimer's Disease (AD) population - cognitive training only"" (ACTIVE_COMPARATOR), ""early-stage Alzheimer's Disease (AD) population - cognitive training plus psilocybin"" (EXPERIMENTAL), ""Normal Cognition population - cognitive training only"" (ACTIVE_COMPARATOR), and ""Normal Cognition population - cognitive training plus psilocybin"" (EXPERIMENTAL). The cognitively-normal cohort is therefore arm-separable on the registration itself, even though the study is coded as an Alzheimer's trial with healthyVolunteers=false. (2) Minor: the comparison is registered as an ACTIVE_COMPARATOR design (cognitive training alone), not a placebo control, and the enrolment is 200 estimated across both populations, Phase 2. Everything else in the researcher's description — title, ID, 25 mg x 2 two weeks apart, daily cognitive training for 4 weeks, 65+, mixed population, healthyVolunteers=false, condition ""Alzheimer's Disease"", single NPCS primary with no enumerated components, sole safety/tolerability secondary, Not yet recruiting, both 2030-12-31 dates, last update 2026-09-17, and the quoted brief-summary sentence — is verified accurate.",,
cholinergic,REJECT_WRONG_POPULATION,PROSPERO,CRD420251083365,https://www.crd.york.ac.uk/PROSPERO/view/CRD420251083365,"Nicotine as a Cognitive Enhancer: A Systematic Review and Meta-Analysis of Its Effects on Attention, Working Memory, and Executive Function","Nicotine — acute nicotine administration versus placebo, restricted to randomized study designs. Directly in the nicotinic half of this lane and the only registered nicotinic meta-analysis I found.","MIXED, and this is the key caveat. The record states only that studies must involve adult human participants and that participants can be either smokers or non-smokers; animal studies are excluded. It does NOT restrict to healthy adults, and the record's own Context section invokes the self-medication hypothesis for schizophrenia and ADHD, so clinical samples appear to be in scope. My judgement: this does not meet a strict healthy-adults criterion and must be flagged as mixed in any prediction derived from it.",Not stated (systematic review and meta-analysis; no target number of studies or pooled participants given),"Objective, performance-based measures of cognitive function in three domains, with tasks named in the registration: Attention via Continuous Performance Test, Rapid Visual Information Processing and Choice Reaction Time; Executive Function via Stop-Signal, Stroop Interference and Antisaccade Errors; Working Memory via N-Back and Sternberg. Effect sizes pooled as Hedges' g under a random-effects model, with subgroup analysis by domain and positive values standardised to mean cognitive improvement.","The review is currently planned or ongoing. Stage checkboxes show pilot work, formal searching and screening started and completed; data extraction, risk-of-bias assessment and data synthesis not yet complete. PublicationStatus 'Registered', EditingStatus 'Stable', version 1. Full protocol written and uploaded but withheld until the review is completed.","Review timeline states 'Start date: 1 June 2025. End date: 29 July 2025'. Registered and first submitted 29 June 2025. The stated end date has long passed while the record still reads planned or ongoing, so the readout is overdue and undated.","""The participants can be either smokers or non-smokers."" / ""the main outcomes of the review are objective, performance-based measures of cognitive function, categorized into three primary domains.""","A dated prediction would claim the pooled Hedges' g for acute nicotine in each of the three pre-specified domains, and specifically whether the executive-function estimate — the gap the authors say motivated the review — separates from zero. Because the domains are pre-specified with a declared subgroup analysis, one can predict the rank ordering across attention, working memory and executive function, which is far harder to hit by chance than predicting a single sign.","I re-found the record myself rather than trusting the ID's shape. The public URL returns only a React shell, so I extracted the SPA's API base and auth-header scheme from the bundle (main.2ca48f84.js) and pulled the record JSON from https://www.crd.york.ac.uk/PROSPERO/api/view/CRD420251083365/0/0.

EXISTS AND MATCHES: the ID resolves to a real, live record. Self-citation in the record: ""Ahmadreza Ahmadi, Mohammad Hossein Salimian, Faeze Mansouri. Nicotine as a Cognitive Enhancer: A Systematic Review and Meta-Analysis of Its Effects on Attention, Working Memory, and Executive Function. PROSPERO 2025 CRD420251083365."" Title is character-for-character the claimed title. Intervention = Nicotine, acute administration vs placebo, randomized designs only. Country Iran; guarantor Dr Ahmadreza Ahmadi (Alborz UMS). PublicationStatus ""Registered"", EditingStatus ""Stable"", previousversions 0, version 1.0 published 29 Jun 2025 (version 2 query returns an error, so v1 is the only version). Timeline ""Start date: 1 June 2025. End date: 29 July 2025"", first submitted and registered 29 June 2025 — all dates as claimed. Stage table: pilot work, formal searching, screening all started+completed; data extraction, risk of bias, data synthesis blank; ""The review is currently planned or ongoing."" Both claimed quotes are verbatim. Objective cognitive outcomes are unambiguously present (CPT, RVIP, Choice RT; Stop-Signal, Stroop, Antisaccade; N-Back, Sternberg; Hedges' g, random effects, subgroup by domain). No published output found for this team on this topic.

WHY REJECT: the CONFIRMED bar requires healthy adults. The Population section reads in full: ""The studies must involve adult human participants. The participants can be either smokers or non-smokers. Animal studies were excluded."" There is no health restriction of any kind — no exclusion of psychiatric, neurological or cognitively impaired samples — and the Context section's framing is the self-medication hypothesis for schizophrenia and ADHD. So clinical samples are in scope by the record's own eligibility text. The researcher's description of this is accurate and honestly caveated, which is why this is not MISDESCRIBED, but an accurate description of a non-healthy-restricted population still fails the healthy-adults gate. If the pipeline tolerates mixed populations, this record would otherwise pass on every other axis.

ONE THING THE CLAIM OMITS that a skeptic should flag: the record is written retrospectively and already contains results. The Certainty section states I-squared ""low for executive function (I2 = 21.3%) and moderate for attention (I2 = 55.6%)"", says a cumulative meta-analysis ""was performed"" for attention and ""demonstrates the stability and consistency of the evidence over several decades"", and the Outcomes section says the review ""extracted quantitative data"". The Context says ""The review was conducted according to PRISMA 2020 guidelines"". So the analysis is evidently already done despite the stage boxes for extraction/synthesis being unticked and status reading planned-or-ongoing — the readout is unpublished but not genuinely unknown to the authors, and the direction is partly leaked in the record itself. That weakens this as a clean forecasting target independent of the population problem.","Population is not healthy adults: the record restricts only to adult humans, smokers or non-smokers, excluding animal studies, with no health/clinical exclusion, and its Context invokes schizophrenia and ADHD self-medication — clinical samples are in scope. Additionally, the record is retrospective and already reports analysis results (I-squared 21.3% executive function, 55.6% attention; a completed cumulative meta-analysis for attention; ""The review was conducted according to PRISMA 2020 guidelines""), so the readout is unpublished rather than genuinely unknown, despite the ""planned or ongoing"" status. Everything else in the claim — ID, title, authorship, intervention, the eight named tasks, Hedges' g random-effects design, stage checkboxes, PublicationStatus/EditingStatus/version, both quotes, and all dates — checked out verbatim.",,
hormonal,REJECT_WRONG_POPULATION,PROSPERO,CRD420261281904,https://www.crd.york.ac.uk/PROSPERO/view/CRD420261281904,Effects of Intranasal Insulin on Brain Function and Cognition in Middle-Aged and Older Adults: A Systematic Review of Neuroimaging and Cognitive Outcomes,"""Rapid, Short, or Long acting insulin administered as a nasal spray"", compared against a placebo spray. Explicitly excludes multi-pharmacological combinations, surgical/post-operative-delirium studies, and non-nasal insulin formulations (gel, oral, intravenous). Randomised designs only.","MIXED, and the registrants say so themselves. Included population is ""Human, adults, forty years of age or older"", and the review objective specifies ""adults aged 40 years and older with varying cognitive and metabolic status (healthy, mild cognitive impairment, or type 2 diabetes)"". Healthy adults are one of three explicitly named strata. Exclusions remove HIV-associated cognitive impairment, schizophrenia, Down syndrome, treatment-resistant mood disorders and neurodegenerative disease. Judgement: MIXED - contains a healthy stratum but is not a healthy-adults-only review.",Not stated - number of included studies and pooled participants is not pre-specified.,"The registration frames the question as whether intranasal insulin ""impact[s] cognitive function"" alongside neuroimaging evidence of central insulin action, but does NOT name a specific cognitive instrument. Risk of bias via Cochrane RoB-2. This vagueness is a real limitation for pre-registration - the project would have to predict a direction rather than an effect on a named test.","Registered; review status recorded as planned or ongoing. A full protocol has been written and uploaded, to be released after completion.","Registration states ""Start date: 1 January 2026. End date: 31 March 2026."" Date of first submission and registration both 09 January 2026. The stated end date has passed with no publication located, so the readout is outstanding.","""In adults aged 40 years and older with varying cognitive and metabolic status (healthy, mild cognitive impairment, or type 2 diabetes), does intranasal insulin administration impact cognitive function and what methods of neuroimaging demonstrate central insulin action?""","A dated prediction would claim whether this review concludes intranasal insulin benefits cognition in the HEALTHY middle-aged stratum specifically, as distinct from the MCI and type 2 diabetes strata - a stratum-specific call that directly tests the project's core thesis that repurposing signals in patients do not transfer to healthy people.","I re-found the record myself rather than trusting the description. The public HTML page is a JS-only React shell (curl returns a 1.3 KB SPA stub; the Browser pane was blocked), so I pulled the record from PROSPERO's own backing API (https://www.crd.york.ac.uk/PROSPERO/api/view/CRD420261281904/0/0, auth header prospero-auth-token = base64(epoch-ms), reverse-engineered from the site bundle) and ran a known-good control ID (CRD42024545324) through the same endpoint to prove the endpoint distinguishes real records.

The ID RESOLVES and every claimed detail is verbatim-accurate:
- Title matches exactly (""Effects of Intranasal Insulin on Brain Function and Cognition in Middle-Aged and Older Adults: A Systematic Review of Neuroimaging and Cognitive Outcomes""), authors Courtney Yotter / Jerry Tan / Amanda Adler, University of Oxford Dept of Psychiatry, UK.
- CLAIMED QUOTE is the exact ""Review objectives"" field, word for word.
- Intervention field matches (rapid/short/long-acting insulin nasal spray vs placebo spray; excludes multi-pharmacological, surgical/POD, and gel/oral/IV formulations).
- Population field: ""Included: Human, adults, forty years of age or older""; exclusions are paediatric, animal, <40y, HIV-associated cognitive impairment, schizophrenia, Down syndrome, treatment-resistant mood disorders, other neurodegenerative disease — exactly as described.
- Main outcomes: ""Measures of brain activity on neuroimaging (functional MRI, PET, CT) and cognitive assessment in acute and longitudinal response to intranasal insulin"" — no named cognitive instrument, RoB-2 for risk of bias, certainty NOT assessed. The researcher's vagueness caveat is correct.
- Timeline: ""Start date: 1 January 2026. End date: 31 March 2026""; first submission and registration both 09 January 2026; version history shows only Version 1.0 published 09 Jan 2026.
- Status: PublicationStatus ""Registered"", EditingStatus ""In process"", ""The review is currently planned or ongoing""; stage table shows pilot work complete, formal searching started, screening/extraction/synthesis not started. Full protocol uploaded, to be released after completion. No publication by this team located in a targeted search, so the readout is genuinely outstanding (and overdue — the 31 Mar 2026 end date passed ~6 months ago with no record update).

So this is a real, pending registration, honestly described. It fails on the one conjunctive criterion the confirm bar names: the population is NOT healthy adults. The eligibility Population field restricts only on age (40+), and the objective, the additional-outcomes field and the synthesis plan all stratify by ""healthy, mild cognitive impairment, or type 2 diabetes"" — i.e. patient strata (MCI, T2DM) are in scope and will dominate the evidence base, with healthy adults being one of three named groups. The registrants themselves say so, and the researcher's own MIXED judgement is accurate; I am not calling them misdescribed. I am rejecting because a mixed-population review is not a healthy-adults cognition readout, and a skeptic should not confirm one as such.

Two secondary reasons the item is weak even if the orchestrator chooses to accept mixed-with-healthy-stratum: (1) no cognitive instrument is named anywhere in the record, so any pre-registered prediction would be about direction, not a measurable effect on a named test; (2) the synthesis is explicitly narrative only with no meta-analysis and no certainty assessment, so there will be no quantitative effect estimate to score a prediction against.",,,
hormonal,REJECT_WRONG_POPULATION,PROSPERO,CRD420261488428,https://www.crd.york.ac.uk/PROSPERO/view/CRD420261488428,The influence of glucagon-like peptide-1 (GLP-1) and glucose-dependent insulinotropic polypeptide (GIP) receptor agonism on cognitive function: a systematic review,"GLP-1 receptor agonists (exenatide, liraglutide, dulaglutide, semaglutide, lixisenatide) and dual GLP-1/GIP receptor agonists including tirzepatide, versus placebo or usual care. Both randomised and non-randomised designs; trials where cognition is a secondary or exploratory endpoint are eligible.","MIXED - flagging this explicitly. The registration states the included population as ""Adults (>=18 years) from any setting, including those with type 2 diabetes, obesity/overweight"". It does not restrict to healthy adults and does not guarantee a healthy-adult stratum. Only animal and in vitro studies are excluded. Judgement: this FAILS a strict healthy-adults-only filter and should be scored as a mixed-population synthesis, not as a healthy-adult readout.",Not stated - number of included studies and pooled participants is not pre-specified.,"""Global cognitive function, measured using validated composite instruments"". Registration records no additional outcomes. Synthesis is narrative first, with random-effects meta-analysis only where two or more homogeneous studies report a comparable outcome - so a pooled effect estimate may not materialise at all.","Registered; review status ""The review is currently planned or ongoing."" No review stage is marked started - not even pilot work.","Registration states ""Review start date: 10 September 2026. Review end date: 10 February 2027."" Date of first submission 10 September 2026; date of registration 11 September 2026. This is a brand-new registration - nine days old at time of search.","""To determine whether treatment with GLP-1 receptor agonists and/or dual GLP-1/GIP receptor agonists influences cognitive function, compared with placebo, standard care, or no treatment, in adults.""","A dated prediction would claim, before 10 February 2027, whether this review reports a pooled positive effect of incretin agonism on global cognition or instead concludes the evidence is too heterogeneous to pool - and the project should note in advance that the mixed diabetes/obesity population means any positive signal is confounded with metabolic-disease reversal rather than enhancement in healthy people.","VERIFICATION METHOD: The PROSPERO /view/ page is a React SPA that returns a 1,350-byte empty shell to any non-JS fetch, so neither WebFetch nor plain curl can confirm or refute an ID. I extracted the real API base and route from the app bundle (main.2ca48f84.js): `https://www.crd.york.ac.uk/PROSPERO/api/view/<ID>/<major>/<minor>`, gated by a `prospero-auth-token` header equal to base64(epoch_ms). I validated the method on an independent control ID first (CRD420261277032, a different GLP-1/neuroprotection review found via search) to prove the endpoint distinguishes real records from failures, then queried the claimed ID.

THE ID RESOLVES AND THE RECORD IS REAL. CRD420261488428 returns a live Version 1.0 record published 11 Sep 2026: ""The influence of glucagon-like peptide-1 (GLP-1) and glucose-dependent insulinotropic polypeptide (GIP) receptor agonism on cognitive function: a systematic review"", by Julia Marek, Szymon Florek, Magdalena Piegza (Medical University of Silesia in Katowice, Poland). This is NOT the fabrication signature.

THE DESCRIPTION IS ACCURATE IN EVERY CHECKABLE PARTICULAR. Objective quote is verbatim: ""To determine whether treatment with GLP-1 receptor agonists and/or dual GLP-1/GIP receptor agonists influences cognitive function, compared with placebo, standard care, or no treatment, in adults."" (The record adds a second sentence on moderators by population, duration and dose; the quoted sentence itself is exact.) Intervention matches: exenatide, liraglutide, dulaglutide, semaglutide, lixisenatide, plus dual GLP-1/GIP agonists including tirzepatide; comparators Placebo / Usual support; both randomized and nonrandomized designs; trials with cognition as a secondary or exploratory endpoint explicitly eligible. Outcome matches exactly: Main outcome ""Global cognitive function, measured using validated composite instruments"", and ""There are no additional outcomes."" Synthesis matches: narrative-first and tabulated, with random-effects meta-analysis only where two or more homogeneous studies report a comparable outcome. Status matches: ""The review is currently planned or ongoing"", with the entire stage table blank — no pilot work, no searching, nothing started. Dates match exactly: first submission 10 Sep 2026, registration 11 Sep 2026, review start 10 Sep 2026, review end 10 Feb 2027 — nine days old as of today, 20 Sep 2026. Nothing is misdescribed, so REJECT_MISDESCRIBED does not apply. The readout is genuinely pending (no results, no prior versions), so REJECT_ALREADY_PUBLISHED and REJECT_NO_PENDING_READOUT do not apply either.

WHY THIS STILL FAILS. The rubric requires the population to be healthy adults for CONFIRMED. The record's Population field reads, verbatim: ""Included Adults (>=18 years) from any setting, including those with type 2 diabetes, obesity/overweight. Excluded Studies conducted exclusively in animals or in vitro/cell-based models"". The only exclusion is non-human evidence. There is no healthy-adult restriction and no guaranteed healthy-adult stratum; the rationale, keywords and MeSH terms (Cognitive Dysfunction, Incretins, T2D framing) confirm the target evidence base is metabolic-disease patients, which is what GLP-1 RA cognition trials overwhelmingly enrol. This is a mixed/patient-population synthesis. The researcher flagged this themselves and reached the same judgement; I independently confirm the flag is correct against the primary source.

TWO ADDITIONAL CAVEATS worth carrying forward even though they are not the rejection ground: (1) this is a systematic review protocol, not a primary trial — any ""readout"" is a synthesis of other people's data, not new cognitive measurement, and the registration concedes a pooled estimate may never materialise; (2) the record states certainty of findings will NOT be assessed and reporting bias will NOT be assessed, which further limits its value as a prediction target.",,,
hormonal,REJECT_WRONG_POPULATION,ClinicalTrials.gov,NCT07572240,https://clinicaltrials.gov/study/NCT07572240,"A Clinical Trial to Assess the Effect of AP-Brain Collagen Peptides on the Improvement of Attention, Focus, and Memory in Stressed But Otherwise Healthy Individuals (official: ""A Randomized, Open-Label, Parallel Proof-of-Concept Study to Assess the Effect of AP-Brain Collagen Peptides on the Improvement of Attention, Focus, and Memory in Stressed But Otherwise Healthy Individuals"")","AP-Brain collagen peptide, two dose arms - 1 g daily and 3 g daily - for 56 days, open-label randomised parallel design. Sponsor is Rousselot BVBA, a collagen-peptide manufacturer, which is a commercial-interest flag worth carrying into any prediction.","BORDERLINE - I am flagging this as FAILING the strict healthy-adults bar despite the title. Healthy-volunteers flag is true and ages are 35-70, and the record excludes ADHD, epilepsy, anxiety, depression, Alzheimer's disease, and cardiac/respiratory/kidney/liver disease. BUT inclusion requires ""Self-reported mild difficulties in focus, attention, or memory"" together with ACE-III scores of 75-88, a below-normal-cutoff range the record itself annotates as mild cognitive impairment, plus Perceived Stress Scale 14-26. Self-reported cognitive difficulty is subjective cognitive decline, which the brief rules out. Treat as a subjective-cognitive-complaint population that the registration describes as healthy, not as a clean healthy-adult sample.",72 (ESTIMATED enrolment),"Objective cognition is PRIMARY: ""Change from Baseline and Different Doses on Selective Attention and Focus by Stroop Color-Word Test at Day 56"". Secondaries add the Stroop at Day 28, ""Sustained Attention by Continuous Performance Test (CPT) at Day 28 and Day 56"", and ""Memory by Change in Maximal Digit Span by Digit Span Test at Day 28 and Day 56"". Other measures include P300 EEG, BDNF and cortisol/DHEAS ratio.",RECRUITING,Primary completion date 2026-11 (ESTIMATED); study completion date 2026-11 (ESTIMATED); start date 2026-07-27 (ACTUAL); last update posted 2026-09-08. hasResults is false. Near-term - roughly two months out.,"""The goal of this clinical trial is to learn about the effects of AP-Brain collagen peptide on attention, focus, and memory in adults who are stressed but otherwise healthy."" Inclusion criterion: ""Self-reported mild difficulties in focus, attention, or memory""","A dated prediction would claim, before November 2026, whether an open-label manufacturer-sponsored collagen peptide produces a dose-ordered improvement on the Stroop Color-Word Test at Day 56 - and because the design is open-label with a commercial sponsor and no placebo arm, predicting a reported positive result while simultaneously predicting it will not replicate under blinding is a genuinely falsifiable two-part claim.","Independently verified via the ClinicalTrials.gov API v2 (HTTP 200, raw JSON parsed locally, not a summarizer paraphrase). The ID resolves to exactly the claimed study: brief and official titles match verbatim; sponsor Rousselot BVBA (INDUSTRY) with collaborator Vedic Lifesciences Pvt. Ltd.; randomized open-label parallel NA-phase, n=72 estimated; arms of 1g/day and 3g/day AP-Brain collagen peptide for 56 days. Status RECRUITING, start 2026-07-27 (ACTUAL), primary completion and study completion 2026-11 (ESTIMATED), last update posted 2026-09-08 (ACTUAL), hasResults=false. Objective cognition is genuinely primary (Stroop Color-Word Test at Day 56), with CPT and Digit Span as secondaries and P300 EEG, BDNF, cortisol/DHEAS, TNF-alpha, MDA, cGP and IGF-1 as other measures. Both claimed quotes appear verbatim. So the record is real, the outcome bar is met, and a readout is genuinely pending (roughly two months out).

The rejection is on population alone, and the researcher's own borderline flag understates the case rather than overstating it. The record does not merely imply impairment from a score range: the inclusion criteria state it explicitly in the registration's own words, ""Individuals with mild cognitive impairment as indicated by Addenbrooke's Cognitive Examination (ACE) III scores between 75 to 88 (both values included)"", alongside ""Self-reported mild difficulties in focus, attention, or memory"" and ""Progressive cognitive complaints like stress, disturbed sleep etc. reported by participant."" Enrollment is therefore affirmatively selected FOR a diagnostically labeled cognitive deficit in adults aged 35-70. The healthyVolunteers=true flag and the ""stressed but otherwise healthy"" title are framing layered over an enrichment design; the exclusions (ADHD, epilepsy, anxiety, depression, Alzheimer's, cardiac/respiratory/kidney/liver disease) only remove competing diagnoses and do not restore a clean healthy sample. Under a strict healthy-adults bar that rules out subjective cognitive decline, this is a subjective-cognitive-complaint / MCI-labeled population.

REJECT_MISDESCRIBED does not apply: every detail the researcher supplied, including the population caveat and all dates, checks out against the record, so there is nothing to correct. Confidence is 0.78 rather than higher because the healthy-volunteers flag is set true and this is a nutraceutical wellness trial, so a looser population bar could plausibly grade it CONFIRMED; the deciding factor is the registration's literal ""mild cognitive impairment"" inclusion wording.",,,
