identifier,registry,lane,ledger_compound,intervention,population,n,primary_cognitive_outcome,registry_status,expected_readout,prediction,pred_g,pred_ci_lo,pred_ci_hi,prediction_basis,prediction_reason,endpoint_tier,prediction_date,rule_committed_at,status,actual_outcome,url
2025-520800-81-00,CTIS (EU Clinical Trials Information System),eu-national,,"Single oral dose of ropinirole 1 mg (Requip 1 mg film-coated tablet, ATC N04BC04, D2/D3 dopamine agonist) vs matched placebo; max daily dose 1.00 mg. Sponsor: Universita' Degli Studi Di Modena E Reggio Emilia, Italy.","Healthy male volunteers aged 20-35, non-smokers, cognitively healthy (MMSE=30), >13 years education, on no medical treatment. Trial group is registered as 'Healthy volunteers'. My judgement: unambiguously healthy adults.",recruitmentSubjectCount 20,"Within-participant change in metacognitive efficiency (M-ratio; meta-d'/d') under ropinirole 1 mg versus placebo, derived from trial-wise accuracy and confidence ratings on a cognitive task",Authorised; estimated recruitment start 2025-12-01,2026-10-31 (estimated end date),ABSTAIN,,,,not_mapped,no mapping recorded for this registration,primary,2026-09-20,2baedf8,PENDING,,https://euclinicaltrials.eu/ctis-public/view/2025-520800-81-00
5R00AG079117-05 (NIH grant number; appl_id 11395605),"NIH RePORTER (grant, not a trial registry)",grants-protocols,,"Supplementation with the NAD+ precursor nicotinamide riboside (a form of vitamin B3), added onto an existing VA-funded randomized clinical trial of NR for physical performance in older adults. Dose and duration not stated in the grant abstract.","Older adults / older veterans. CAUTION: the grant abstract names no diagnosed patient group and frames the work as promoting healthy aging in community-dwelling older adults, but it also does not state explicit eligibility criteria, and the parent trial is a VA physical-performance study. I judge this probably healthy older adults but weaker on population evidence than the other entries in this lane - the parent VA trial's criteria should be checked before scoring.",not stated in the grant abstract,"Objective cognitive function, assessed together with objective sleep duration and sleep quality. Specific neuropsychological instruments are not named in the grant abstract.","Awarded and active; K99/R00 transition award, R00 phase start 2024-09-01, FY2025 award $249,000",Project end date 2027-08-31 (as given by NIH RePORTER),ABSTAIN,,,,not_mapped,no mapping recorded for this registration,primary,2026-09-20,2baedf8,PENDING,,https://reporter.nih.gov/project-details/11395605
ACTRN12623000247673p,ANZCTR,anzctr,,"Blackcurrant juice delivered two ways — as an ingested drink and as an oral rinse — against placebo, in a double-blind, placebo-controlled crossover. Volume/dose per serve is not stated in the registry fields I retrieved, so I am not supplying one. Blood sampled at baseline and 2, 5, 10, 20 and 60 minutes post-intervention and at completion of the cognitive test.","""Healthy individual (male or female) 18 - 45 years, BMI between 18-30kg/m2 who are able to provide written consent"". Excludes blackcurrant hypersensitivity, blood-borne disease, recent infection, pregnancy. Registry Healthy volunteers = Yes. My judgement: healthy adults.",24 (target). New Zealand; primary sponsor Dr Jocelyn Eason,"Objective cognition is a secondary outcome (the primary is platelet MAO-B enzyme activity by commercial assay): ""Composite measures of cognitive function parameters will include attention, reaction time, cognitive flexibility, working memory and learning using Computerised Mental Performance Assessment System (COMPASS)"".",Not yet recruiting,"Anticipated date of last data collection 2/10/2023 (registry-stated; the date has passed and the record has not been updated since, so the readout date is unreliable — treat this as a registered, unpublished protocol rather than a scheduled readout)",ABSTAIN,,,,not_mapped,no mapping recorded for this registration,primary,2026-09-20,2baedf8,PENDING,,https://www.anzctr.org.au/Trial/Registration/TrialReview.aspx?ACTRN=12623000247673
ACTRN12623000650695,ANZCTR,anzctr,,"Quadrivalent influenza vaccine (FluQuadri), single 0.5 mL intramuscular dose containing 15 micrograms of each of four influenza strains, vs placebo, two-way crossover with a 4-8 week washout; measures taken at +15 min, 30 min, 1 h, 2 h, 4 h and 8 h against a -1 h baseline.","""Healthy participants aged between 18 and 40 years"", BMI 18.5-29.9, non-smokers, no history of seizures or head injury; excludes diagnosed neurological/neurodegenerative conditions, depressive, anxiety or post-traumatic stress disorder, sleep conditions, ADHD and autism spectrum disorder. Registry Healthy volunteers = Yes. My judgement: healthy adults.",40 (target); accrual to date 8. Australia; primary sponsor Australian Government Department of Defence (DST Group / DMTC),"Primary outcome: ""Assess the cognitive and physical status of healthy participants ... using the following functional measures: Psychomotor Vigilant Test (PVT), Attentional Network Test (ANT), the 6-minute walk test, the Timed Up and Go, and sit-to-stand tasks"" — PVT and ANT are objective cognitive performance tasks. A second primary uses the Emotional Processing Test and speech metrics.",Recruiting (actual date of first participant enrolment 22/08/2023),"Anticipated date of last data collection 31/01/2025 (registry-stated; date has passed, record still reads Recruiting with accrual 8/40, no publication listed)",ABSTAIN,,,,not_mapped,no mapping recorded for this registration,primary,2026-09-20,2baedf8,PENDING,,https://www.anzctr.org.au/Trial/Registration/TrialReview.aspx?ACTRN=12623000650695
ACTRN12624000943549,ANZCTR,anzctr,,"Single subcutaneous abdominal injection of ketamine hydrochloride at 0.7 mg/kg vs placebo, crossover with a one-week washout; decision task begins 10 minutes after administration and lasts 40 minutes.","Healthy volunteers aged 18-55, right-handed, normal or corrected-to-normal vision. Excludes any cardiac condition or hypertension history, any DSM-V psychiatric disorder assessed by the study physician, epilepsy, personal history of psychiatric or neurological illness, family history of psychotic illness, and any prior antipsychotic or stimulant medication. Registry Healthy volunteers = Yes. My judgement: unambiguously healthy adults.","35 (target); Australia, Monash University","Two objective primary outcomes on a computerised random-dot motion-coherence decision task: ""Accuracy on the decision task"" and ""Reaction times on the decision task"" (EEG decision-process dynamics is a third, separate primary).",Recruiting (actual date of first participant enrolment 14/06/2024),"Anticipated date of last data collection 31/10/2024 (registry-stated; that date has now passed while the record still reads Recruiting, and no publication is listed — so this is effectively a completed-but-unreported readout that could drop at any time)",ABSTAIN,,,,not_mapped,no mapping recorded for this registration,primary,2026-09-20,2baedf8,PENDING,,https://www.anzctr.org.au/Trial/Registration/TrialReview.aspx?ACTRN=12624000943549
ACTRN12624001447549,ANZCTR,anzctr,,"Approximately 4 g per day of a milk ingredient (not named in the record) vs an energy-matched maltodextrin control, supplied as a single-serve powder sachet taken once daily mixed into a usual beverage, for 12 weeks. Parallel group, double blind. Runs alongside a home-based light exercise and walking programme given to both arms.","""Healthy women aged 65 - 80 years with body mass index (BMI) not less than 20 and not more than 35 kg/m2, and non-athletes with moderate physical activity and stressed as according to a Perceived Stress Scale score of higher than 14."" Excludes smokers, heavy drinkers, HRT users, chronic disease. Registry Healthy volunteers = Yes. My judgement: healthy older women — the only enrichment is elevated perceived stress (PSS>14), which is a subclinical trait rather than a diagnosis, so it passes, but it is an enrichment worth noting.",94 (target). Fonterra Co-operative Group Ltd; New Zealand,"Primary outcome ""Memory"", assessment method stated as the Mini Mental State Examination, measured at baseline, 6 weeks and 12 weeks (co-primary with ""Stress"" on the Perceived Stress Scale).",Recruiting (actual date of first participant enrolment 10/03/2025),Anticipated date of last data collection 7/04/2026 (registry-stated),ABSTAIN,,,,not_mapped,no mapping recorded for this registration,primary,2026-09-20,2baedf8,PENDING,,https://www.anzctr.org.au/Trial/Registration/TrialReview.aspx?ACTRN=12624001447549
ACTRN12625000077460,ANZCTR,anzctr,,"Three novel rehydration formulations vs placebo drink, consumed after a heat-chamber protocol producing 2% body-mass loss; drinks target ~150% of fluid lost, split into three portions over 60 minutes. Registry describes the formulations as ""a mix of ingredients like electrolytes, vitamins, carbohydrates, proteins, amino acids, and sugar substitutes, all dissolved in water"". Four-condition crossover, at least 5 days between conditions.","""Healthy adult male and female participants (assessed via initial screening questionnaire), the 12-item General Health Questionnaire, and the Exercise and Sports Science (ESSA) pre-screening tool"", ""Aged between 18 and 40 years (inclusive)"", non-smokers, PSQI <=5, no diagnosed sleep disorder. Registry Healthy volunteers = Yes. My judgement: healthy adults.",27 (target); 22 (final). Australian Catholic University,"Objective cognitive outcomes are secondary (the primary is net fluid balance): three-minute Psychomotor Vigilance Task — reaction time (ms), number of lapses, number of errors; and a two-minute Simon Task — proportion of correct responses for congruent and incongruent trials, reaction time of correct responses, and the Simon effect (mean congruent-incongruent RT difference).","Completed (actual start 31/01/2025, actual end 14/04/2025)",Actual date of last data collection 30/06/2025 (registry-stated); no publication listed — readout pending,ABSTAIN,,,,not_mapped,no mapping recorded for this registration,primary,2026-09-20,2baedf8,PENDING,,https://www.anzctr.org.au/Trial/Registration/TrialReview.aspx?ACTRN=12625000077460
ACTRN12625001345471,ANZCTR,anzctr,,"CX-50, a food-grade oral product containing extracellular vesicles (primarily exosomes) derived from young bovine adipose tissue; freeze-dried powder, 80 g each morning mixed with 250 mL water, once daily for 6 weeks (42 days). Single-arm, unblinded.","Healthy volunteers aged 50-80. Inclusion: ""In good health, or with stable chronic medical conditions (e.g., hypertension, diabetes) with no change in medication during the previous 4 weeks, and are well controlled"". Registry Healthy volunteers = Yes. My judgement: healthy older adults — but note the criterion explicitly tolerates well-controlled hypertension/diabetes, so this is the softest population in my list; it is not a disease-defined cohort and the scientific title itself says healthy volunteers.",20 (target); 11 (final). Australia; sponsor EXOMED,"NIH Toolbox Fluid Cognition Composite (Dimensional Change Card Sort, Flanker Inhibitory Control and Attention, Picture Sequence Memory, List Sorting Working Memory, Pattern Comparison). It sits inside the composite primary (feasibility of collecting the Fluid Cognition Composite among other measures) and again as the secondary ""To determine the change in cognitive function between baseline and follow-up"".",Completed,Actual date of last data collection 16/04/2026 (registry-stated); no publication listed — readout pending,ABSTAIN,,,,not_mapped,no mapping recorded for this registration,primary,2026-09-20,2baedf8,PENDING,,https://www.anzctr.org.au/Trial/Registration/TrialReview.aspx?ACTRN=12625001345471
ACTRN12626000246381,ANZCTR,anzctr,,"Single supervised oral dose of psilocybin 25 mg tablet, with two preparation and two integration sessions. Three arms: psilocybin alone; mindfulness training alone; combined mindfulness plus psilocybin. Open-label.","Healthy volunteers aged 18 to 75, ""medically stable, as determined by screening for medical problems via a personal interview, a medical questionnaire, a physical examination, an electrocardiogram (ECG), and routine medical blood laboratory tests""; excludes lifetime psychotic/bipolar disorder, first-degree relatives with same, and ""a current or past year history of meeting criteria for any DSM-5 disorder or other subclinical psychiatric symptoms"". Registry Healthy volunteers = Yes. My judgement: healthy adults, and here the prose is stricter than the flag.","45 (target). Monash University, Victoria, Australia","Objective cognitive performance sits in the secondary set (the primary is Warwick-Edinburgh Mental Wellbeing Scale): ""Convergent/divergent thinking — Remote Associations Task""; ""Pattern recognition — Snowy Pictures Task (SPT)""; ""Insight misattribution — Anagram insight misattribution task""; ""Explore-exploit dynamics — Patch Foraging Task""; ""Hysteresis effect — Visual Hysteresis Task"".",Not yet recruiting (anticipated date of first participant enrolment 25/05/2026),Anticipated date of last data collection 30/11/2028 (registry-stated),ABSTAIN,,,,not_mapped,psilocybin 25 mg crossed factorially with mindfulness training,primary,2026-09-20,2baedf8,PENDING,,https://www.anzctr.org.au/Trial/Registration/TrialReview.aspx?ACTRN=12626000246381
ACTRN12626000769381,ANZCTR,anzctr,,"Single oral dose of Madopar (100 mg levodopa / 25 mg benserazide), crushed tablet dispersed in orange juice, vs placebo (vitamin C tablet). Single dose, one session, supervised in-person ingestion; testing begins ~30-45 min post-ingestion at peak drug levels.","Adults aged 18 years or older, ""Neurologically intact"", ""No current or past diagnosis of neurological or psychiatric conditions""; excludes psychoactive medication, ADHD/antidepressant/sedative use, and any neurological or psychiatric history. Registry Healthy volunteers = Yes. My judgement: genuinely healthy adults — the prose is stricter than the flag, not weaker.","300 (target); Australia, Edith Cowan University","Composite primary outcome ""Performance on behavioural tasks assessing learning and cognition"", assessed objectively via reaction time, accuracy and movement kinematics captured with computer mice, keyboards, a WACOM digitising tablet, force transducers and a KinArm robotic arm (EEG and eye-tracking are separate additional primary outcomes).",Not yet recruiting (anticipated date of first participant enrolment 6/07/2026),Anticipated date of last data collection 30/06/2031 (registry-stated),ABSTAIN,,,,not_mapped,no mapping recorded for this registration,primary,2026-09-20,2baedf8,PENDING,,https://www.anzctr.org.au/Trial/Registration/TrialReview.aspx?ACTRN=12626000769381
CRD42024549774,PROSPERO,cholinergic,,"Any natural nootropic intervention, including individual compounds and combined multiple-compound supplements. IMPORTANT EXCLUSION, verbatim from the record: supplements not commercially available to the public, and prescription-only compounds, with donepezil and galantamine named as exclusions by name. Cholinergic relevance is therefore indirect but real — over-the-counter cholinergics (citicoline, alpha-GPC, huperzine A) fall inside the inclusion criteria, and the registration names acetylcholine as a mechanism of interest, but no specific compound is named as included.",Cognitively and physiologically healthy adults aged 18 or over; excludes any reported physiological or cognitive disorder likely to influence cognitive test scores. My judgement: unambiguously restricted to healthy adults — one of only two registered reviews in this lane that is.,Not stated (systematic review and meta-analysis; no target number of included studies or pooled participants given),"Measures of working memory and cognitive abilities, assessed by a series of distinct cognitive tests, using means and standard deviations for accuracy and reaction time pre- versus post-intervention. Objective performance measures only; MeSH terms on the record include Cognition, Nootropic Agents and Reaction Time.","The review is currently planned or ongoing. Stage checkboxes show pilot work, formal searching and screening all started and completed; data extraction, risk-of-bias assessment and data synthesis not yet complete. Version 1.0 published 03 Jul 2024, PublicationStatus 'Registered'.","Review timeline states 'Start date: 03 February 2024. End date: 30 September 2025'. Registered 03 July 2024, first submitted 02 July 2024. The stated end date has already passed while the record still reads planned or ongoing, so the readout is overdue and undated rather than scheduled.",ABSTAIN,,,,not_mapped,"'any natural nootropic', individual and combined; scope is not a compound",primary,2026-09-20,2baedf8,PENDING,,https://www.crd.york.ac.uk/PROSPERO/view/CRD42024549774
CRD420250627818,PROSPERO,reviews,,"Carotenoid supplementation — beta-carotene, lycopene, lutein, zeaxanthin — versus placebo. Randomized clinical trials, any country, any setting.","MIXED — flagging explicitly. Stated as 'Healthy population of any age who may include those with subjective cognitive decline.' Subjective cognitive decline is outside this project's healthy-adult rule, and the record does not commit to reporting the SCD-free subgroup separately. Also 'any age', so not adults-only. Include only with these caveats.",not stated (systematic review; no target number of included studies given),"'scores from standardized and validated cognitive assessment tests that evaluate various cognitive domains such as memory, attention, and processing speed' — objective performance testing, with attention and memory performance named in the eligibility block.",Ongoing (PROSPERO reviewstatus 'Ongoing'; PublicationStatus 'Registered'; editing status 'Amending' — actively being revised),"Registered 15 June 2025. Stated review start date 15 April 2025, end date 31 July 2025 — end date long PASSED while status remains Ongoing and the record is still being amended. PubMed shows no 2025-2026 carotenoid x cognition meta-analysis.",ABSTAIN,,,,not_mapped,carotenoids; no ledger row,primary,2026-09-20,2baedf8,PENDING,,https://www.crd.york.ac.uk/PROSPERO/view/CRD420250627818
CRD420251208498,PROSPERO,nutraceutical,,Blueberry supplementation. Registry Intervention[IV] field confirmed to contain 'blueberry'. Dose/duration not readable from the fields I could query.,"Cognitively healthy adults. Judgement: healthy adults. Population[PA] field confirmed to contain both 'healthy' and 'adults'; it also contains 'dementia', which in context is almost certainly an exclusion statement - I could not read the field verbatim to confirm that, so I am flagging it rather than asserting it.",not stated,"Field-scoped queries confirm the Main outcomes[OP] field contains memory, attention and executive (function); specific instruments not readable from the index.",Ongoing,No anticipated completion date readable. PROSPERO registration date (RIS DP field) 18/03/2026; review status Ongoing as of this session; within the registry's 'last 6 months' bucket.,ABSTAIN,,,,not_mapped,no mapping recorded for this registration,primary,2026-09-20,2baedf8,PENDING,,https://www.crd.york.ac.uk/PROSPERO/view/CRD420251208498
CRD420261307872,PROSPERO,reviews,,"Single-dose acute administration of methylphenidate or modafinil, any dosage and route, versus placebo. Chronic/repeated dosing, combination pharmacotherapy and non-pharmacological enhancement (training, brain stimulation, dietary supplements) all excluded.","Healthy adults — 'healthy adult participants (≥18 years old) without diagnosed psychiatric or neurological disorders'; ADHD and narcolepsy explicitly excluded. HEALTHY ADULTS: yes, clean.",not stated (systematic review; no target number of included studies given),"Spatial working memory performance operationalized as error rate, from computerized paradigms including CANTAB Spatial Working Memory and spatial N-back. Synthesized as Hedges' g under a random-effects model with prediction intervals; GRADE applied.",Ongoing (PROSPERO reviewstatus 'Ongoing'; PublicationStatus 'Registered'; editing status 'Amending' — record is being actively revised),"Registered 23 February 2026. Stated review start date 22 February 2026, end date 30 May 2026 — end date has PASSED while status remains Ongoing, i.e. completed-but-unpublished. Independently cross-registered on OSF Registries as https://osf.io/frqne/ (registered 2026-02-22).",ABSTAIN,,,,not_mapped,review pools methylphenidate AND modafinil; not a single-compound estimate,primary,2026-09-20,2baedf8,PENDING,,https://www.crd.york.ac.uk/PROSPERO/view/CRD420261307872
CRD420261321391,PROSPERO,inplasy-reviews,,"Acute polyphenol supplementation or polyphenol-rich foods (flavonoids, phenolic acids, stilbenes) vs placebo, under high-altitude / hypoxic exposure. Randomised designs only; dose and duration unrestricted beyond 'acute'.","'healthy young adults aged approximately 18–35 years'; participants with diagnosed neurological, psychiatric or metabolic disorders excluded. JUDGEMENT: unambiguously healthy adults — one of the cleanest population definitions found in this lane.",not stated,"Objective executive function — inhibition, working memory and cognitive flexibility, scored as accuracy, reaction time or standardised scores from Stroop, Flanker, Go/No-Go, N-back, Trail Making Test Part B, Tower of London, Wisconsin Card Sorting Test and CANTAB executive tasks","Ongoing — 'The review is currently planned or ongoing'; pilot work complete, formal searching not yet complete. First submitted 18 February 2026, registered 25 February 2026.",Review end date 18 February 2027 (registry-stated),ABSTAIN,,,,not_mapped,no mapping recorded for this registration,primary,2026-09-20,2baedf8,PENDING,,https://www.crd.york.ac.uk/PROSPERO/view/CRD420261321391
CRD420261324802,PROSPERO,reviews,,"Acute (single-dose) administration of methylphenidate, dextroamphetamine, lisdexamfetamine, atomoxetine, or modafinil. Dose unrestricted; chronic/repeated dosing explicitly excluded. Caffeine, antidepressants, antipsychotics and natural substances explicitly excluded.","Healthy adults — 'Adults with no record of psychiatric disorder or drug abuse'. HEALTHY ADULTS: yes, clean. Registration states the meta-analysis is 'focused exclusively on healthy individuals'.",not stated (systematic review; no target number of included studies given),"Objective working-memory task performance: N-Back, Digit Span, Spatial Working Memory, Sternberg Task, Rapid Information Processing Task. Metrics: accuracy, correct/incorrect responses, reaction time. Pooled as Cohen's d / Hedges' g.",Ongoing (PROSPERO reviewstatus 'Ongoing'; PublicationStatus 'Registered'; editing status 'live'/'Stable'),"Registered 05 March 2026. Stated review start date 23 February 2026, end date 23 November 2026. Last published version is VersionID 2.",ABSTAIN,,,,not_mapped,review pools five stimulants; not a single-compound estimate,primary,2026-09-20,2baedf8,PENDING,,https://www.crd.york.ac.uk/PROSPERO/view/CRD420261324802
CRD420261356864,PROSPERO,reviews,,"Antipsychotic drug administration versus placebo in randomized trials. Framed by the authors around off-label use, Phase I drug development and preoperative sedation.","Psychiatrically healthy adults — '≥18 years; confirmed absence of psychiatric diagnosis by structured interview (MINI, SCID) or equivalent; no current psychotropic medication; no history of psychotic disorder, bipolar I disorder, or dementia'. HEALTHY ADULTS: yes, and unusually rigorously operationalized.",not stated (systematic review; no target number of included studies given),"Performance on validated cognitive tests across all seven MATRICS consensus cognitive domains plus a composite cognitive score. Domain scores: speed of processing; attention/vigilance; working memory; verbal learning & memory; visual learning & memory; reasoning & problem solving; social cognition. Objective sedation measures (critical flicker fusion, saccadic eye movement velocity) also captured.",Ongoing (PROSPERO reviewstatus 'Ongoing'; PublicationStatus 'Registered'; editing status 'Stable'),"Registered 31 March 2026 (record dated 01 April 2026). Stated review start date 31 March 2026, end date 1 September 2026 — end date has just PASSED while status remains Ongoing. PubMed shows no matching publication.",ABSTAIN,,,,not_mapped,antipsychotics; no ledger row and not an enhancement question,primary,2026-09-20,2baedf8,PENDING,,https://www.crd.york.ac.uk/PROSPERO/view/CRD420261356864
CRD420261379316,PROSPERO,inplasy-reviews,,"Gingerols and/or shogaols (the pungent principles of ginger) — purified compounds, standardised extracts or ginger-based preparations where 6-gingerol / 6-shogaol are the identified active components. No restriction on form, dose, frequency or duration; single vs repeated dosing and isolated compound vs mixture are pre-specified comparisons. RCTs only, published and unpublished, any language.","'Studies involving healthy participants (no restriction on age or gender)', with 'Studies involving participants with diseases or clinical conditions' explicitly excluded. JUDGEMENT: healthy, and disease-free by explicit exclusion — but FLAGGING HONESTLY that the registrants set no lower age bound, so the eligible pool is healthy people generally rather than healthy adults specifically. The adult subset is where the ginger cognition literature actually sits.",not stated,"Cognition — attention, learning, memory (reported as one of five outcome families alongside pain sensation, mood, inflammatory markers and oxidative stress markers)","Ongoing — 'The review is currently planned or ongoing'. First submitted 26 April 2026, registered 6 May 2026; searches run to March 2026 and include ProQuest and Thai grey-literature repositories.","Review end date 26 August 2026 (registry-stated; elapsed, record still Ongoing and unpublished)",ABSTAIN,,,,not_mapped,no mapping recorded for this registration,primary,2026-09-20,2baedf8,PENDING,,https://www.crd.york.ac.uk/PROSPERO/view/CRD420261379316
CRD420261390811,PROSPERO,inplasy-reviews,,"Pharmacotherapeutic countermeasures — explicitly modafinil, caffeine, dextroamphetamine, zolpidem and melatonin — used to prevent or reduce flight fatigue during aviation missions. Non-pharmacological strategies and nutritional supplements are excluded.","Military aviation personnel eligible for flight duties (pilots, pilot trainees, navigators, mission operators, aircrew) under sleep deprivation, extended wakefulness, circadian disruption, night operations, simulated flight or real flight. Studies of these drugs for clinical disorders are excluded. JUDGEMENT: healthy adults — an occupationally selected, medically screened, fit-to-fly cohort; the stressor is operational, not pathological.",not stated,"'objective measures of vigilance, psychomotor performance, or simulated flight task performance' (subjective fatigue scales are reported alongside, but the objective performance measures are co-primary)","Ongoing — 'The review is currently planned or ongoing'; pilot work, formal searching and screening all marked complete, data extraction outstanding. Registered 9 May 2026.",Review end date 9 May 2027 (registry-stated),ABSTAIN,,,,not_mapped,"aviation panel pooling modafinil, caffeine, dextroamphetamine, zolpidem and melatonin",primary,2026-09-20,2baedf8,PENDING,,https://www.crd.york.ac.uk/PROSPERO/view/CRD420261390811
CRD420261447544,PROSPERO,inplasy-reviews,,"Oral or enteral exogenous lactate — sodium lactate, calcium lactate, magnesium lactate or free lactic acid — at any dose, single or repeated, pre/during/post exercise, acute or chronic. Intravenous infusion and rodent work are kept separate and used for mechanism only, never pooled with the human data.","'Healthy adults (≥18 years), recreationally active individuals, trained athletes, and elite athletes of both sexes.' Only metabolic-disorder and organ-failure patients are excluded. JUDGEMENT: healthy adults at the core — FLAGGING that over-65s and 12-17 year olds are admitted only for studies specifically examining age effects on cognition, so the eligible pool is not adult-exclusive, and that rodent studies are carried alongside for narrative mechanism.",not stated,"Cognitive function as a named primary human outcome with instruments specified: memory (HVLT), executive function (Stroop, N-back) and processing speed, effect-sized as Cohen's d, measured pre-exercise and up to 24 h post-exercise","Ongoing — 'The review is currently planned or ongoing'; pilot work, searching, screening and data extraction all marked complete, risk-of-bias and synthesis outstanding. Registered 12 July 2026.","Review end date 31 August 2026 (registry-stated; elapsed, record still Ongoing and unpublished)",ABSTAIN,,,,not_mapped,no mapping recorded for this registration,primary,2026-09-20,2baedf8,PENDING,,https://www.crd.york.ac.uk/PROSPERO/view/CRD420261447544
CRD420261488583,PROSPERO,reviews,,Acute caffeine intake versus placebo or non-caffeine control. Randomized trials only.,"Healthy adults — '18 years or older, regardless of sex, training or athletic status, or habitual caffeine consumption. Participants must be free from diagnosed medical, neurological, or psychiatric conditions that may materially affect cognitive performance.' Clinical populations and mixed-age samples that cannot be separated are excluded. HEALTHY ADULTS: yes, clean.",not stated (systematic review; no target number of included studies given),"Executive function overall and across three core domains (inhibitory control, working memory, cognitive flexibility/set shifting), classified per the Diamond framework. Measures: response accuracy, error rates, reaction time, interference effects, working-memory performance, switching/set-shifting costs.",Ongoing (PROSPERO reviewstatus 'Ongoing'; PublicationStatus 'Registered'; editing status 'Stable'),"Registered 28 August 2026 (record dated 29 August 2026). Stated review start date 28 August 2026, end date 20 October 2026 — the nearest FUTURE stated readout in this lane, one month out.",ABSTAIN,,,,not_mapped,no mapping recorded for this registration,primary,2026-09-20,2baedf8,PENDING,,https://www.crd.york.ac.uk/PROSPERO/view/CRD420261488583
CTRI/2025/07/091690,"CTRI (Clinical Trials Registry - India), via WHO ICTRP",ictrp-bulk,,"Three-way crossover: Oxymetazoline 0.05% nasal spray, one puff per nostril; Xylometazoline 0.1% nasal spray, one puff per nostril; placebo 0.9% normal saline nasal spray, one puff per nostril. 48-hour washout between drugs. Phase 4.","'Healthy human volunteers aged 18 35 years' who are normosmic. Exclusions: nasal disorders, allergies, chronic rhinitis, current smokers, URTI in the past 4 weeks, neurological or psychiatric disorders, cardiovascular disease or hypertension, current decongestant or antihistamine use. My judgement: healthy young adults, cleanly screened.",24,"Change in Stroop interference score and memory recall, measured by a 5-word memory recall test and the Stroop test, at 0, +5, +10, +30 and +60 minutes (registered jointly with odour identification score as the primary outcome)",Not Yet Recruiting (date of first enrolment 05-08-2025),no date stated,ABSTAIN,,,,not_mapped,no mapping recorded for this registration,primary,2026-09-20,2baedf8,PENDING,,https://trialsearch.who.int/Trial2.aspx?TrialID=CTRI%2F2025%2F07%2F091690
DRKS00036032,DRKS (German Clinical Trials Register),eu-national,,"Intranasal esketamine 1 mg/kg body weight (five 0.2 ml doses, 4 min apart, via LMA-7300-MAD atomization device) vs intranasal midazolam 5 mg vs sterile saline placebo, parallel-group randomized, blinded.","Healthy participants aged 18-60, both sexes; 'Healthy volunteers: Yes'; inclusion requires 'psychological and physiological health', psychiatric disorders excluded via MINI, no regular or acute medication. My judgement: healthy adults.",Target Sample Size 90,Secondary outcome: accuracy and reaction times in the n-back and MID (monetary incentive delay) tasks. Primary outcomes are fMRI/EEG network metastability and connectivity.,Recruiting ongoing; actual study start 2025-10-01,2027-05-01 (planned study completion date),ABSTAIN,,,,not_mapped,no mapping recorded for this registration,primary,2026-09-20,2baedf8,PENDING,,https://drks.de/search/en/trial/DRKS00036032
DRKS00036493,DRKS (German Clinical Trials Register),eu-national,,"Bioactive collagen peptides 0.8 g/day vs 5 g/day vs silicon dioxide placebo, one week of supplementation per arm, randomized double-blind crossover; testing pre-dose, 1 h and 2 h after intake at the end of each supplementation phase.","Adults 55-70, 'Healthy volunteers: Yes', condition free-text 'Cognitive health and sleep in the context of natural aging'; MMSE >=24, PHQ-9 <=9, major cognitive disorder and stroke excluded. Caveat you should weigh: inclusion also requires an indication of sleeping difficulty (Athens Insomnia Scale 6-15, the non-clinical-application version). I judge this healthy older adults with mild sleep complaint, not a patient group.",Target Sample Size 18; Final Sample Size 19,"Determination of different cognitive domains using a cognitive test battery, at the end of the supplementation phase (pre, 1 h and 2 h after study product intake). The battery is not named in the registry entry.","Recruiting complete, study complete (Actual Study Completion Date 2025-10-14); registered prospectively 2025-04-04; no results posted",no date stated (actual study completion 2025-10-14),ABSTAIN,,,,not_mapped,no mapping recorded for this registration,primary,2026-09-20,2baedf8,PENDING,,https://drks.de/search/en/trial/DRKS00036493
DRKS00037055,"DRKS (German Clinical Trials Register), via WHO ICTRP",ictrp-bulk,,"Four arms over 12 weeks alongside a standardised strength-training programme: creatine continued, creatine then discontinued, placebo continued, placebo then discontinued. Four-week familiarisation, four-week supplementation, four-week continuation-or-withdrawal. Sponsor: IST Hochschule fuer Management.","'Only healthy, strength-trained individuals are included in the study. People with physiological injuries or mental illnesses are not included.' Aged 18+, all sexes. DRKS 'Healthy volunteers: Yes'. My judgement: healthy trained adults.",44,"Cognition measured by Flanker Test and Stroop Test at baseline, T1 (4 weeks), T2 (4 weeks on creatine/placebo) and T3 (after the continuation/discontinuation phase) — registered as a secondary outcome. Primary outcomes are 1RM maximum strength and body composition.","Recruiting complete, study complete. Verified unpublished on drks.de/search/en/trial/DRKS00037055: 'Publications/study results: No Entry', 'Date of the first journal publication of results: No Entry', 'Basic Reporting / Results tables: No Entry'.",Date of completion 30/11/2025 (as stated in the registry record); no publication date stated,ABSTAIN,,,,not_mapped,creatine crossed with a standardised strength-training programme,primary,2026-09-20,2baedf8,PENDING,,https://trialsearch.who.int/Trial2.aspx?TrialID=DRKS00037055
DRKS00039036,DRKS (German Clinical Trials Register),eu-national,,"Periodized creatine: 5 g creatine daily for the first four weeks, then placebo for the next four weeks, taken each morning on waking, alongside resistance training; double-blind placebo-controlled.","Healthy adults aged 50 and over (no maximum age), both sexes; condition free-text 'age-related changes in muscle strength, muscle mass, and physical and cognitive performance in healthy adults aged 50 years and older'; no injuries or chronic illnesses contraindicating training or creatine. My judgement: healthy older adults.",Target Sample Size 20; Final Sample Size 24,"Secondary outcome: cognitive performance assessed using a Flanker/Stroop test, at baseline and after eight weeks. Primary outcomes are muscle strength and body composition.","Recruiting complete, study complete (Actual Study Completion Date 2025-11-30); registered retrospectively 2026-01-21; no results posted",no date stated (actual study completion 2025-11-30),ABSTAIN,,,,not_mapped,creatine crossed with resistance training,primary,2026-09-20,2baedf8,PENDING,,https://drks.de/search/en/trial/DRKS00039036
DRKS00039313,DRKS (German Clinical Trials Register),eu-national,,"Single dose of a multi-nutrient direct stick containing caffeine 160 mg, ginseng extract 20 mg, taurine 150 mg, L-arginine 50 mg, magnesium 150 mg, potassium 41.5 mg, zinc 3.25 mg, vitamin C 80 mg, vitamin B1 0.55 mg, vitamin B2 0.35 mg and further B vitamins; open-label crossover, measurements to 5 h post-intake.","Healthy participants aged 18-60, at least one third of each gender, BMI 19.0-35.0, normal or corrected visual acuity and normal pupil response; 'Healthy volunteers: Yes'. Condition free-text describes the normal diurnal phenomenon under study, not a disorder. My judgement: healthy adults.",Target Sample Size 18; Final Sample Size 18,"Cognitive test battery at 0 h, 2.5 h and 4.5 h (secondary outcome; battery not named). Primary outcome is the pupillary unrest index from the pupillographic sleepiness test at 0-5 h.","Recruiting complete, study complete (Actual Study Completion Date 2026-05-21); registered prospectively 2026-03-23",no date stated (actual study completion 2026-05-21),ABSTAIN,,,,not_mapped,"multi-nutrient stick: caffeine 160 mg with ginseng, taurine, arginine, minerals and B vitamins; caffeine not isolable",primary,2026-09-20,2baedf8,PENDING,,https://drks.de/search/en/trial/DRKS00039313
DRKS00040768,DRKS (German Clinical Trials Register),eu-national,,"10 g creatine per day plus systematic resistance training vs maltodextrin placebo plus the same training, 10 weeks; assessments at baseline, 5 weeks and 10 weeks. Randomization stratified by menopausal status, training frequency and age.","Physically active women aged 35-70 who have resistance-trained at least twice weekly for six months; condition free-text 'only health participants will be rekruited' [sic] and 'Healthy volunteers: Yes'; diagnosed cardiovascular or renal disease excluded. Menopausal stage is a stratification variable, not an enrolment diagnosis. My judgement: healthy adult women.",Target Sample Size 40; Final Sample Size 37,"Secondary outcome: cognitive performance assessed using the Eriksen Flanker Test and the Stroop Test, at baseline (T0), 5 weeks (T1) and 10 weeks (T2). Primary outcomes are 10RM strength and body composition.","Recruiting complete, study continuing; actual study start 2026-02-15",2026-06-30 (planned study completion date),ABSTAIN,,,,not_mapped,creatine plus systematic resistance training in both arms,primary,2026-09-20,2baedf8,PENDING,,https://drks.de/search/en/trial/DRKS00040768
INPLASY202690016,INPLASY,inplasy-reviews,,"Caffeine mouth rinse (Caf-MR) — a caffeine-containing solution rinsed in the mouth for a specified duration then expectorated WITHOUT ingestion. Eligible 'regardless of caffeine concentration or rinse duration, provided that caffeine was administered solely as a mouth rinse and was not combined with carbohydrate or other co-interventions.' Comparator: non-caffeinated control rinse.","Trained individuals who regularly take part in structured exercise or sport training, including competitive athletes; untrained/sedentary people excluded. JUDGEMENT: healthy adults — the protocol states outright that it studies 'trained individuals rather than a specific disease or clinical condition'.",Number of included studies not stated; the protocol says only that there was a 'limited number of eligible studies' and that this is why no quantitative meta-analysis was performed,"Objective cognitive performance: 'response speed/reaction time, attention, executive or inhibitory control, and response accuracy' (psychological responses such as RPE, arousal and mood are secondary)","Registered 3 September 2026 (retrospective registration), last updated 3 September 2026. 'Review Stage at time of this submission - Completed but not published.' Final database search 14 August 2026.",no date stated,ABSTAIN,,,,not_mapped,"caffeine MOUTH RINSE, expectorated without ingestion. The ledger estimate is for ingested caffeine; the trial exists precisely to separate oral and trigeminal signalling from systemic pharmacokinetics",primary,2026-09-20,2baedf8,PENDING,,https://inplasy.com/inplasy-2026-9-0016/
IRCT20241021063448N1,IRCT (Iranian Registry of Clinical Trials),eu-national,,"Propranolol 40 mg tablets vs placebo, combined with the Maastricht Acute Stress Test (MAST) or a lukewarm-water control condition; memory tested 24 h after word-list learning.","Healthy men aged 18-29, BMI 18.5-25, non-smokers, no current or past mental illness, no family history of mental illness, not taking medication or memory-enhancing drugs. My judgement: a tightly screened healthy-adult sample.","Target sample size 40 (20 control, 20 intervention)","Memory retrieval measured as number of memorized words in a free recall test, one day after stress induction (with frontal alpha asymmetry via EEG and salivary cortisol as co-primaries)","Recruitment complete; expected recruitment 2024-11-15 to 2025-03-20; no results link, and a targeted literature search found no matching publication",no date stated (expected recruitment end date 2025-03-20),ABSTAIN,,,,not_mapped,no mapping recorded for this registration,primary,2026-09-20,2baedf8,PENDING,,https://en.irct.ir/trial/79714
IRCT20251030067823N1,"IRCT (Iranian Registry of Clinical Trials), via WHO ICTRP",ictrp-bulk,,"Four arms: (1) Tea, (2) Lemon Verbena, (3) Tea and Lemon Verbena combined, (4) control group, no drink. Administered during a work shift; doses not stated in the registry record. Phase 3. Sponsor: Yazd University of Medical Sciences.","'employees with at least 1 year job experience'; exclusions are pregnancy, known psychiatric disorder, consumption of anti-depressive or sedative drugs, sleep disorders, and habitual tea drinking. Health condition field: 'Cognitive function.' My judgement: healthy working adults — no patient group, and the psychiatric/medication/sleep-disorder exclusions do the screening work.",128,"Attention score by Stroop Test; reaction time by Stroop test; memory span score by Wechsler — each measured at the start of the shift (pre-intervention), mid-shift and end of shift",Complete; no results recorded in the registry,no date stated,ABSTAIN,,,,not_mapped,no mapping recorded for this registration,primary,2026-09-20,2baedf8,PENDING,,https://trialsearch.who.int/Trial2.aspx?TrialID=IRCT20251030067823N1
IRCT20260723070323N2,IRCT (Iranian Registry of Clinical Trials),eu-national,,"Caffeine gum, caffeine capsules, caffeinated espresso mouthwash and their non-caffeinated counterparts, in randomized crossover combinations with washout, administered after experimentally induced mental fatigue; placebo condition included.","Male table tennis players aged 18-26 training at least three times weekly with official competition experience. No disease group named; condition free-text is 'Functional and Cognitive Indices After Mental Fatigue in Male Table Tennis Players'. My judgement: healthy trained adults, though 'healthy' is not stated verbatim.",Target sample size 18,"Reaction time in the Stroop cognitive test (milliseconds) and performance accuracy in the Stroop cognitive test (number of correct responses), measured after mental fatigue induction and following the intervention",Recruiting; expected recruitment 2026-08-21 to 2026-11-21; registered 2026-09-12,2026-11-21 (expected recruitment end date),ABSTAIN,,,,not_mapped,mixes ingested routes with a caffeinated espresso MOUTHWASH,primary,2026-09-20,2baedf8,PENDING,,https://en.irct.ir/trial/92354
ISRCTN66268301,ISRCTN,nonus,,"Three parallel arms, all on an exercise and diet intervention, supplements in stick packs twice daily for 12 weeks: (1) double placebo; (2) guanidinoacetic acid 2 g/day + creatine placebo; (3) guanidinoacetic acid 2 g/day + creatine monohydrate 10 g/day.","Male or female aged 45 to 75 years; registry field ""Healthy volunteers allowed: true""; no cognitive, neurological or disease inclusion criterion. Judgement: HEALTHY ADULTS (middle-aged to older) — clean. Note this is a compound-plus-lifestyle-intervention design, not compound alone.",75 actual enrolled against a target of 200 (substantially under-enrolled),"""Cognitive Function - COMPASS cognitive function test battery - 0 weeks (baseline), 6 weeks (1st follow-up), 12 weeks (2nd follow-up)"". Listed alongside body weight, DXA fat mass, percent body fat and waist-to-hip as co-primaries.","Recruitment closed — recruitment ran 08 September 2025 to 08 March 2026. No results or publications documented; data policy states ""Not expected to be made available"". Record last updated 20 November 2025.",Overall trial end date 08 June 2026 — i.e. the stated end date has already passed as of today (20 Sep 2026) with nothing published.,ABSTAIN,,,,not_mapped,all arms on an exercise and diet intervention; compound not isolable,primary,2026-09-20,2baedf8,PENDING,,https://www.isrctn.com/api/query/format/default?q=ISRCTN66268301
ISRCTN75484092,ISRCTN,nonus,,"Four-group randomised double-blind placebo-controlled parallel design, 60 days: PoZibio (heat-treated Lactobacillus paracasei D3.5) capsules, Cerbella soft gels (fish oil, ginseng, green tea extract), both, or double placebo.","Healthy middle-aged and older adults, age 55+ years, able to consent and attend centre visits. Judgement: HEALTHY ADULTS — clean; the title itself specifies healthy middle-aged and older adults and no cognitive-impairment criterion is applied.",117 actual enrolled against a target of 120,"""Cognitive Control (Selective attention, response inhibition and processing speed) measured using the Stroop Task in EPrime"" and ""Working memory and mental flexibility, measured using the NBack Task in EPrime"", with EEG event-related potentials (N2, P3, LPC) as further co-primaries.","Registry shows the record at ""Protocol"" stage with no results; recruitment 08 September 2024 to 31 May 2025 (earlier record text gives a Sept 2023 to Aug 2025 window). Primary outcome wording current as of 27 October 2025.","Overall trial end date 31 August 2025 — already passed, with the record still showing protocol stage and no publication.",ABSTAIN,,,,not_mapped,four-arm design; registration does not isolate a single compound,primary,2026-09-20,2baedf8,PENDING,,https://www.isrctn.com/api/query/format/default?q=ISRCTN75484092
ISRCTN85608856,ISRCTN,cholinergic,,"Six weeks of omega-3 fatty acids plus curcumin plus citicoline, with and without creatine monohydrate and guanidinoacetic acid, versus maltodextrin placebo. Individual ingredient doses are not stated in the registry fields I retrieved, so no dose should be assumed. CAVEAT: citicoline is one of three or five co-administered compounds and its contribution cannot be isolated.","Healthy volunteer adults aged 18 to 65 years (healthyVolunteersAllowed = true, age range 18-65, all genders). Exclusions include diagnosed cognitive impairment or neurological disease, uncontrolled cardiometabolic disease, medically treated major psychological or depressive disorder, B12/B6/folate deficiency and homocysteine above 50 μmol/L. My judgement: healthy adults, with an unusually thorough screen that removes the subclinical-deficiency cases where choline precursors most plausibly help — which arguably biases the trial toward a null.",150 (target enrolment); totalFinalEnrolment currently 0,"Cognitive Function measured with the COMPASS cognitive function test battery at 0 weeks (baseline) and 6 weeks (follow-up). The battery comprises immediate and delayed word recall, delayed word recognition, delayed picture recognition, the Corsi blocks task and digit span. Note that body weight, waist-to-hip circumference and DXA body composition are listed as co-primary outcomes alongside cognition.","The ISRCTN record returned by the registry's default API format carries no recruitment-status string, and the alternate API formats returned HTTP 400, so I am reporting dates rather than a status word. The record states recruitment start 2026-06-01 and recruitment end 2027-06-01, and was last updated 2026-06-04 (version 10, isPublished true).",Overall end date 2027-08-31; recruitment ends 2027-06-01; record last updated 2026-06-04. This is the longest-dated readout in the lane.,ABSTAIN,,,,not_mapped,omega-3 plus curcumin plus citicoline; no single compound isolable,primary,2026-09-20,2baedf8,PENDING,,https://www.isrctn.com/ISRCTN85608856
JPRN-UMIN000055557,"JPRN / UMIN-CTR, via WHO ICTRP",ictrp-bulk,,"Test article, 2 tablets daily for 12 weeks vs placebo, 2 tablets daily for 12 weeks. Test article is a food containing phospholipids with plasmalogens derived from porcine brain. Sponsor: Japan Clinical Trial Association.","Healthy adults, 40 years and over, male and female. Health condition field: 'Healthy adult'. My judgement: healthy adults.",36 target; 38 actually enrolled per the UMIN record,"WMS-R (Wechsler Memory Scale-Revised), alongside WHO-5-J","Completed, unpublished. Verified on center6.umin.ac.jp (recptno R000063490): 'Publication of results: Unpublished'; Result and Results date posted empty; Last follow-up 2024/12.",ICTRP 'Date of completion' 13/12/2024; no publication date stated,ABSTAIN,,,,not_mapped,no mapping recorded for this registration,primary,2026-09-20,2baedf8,PENDING,,https://trialsearch.who.int/Trial2.aspx?TrialID=JPRN-UMIN000055557
JPRN-UMIN000056210,"JPRN / UMIN-CTR, via WHO ICTRP",ictrp-bulk,,"Capsules containing olive juice powder (Hytolive, a hydroxytyrosol-standardised olive fruit water extract) for 12 weeks vs placebo food for 12 weeks. Dose not stated in the registry record.","Healthy adults, 50 years and over, male and female. Health condition field: 'Healthy adults'. Exclusions include subjects with severe hearing and vision impairment. My judgement: healthy middle-aged and older adults.",80,"Cognitrax (CNS Vital Signs computerised battery). Secondary outcomes include MoCA-J, SF-36, WHO-5 and serum BDNF.","Completed, unpublished. Verified on center6.umin.ac.jp (recptno R000064215): 'Publication of results: Unpublished'; Result and Results date posted empty; Last follow-up 2025/04.",ICTRP 'Date of completion' 25/04/2025; no publication date stated,ABSTAIN,,,,not_mapped,no mapping recorded for this registration,primary,2026-09-20,2baedf8,PENDING,,https://trialsearch.who.int/Trial2.aspx?TrialID=JPRN-UMIN000056210
JPRN-UMIN000057140,"JPRN / UMIN-CTR, via WHO ICTRP",ictrp-bulk,,Intake of cyclic dipeptide for 12 weeks vs placebo for 12 weeks. Sponsor: Shiba Palace Clinic. Dose not stated in the registry record.,"Healthy adults, 60 years and over, male and female. Health condition field: 'Healthy adults'. My judgement: healthy older adults.",60 target; 62 actually enrolled per the UMIN record,"RBANS (Repeatable Battery for the Assessment of Neuropsychological Status) and Cognitrax, before and 12 weeks after intake","Completed (UMIN 'Recruitment status: Completed'), unpublished. Verified on center6.umin.ac.jp (recptno R000065291): 'Publication of results: Unpublished'; Result, Results date posted and Date of the first journal publication of results all empty; Last follow-up 2025/07.",ICTRP 'Date of completion' 31/07/2025; no publication date stated,ABSTAIN,,,,not_mapped,no mapping recorded for this registration,primary,2026-09-20,2baedf8,PENDING,,https://trialsearch.who.int/Trial2.aspx?TrialID=JPRN-UMIN000057140
JPRN-UMIN000059422,"JPRN / UMIN-CTR, via WHO ICTRP",ictrp-bulk,,"Oral intake of 3 g of powder containing amino acids once daily vs 3 g of powder without amino acids, for 12 weeks. Sponsor: National Center for Geriatrics and Gerontology (NCGG), Japan.","Healthy community-dwelling older adults, 60 years and over, male and female. Health condition field: 'Healthy older adults'. My judgement: healthy older adults.",80,Change from baseline to 12 weeks in: NCGG-FAT composite score; Japanese Mini-Mental State Examination; Trail Making Test Part A and Part B; Word list memory-I and Word list memory-II; Symbol Digit Substitution Task; Digit Span Test,No longer recruiting / follow-up continuing. Verified on center6.umin.ac.jp (recptno R000067958): 'Publication of results: Unpublished'; Result and Results date posted empty; Last follow-up date 2026/06. ICTRP again wrongly flags 'Results available: Yes'.,ICTRP 'Date of completion' 30/06/2026; UMIN last follow-up date 2026/06,ABSTAIN,,,,not_mapped,no mapping recorded for this registration,primary,2026-09-20,2baedf8,PENDING,,https://trialsearch.who.int/Trial2.aspx?TrialID=JPRN-UMIN000059422
JPRN-UMIN000062031,"JPRN / UMIN-CTR, via WHO ICTRP",ictrp-bulk,,"Product containing water-soluble polyphenol, one tablet three times daily (breakfast, lunch, dinner; three tablets/day total) with water for 8 weeks, vs an identical product not containing polyphenol. Sponsor: Toyo Sugar Refining Co., Ltd.","Healthy adults, 18 years and over, male and female. Health condition field: 'Healthy adults'. My judgement: healthy adults.",60,The measured value of the standardized score of complex attention on Cognitrax (CNS Vital Signs computerised battery) at 8 weeks after consumption,"Recruiting. Verified on center6.umin.ac.jp (recptno R000070970): 'Publication of results: Unpublished'; Result, Results date posted and Date of the first journal publication of results are all empty; Last follow-up date 2026/12/17. NOTE: ICTRP wrongly flags this record 'Results available: Yes' while it is still recruiting.",Last follow-up date 2026/12/17 (UMIN); ICTRP 'Date of completion' 17/12/2026,ABSTAIN,,,,not_mapped,no mapping recorded for this registration,primary,2026-09-20,2baedf8,PENDING,,https://trialsearch.who.int/Trial2.aspx?TrialID=JPRN-UMIN000062031
JPRN-jRCTs031240602,"JPRN / jRCT (Japan Registry of Clinical Trials), via WHO ICTRP",ictrp-bulk,,"Two arms of oral CNS-acting drug vs placebo: (1) pseudoephedrine or placebo, (2) modafinil or placebo. Double-blind, placebo-controlled, crossover. CNS effects evaluated by [18F]FE-PE2I PET, cognitive tasks and fMRI. Doses not stated in the registry record.","Healthy Japanese men, 20 to under 40 years, normal BMI 18.5-25, never-smokers, 'Subjects with no history of psychiatric and/or neurological disorders'. Health condition field reads simply 'healthy'. My judgement: healthy adults, and unusually strictly screened (funder is the Japan Anti-Doping Agency).",12,"Cognitive performance is a secondary outcome: 'Correct response rate and reaction time of cognitive tasks performed by subjects during fMRI imaging' plus 'Assessment of cognitive function by cognitive function test'. The registered PRIMARY outcome is DAT binding capacity in striatum, nucleus accumbens, thalamus and substantia nigra by [18F]FE-PE2I PET.",Recruiting,no date stated,ABSTAIN,,,,not_mapped,"pseudoephedrine and modafinil arms, doses not stated in the registry",primary,2026-09-20,2baedf8,PENDING,,https://trialsearch.who.int/Trial2.aspx?TrialID=JPRN-jRCTs031240602
NCT04273776,ClinicalTrials.gov,outcome-ctgov,,"Suvorexant 10 mg vs zolpidem 5 mg vs placebo (Avicel), Early Phase 1; Walter Reed Army Institute of Research","Healthy volunteers 18-39, English as a first language, habitual sleep 6-9 h, no sleep disorder and no sleep-aid use in the prior 3 months. Judgement: clean healthy-adult population.",90 (estimated),Consolidation of episodic memory (word-list presentation and recall) over 5 days; plus psychomotor vigilance test reaction time over 4 days,ACTIVE_NOT_RECRUITING (no results posted; primary completion already reached),Primary completion 2024-11-21 (ACTUAL); study completion 2025-12-12 (estimated),ABSTAIN,,,,not_mapped,no mapping recorded for this registration,primary,2026-09-20,2baedf8,PENDING,,https://clinicaltrials.gov/study/NCT04273776
NCT05483465,ClinicalTrials.gov,frontier,,"Nicotinamide riboside, registered as ""Oral NR, 1g/day per os for 8 weeks"", against a visually identical placebo. Sponsor: University of Oklahoma.","Community-dwelling adults aged 60-85 with Mini-Mental State Exam >=24, competent to consent; active CNS disease, recent stroke, major uncontrolled psychiatric illness, and abnormal kidney/liver function all excluded. Registry healthy-volunteers flag = Yes. My judgement: HEALTHY OLDER ADULTS. The MMSE >=24 floor screens out dementia; there is no cognitive-complaint entry requirement, so this is not a subjective-cognitive-decline cohort.",214 (ESTIMATED enrolment target),"Objective cognition sits in the secondary outcomes as a full NIH Toolbox panel: Attention (Flanker Inhibitory Control), Episodic Memory (Picture Sequence Memory Test), Working Memory (List Sorting), Processing Speed (Pattern Comparison), Executive Function and Language. The four primary outcomes are neurovascular coupling measured by fNIRS, transcranial Doppler, dynamic retinal vessel analysis and EEG — the fNIRS and Doppler measures are acquired while participants perform the cognitive n-back task, so a behavioural n-back readout exists but is not separately registered as a scored outcome.",Recruiting,Primary completion 2027-06 (estimated); overall completion 2027-12 (estimated). Last update posted 2026-04-01.,ABSTAIN,,,,not_mapped,nicotinamide riboside; no ledger row,primary,2026-09-20,2baedf8,PENDING,,https://clinicaltrials.gov/study/NCT05483465
NCT06021223,ClinicalTrials.gov,outcome-ctgov,,"Chicken extract supplement (a carnosine/anserine/L-histidine-rich hydrolysate), 140 mL daily for 2 weeks, high-dose vs low-dose vs placebo (Brand's Suntory Asia)","Adults 35-64 ""assessed by investigator to be in good health"" with ""Normal cognition based on investigator's clinical judgement""; neurological and cerebrovascular disease excluded. Judgement: healthy adults (note: modified PSQI >5 is required, i.e. enriched for poorer sleep quality, but cognition is explicitly normal).",189 (actual),"Reaction time and sustained attention composite on the CogState Brief Battery at Day 14; plus Deary-Liewald reaction time task, psychomotor vigilance test, and Trail Making Test","COMPLETED 2025-01-08, no results posted (last registry update 2025-09-16)",Completed 2025-01-08 (ACTUAL); no posted-results date stated,ABSTAIN,,,,not_mapped,no mapping recorded for this registration,primary,2026-09-20,2baedf8,PENDING,,https://clinicaltrials.gov/study/NCT06021223
NCT06041048,ClinicalTrials.gov,stimulant,,"Modafinil, single 200 mg oral dose vs. placebo, in healthy control subjects, with high-resolution neuromelanin-sensitive brainstem MRI (Phase 4)","Typically developing healthy adults aged 18-60; schizophrenia, psychosis, focal neurological disorder and severe substance use disorder excluded. Registry condition field reads ""Attention - no Condition is Being Assessed - Healthy Adults""; healthyVolunteers flag = true. My judgement: HEALTHY ADULTS.",40 (estimated enrolment),"CAVEAT — the sole primary outcome is BOLD brain activity, NOT a cognitive test. The objective cognitive measure is SECONDARY: response time and accuracy on the Oddball and POP sustained-attention tasks. Include only if secondary endpoints are acceptable to the project.",Recruiting,Primary completion and completion both 2026-12-19 (ESTIMATED); last update posted 2026-06-18,ABSTAIN,,,,endpoint_not_cognitive,"sole primary outcome is BOLD brain activity, not a cognitive test. The critic verified the DESIGN is otherwise excellent (randomised crossover, triple-masked, healthy 18-60, n=40) and it is the only clean pending healthy-adult modafinil readout in the sweep. Excluded anyway: a cognition call cannot be graded on a BOLD primary. Its objective cognitive measures are secondary and could support a secondary-tier prediction if that tier is ever scored separately",primary,2026-09-20,2baedf8,PENDING,,https://clinicaltrials.gov/study/NCT06041048
NCT06192407,ClinicalTrials.gov,outcome-ctgov,,"7-day fully-provided high-oleic-acid diet (100% hazelnut oil supplement) vs high-palmitic-acid diet (palm oil 89% / peanut oil 6.75% / virgin olive oil 4.25%), crossover; University of Vermont",Men and women 65-75 with normal cognition and BMI 20-40; significant cognitive or behavioural impairment is an explicit exclusion. Judgement: healthy older adults.,60 (estimated),"Accuracy on the N-back working memory test performed during fMRI, after 7 days of each diet",RECRUITING (no results posted),Primary completion 2028-07-30 (estimated); study completion 2028-10-31 (estimated),ABSTAIN,,,,not_mapped,no mapping recorded for this registration,primary,2026-09-20,2baedf8,PENDING,,https://clinicaltrials.gov/study/NCT06192407
NCT06367738,ClinicalTrials.gov,glutamatergic,,"Psilocybin, single dose, stated on the registration as 'Psilocybin 1-30 mg'. Outcomes assessed at baseline, week 1 and week 4.","Healthy older adults aged 60-85. HealthyVolunteers flag = true; condition listed as 'Aging'. Inclusion criteria are logistical and capacity-related (able to attend visits, swallow capsules, normal or corrected-to-normal vision, identified support person) with no disease requirement. Judgement: clean healthy-older-adult population — explicitly not MCI or dementia.",40 (estimated enrolment),"The PRIMARY outcome is imaging, not cognition: mean diffusivity in prefrontal cortex and hippocampus on diffusion-weighted MRI. The objective cognitive measures are SECONDARY, and they are a full neuropsychological battery: California Verbal Learning Test, Second Ed. (CVLT-II); Logical Memory and Visual Reproduction from the Wechsler Memory Scale-Third Edition; Penn Conditional Exclusion Test (PCET); recognition memory (REC); and lure discrimination index (LDI). Flagging the primary/secondary split explicitly so no one over-reads it.",Recruiting,Primary completion date 2026-12-30; study completion date 2027-12-30. Last update posted 2025-10-21.,ABSTAIN,,,,endpoint_not_cognitive,"primary outcome is imaging (mean diffusivity), not cognition",primary,2026-09-20,2baedf8,PENDING,,https://clinicaltrials.gov/api/v2/studies/NCT06367738
NCT06374641,ClinicalTrials.gov,outcome-ctgov,,"Unnamed ""Mitochondrial Substrate"" supplement, 65 mL drink twice daily for ~16 days, vs matched placebo drink (University of Exeter)","Adults 18-30 and 50-65 (the 31-49 band is explicitly excluded), not overweight/obese, no cardiovascular, respiratory, metabolic or musculoskeletal disorders, not using dietary supplements or tobacco. Judgement: healthy adults, deliberately split into a young and an older cohort.",40 (actual),Stroop test administered by computerised system at Day 15; plus a computerised decision reaction test at Day 15,"COMPLETED 2025-06-06, no results posted (last registry update 2026-05-12)",Completed 2025-06-06 (ACTUAL); no posted-results date stated,ABSTAIN,,,,not_mapped,no mapping recorded for this registration,primary,2026-09-20,2baedf8,PENDING,,https://clinicaltrials.gov/study/NCT06374641
NCT06431932,ClinicalTrials.gov,frontier,,"Fisetin 20 mg/kg/day for two consecutive days, versus matching placebo capsules, with follow-up to three months. Sponsor: Ove Andersen, Denmark.","TWO COHORTS, and I am flagging the mix explicitly. Cohort 1: healthy volunteers aged 20-35 with suPAR <3.5 ng/mL, no chronic diagnosis, no prescribed medication except contraceptives, no prior cancer. Cohort 2: acutely hospitalised medical patients aged >=65 with suPAR >5 ng/mL and multimorbidity (>=2 chronic diagnoses). Registry healthy-volunteers flag = Yes, condition field lists both 'Multimorbidity' and 'Healthy'. My judgement: MIXED. Only the young cohort is healthy, and the three-month cognitive follow-up plausibly applies mainly to the older multimorbid cohort — the registration does not state which cohort each secondary outcome is scored in, which is the main weakness of this entry.","60 (ESTIMATED, across both cohorts)","Two objective cognitive measures registered as SECONDARY outcomes: the Digit Symbol Substitution Test (scored as number of correct symbols — an objective processing-speed test) and the Montreal Cognitive Assessment. Primary outcomes are a population pharmacokinetic model for fisetin and its metabolites, adverse events, and change in plasma suPAR.",Recruiting,Primary completion and overall completion both 2028-12-31 (estimated). Last update posted 2026-05-19. This is the most distant readout I am reporting.,ABSTAIN,,,,not_mapped,fisetin; no ledger row,primary,2026-09-20,2baedf8,PENDING,,https://clinicaltrials.gov/study/NCT06431932
NCT06682767,ClinicalTrials.gov,frontier,,"Rapamycin 1 mg daily for approximately 8 weeks, versus a fasting-mimicking diet (3 cycles of 5 days), versus matched placebo pill. Sponsor: Cedars-Sinai Medical Center.","Adults aged 45-65 carrying at least one APOE e4 allele, BMI 20-39, on stable medication for 3 months. Excludes significant depression (PHQ-9>9), generalised anxiety (GAD-7>9) and any diagnosed significant neurological condition. Registry healthy-volunteers flag = No. My judgement: COGNITIVELY HEALTHY MIDDLE-AGED ADULTS, GENETICALLY ENRICHED — flagging explicitly. APOE e4 carriage is a genotype, not a diagnosis, and no participant has dementia or MCI, so this is not a patient group; but the sponsor frames the sample as at elevated Alzheimer's risk, and a strict reading of 'healthy adults' may want this excluded. I report it because the risk enrichment is genetic rather than symptomatic.",60 (ESTIMATED enrolment target),Cognition is a registered SECONDARY outcome measured by the NIH Toolbox Flanker and Pattern Comparison tests together with the Mayo Preclinical Alzheimer's Cognitive Composite — all objective performance measures. The sole primary outcome is safety (number of adverse events); cerebral blood flow by arterial spin labelling is the other secondary.,Not yet recruiting,"Start 2026-11 (estimated), primary completion 2028-03 (estimated), overall completion 2028-06 (estimated). Last update posted 2026-09-16 — four days before this search, so the record is live and actively maintained rather than abandoned.",ABSTAIN,,,,not_mapped,rapamycin; no ledger row,primary,2026-09-20,2baedf8,PENDING,,https://clinicaltrials.gov/study/NCT06682767
NCT06690892,ClinicalTrials.gov,nutraceutical,,"Ready-to-eat beef, 25 oz/week (5 portions) vs control 5 oz/week (5 x 1-oz portions), for 12 weeks","Healthy adults aged 19-24, BMI 18.5-39.9, living within 75 miles of Lincoln, NE. Judgement: healthy adults. Explicitly excludes any diagnosed cognitive or metabolic disease, eating or anxiety disorders, and current/recent nicotine use.",240 (ESTIMATED),"WAIS-V (Wechsler Adult Intelligence Scale, 5th edition) plus NIH Toolbox Flanker, Dimensional Change Card Sort, and List Sorting Working Memory Test, all at baseline and 12 weeks",RECRUITING,Primary completion and overall completion both 2026-09 (estimated); last update posted 2026-05-29,ABSTAIN,,,,not_mapped,"beef portions; a whole-food exposure, not a compound",primary,2026-09-20,2baedf8,PENDING,,https://clinicaltrials.gov/study/NCT06690892
NCT06692192,ClinicalTrials.gov,glutamatergic,,"Psilocybin 25 mg or 1 mg, each combined with either midazolam or saline placebo, in a four-cell design. The midazolam regimen is explicitly intended 'to induce amnesia of the psychedelic experience without inducing over-sedation during the dosing session.' Participants also undergo MRI and TMS/EEG.","Adults aged 18-65, physically healthy, with no exclusionary DSM-5 psychiatric diagnosis. HealthyVolunteers flag = true. FLAG: participants are selected for a 'Modest decrement in self-reported wellbeing without the presence of a DSM-5 Axis I mood or anxiety disorder' — so this is a healthy, non-clinical sample deliberately enriched for mildly reduced wellbeing, not a patient group and not subjective cognitive decline. Stating it explicitly so the enrichment is visible.",60 (estimated enrolment),"'Change in Probabilistic Reversal Learning (PRL)' — an objective learning task in which participants choose between two stimuli, learn which is more likely to be rewarded from trial-by-trial feedback, and must re-learn when the contingency reverses. It is listed as a PRIMARY outcome alongside WEMWBS, BEAQ and TMS-evoked potential amplitude.",Recruiting,Primary completion and study completion both 2027-12. Last update posted 2026-08-13.,ABSTAIN,,,,post_acute_endpoint,follow-up study of persisting effects; the ledger estimate is acute/on-drug,primary,2026-09-20,2baedf8,PENDING,,https://clinicaltrials.gov/api/v2/studies/NCT06692192
NCT06768944,ClinicalTrials.gov,glutamatergic,,"Psilocybin (PEX010 capsules, drug substance PYEX 12.5-14.0% psilocybin) at high dose or low dose, combined with either risperidone 1 mg or inactive placebo. Risperidone is used to block the subjective effects of psilocybin. The registration does not state the mg values of 'high' and 'low'.","Healthy adults aged 18-65, all sexes and gender identities. HealthyVolunteers flag = true. Exclusions include any notable ECG or laboratory abnormality and current psychiatric diagnoses such as major depressive disorder, generalized anxiety disorder, panic disorder, social anxiety disorder and OCD. Judgement: clean healthy-adult population; the title itself says 'in Healthy Adults'.",128 (estimated enrolment),"The PRIMARY outcome is self-report (Persisting Effects Questionnaire), so the objective cognitive measures are SECONDARY — flagging that split. They are: 'Cognitive Flexibility', measured by the Berg Card Sorting Task, a set-shifting measure modelled on the Wisconsin Card Sorting Task scored on perseverative errors; and 'Reinforcement Learning', measured by a three-armed bandit task in which the reward probabilities of three targets change across trials.",Recruiting,Primary completion 2027-12; study completion 2028-01. Last update posted 2026-09-02.,ABSTAIN,,,,endpoint_not_cognitive,primary outcome is self-report (Persisting Effects Questionnaire),primary,2026-09-20,2baedf8,PENDING,,https://clinicaltrials.gov/api/v2/studies/NCT06768944
NCT06780774,ClinicalTrials.gov,stimulant,,"Capsule blend containing 120 mg caffeine plus vitamins, minerals and botanical extracts vs. placebo (17 mg marigold extract and brown rice flour); randomized double-blind placebo-controlled crossover, with acute testing on day 1 and chronic testing after 29 days of supplementation","Self-assessed healthy volunteers aged 18-75, habitual caffeine 40-500 mg/day, fluent English. Registry healthyVolunteers flag = true. My judgement: HEALTHY ADULTS, though note the population is self-assessed rather than clinically screened, and the 18-75 range spans healthy young and healthy older adults.",90 (estimated enrolment),"Attention cognitive domain factor score, derived from computerized tasks administered via the Computerised Mental Performance Assessment System (COMPASS, Northumbria University) — sole primary. Working Memory, Episodic Memory and Executive Function domain factor scores are secondary.",Not yet recruiting,Primary completion and completion both 2025-12-19 (ESTIMATED); last update posted 2025-02-10. STALE — stated start was 2025-02-24 and the record has not been updated in over 18 months while still flagged Not yet recruiting. Any prediction must be conditioned on the trial actually running.,ABSTAIN,,,,not_mapped,"caffeine blended with vitamins, minerals and botanicals; caffeine not isolable",primary,2026-09-20,2baedf8,PENDING,,https://clinicaltrials.gov/study/NCT06780774
NCT06900452,ClinicalTrials.gov,outcome-ctgov,,"Pistachio-enriched muesli breakfast at 0.5 serving (15 g), 1 serving (30 g) or 2 servings (60 g) vs a macronutrient-matched placebo breakfast; acute, 6-hour postprandial (University of Reading)","Healthy older adults 65-80 with normal MMSE (26-30), normal BMI for age, low habitual fruit/veg intake; psychiatric/psychological diagnoses, ADHD, dyslexia and cardiometabolic disease all excluded. Judgement: healthy older adults with cognition explicitly screened normal.",52 (estimated),"Rey Auditory Verbal Learning Task delayed recall, measured at baseline and at 2 h, 4 h and 6 h post-meal",RECRUITING (no results posted; last registry update 2025-05-07),"Primary completion 2025-11 (estimated - date now elapsed, registry not yet updated); study completion 2026-02 (estimated)",ABSTAIN,,,,not_mapped,no mapping recorded for this registration,primary,2026-09-20,2baedf8,PENDING,,https://clinicaltrials.gov/study/NCT06900452
NCT07119788,ClinicalTrials.gov,nutraceutical,,"6 g freeze-dried haskap (honeyberry) powder, or 6 g haskap powder fortified with potassium iodide, zinc bisglycinate, vitamin B5 and vitamin B12, vs calorie-matched colour/flavour-matched placebo powder. Acute (2 h) and 4-week arms.","Adults aged 50 and over with fruit and vegetable intake of 4 servings/day or less and normal BMI for age. Judgement: healthy adults. Excludes diagnosed psychological/psychiatric disorders, ADHD, dyslexia, cardiometabolic disease, untreated hypertension and blood thinners.",90 (ESTIMATED),"Delayed recall on the Rey Auditory Verbal Learning Task (RAVLT), at baseline, 2 hours and 4 weeks",RECRUITING,"Primary completion 2026-02 (estimated); overall completion 2026-04 (estimated); last update posted 2025-08-13. Both stated dates have passed with no results posted, so this is a completed-but-unpublished candidate.",ABSTAIN,,,,not_mapped,haskap/honeyberry powder; no ledger row,primary,2026-09-20,2baedf8,PENDING,,https://clinicaltrials.gov/study/NCT07119788
NCT07135232,ClinicalTrials.gov,stimulant,,"Two capsules delivering 20 mg sarmentosin plus 400 mg L-theanine daily vs. taste- and appearance-matched placebo, factorially crossed with home-based resistance training over 12 weeks — a compound-plus-training design","Perimenopausal women aged 40-55, not on HRT or hormonal contraception for at least one year, not currently resistance training. Registry healthyVolunteers flag = true. My judgement: HEALTHY ADULTS — perimenopause is a life stage, not a disease state — but flag that symptom burden is an enrolment focus and the co-primary endpoints are depressive symptoms, so this sits closer to the healthy/symptomatic boundary than the other findings.",72 (estimated enrolment),"Change in Sustained Attention, measured as the signal-detection sensitivity index A-prime on the CANTAB Rapid Visual Information Processing task, at Week 1 and Week 12 (listed among the primary outcomes). Verbal episodic memory and working memory performance are secondary.",Recruiting,Primary completion 2027-03-01 (ESTIMATED); overall completion 2027-04-01 (ESTIMATED); last update posted 2026-03-27,ABSTAIN,,,,not_mapped,"sarmentosin plus L-theanine, factorially crossed with resistance training",primary,2026-09-20,2baedf8,PENDING,,https://clinicaltrials.gov/study/NCT07135232
NCT07216781,ClinicalTrials.gov,hormonal,,"Klotho nonviral plasmid gene therapy, described as ""Injection of plasmid-delivered Klotho gene therapy"", administered by subcutaneous injection into abdominal fat. Dose not stated on the record. Assessments span 1 month pre-injection to 6 months post.","HEALTHY ADULTS - clean fit. Healthy-volunteers flag true; condition listed as ""Healthy Adults""; ages 23-90, all sexes. Exclusions are cancer history, preexisting conditions that could be exacerbated by treatment, and prior gene therapy within 12 months. Very wide age band (23-90) means the sample mixes young and older healthy adults.",14 (ACTUAL enrolment),"Cognition is secondary (all eight primaries are serum alpha-Klotho, FGF23, PTH, calcitriol, phosphorus, urinary phosphate, cystatin C and PRO-CTCAE adverse events). Objective cognitive endpoints: ""Change From Baseline in Flanker Inhibitory Control and Attention Test T-Score (Mean 50 +/- 10)"", ""Change From Baseline in Pattern Comparison Processing Speed Test T-Score (Mean 50 +/- 10)"", ""Change From Baseline in Picture Sequence Memory Test T-Score, Forms A and B (Mean 50 +/- 10)"", plus a ""Cognitive Performance Index and Domain Percentiles Derived From Kernel Flow functional near-infrared spectroscopy (fNIRS) and Behavioral Metrics"".",ACTIVE_NOT_RECRUITING,"Primary completion date 2026-08 (ESTIMATED); study completion date 2026-08 (ESTIMATED); start date 2025-10-06 (ACTUAL); last update posted 2026-08-27. hasResults is false. The estimated completion month has just passed, so this is an imminent readout.",ABSTAIN,,,,not_mapped,klotho gene therapy; no ledger row,primary,2026-09-20,2baedf8,PENDING,,https://clinicaltrials.gov/study/NCT07216781
NCT07235878,ClinicalTrials.gov,nutraceutical,,"Magnesium hydroxide 375 mg, 2 capsules per day for 12 weeks, vs placebo",Women aged 40-60 who self-assess as healthy and report troublesome perimenopause symptoms but are not post-menopausal. Judgement: healthy adults. Excludes anyone on antidepressant/antianxiety medication or any drug likely to affect cognition or sleep in the past 6 months.,58 (ESTIMATED),"Numeric working memory task % accuracy and reaction time; plus 3-back accuracy/RT, Corsi blocks span, alphabetic working memory, and word/picture recognition accuracy and RT, all as co-primaries",ACTIVE_NOT_RECRUITING,Primary completion 2026-10-18 (estimated); overall completion 2026-12-01 (estimated); last update posted 2026-08-05,ABSTAIN,,,,not_mapped,magnesium; no ledger row,primary,2026-09-20,2baedf8,PENDING,,https://clinicaltrials.gov/study/NCT07235878
NCT07267559,ClinicalTrials.gov,outcome-ctgov,,"Daridorexant 50 mg, single acute oral dose in an opaque capsule, vs encapsulated lactose placebo (Phase 4; University of Oxford)","Healthy adults 18-40, excluding any sleep/circadian disorder and any clinically significant mental health condition. Judgement: clean healthy-adult population.",62 (estimated),"Affective Go/No-Go Task computational parameter estimates (task-model fits to objective response behaviour), measured 1-2 h post-dose; plus Pavlovian Aversive Learning Task parameter estimates",RECRUITING (no results posted),Primary completion 2026-09-01 (estimated); study completion 2026-10-01 (estimated),ABSTAIN,,,,not_mapped,no mapping recorded for this registration,primary,2026-09-20,2baedf8,PENDING,,https://clinicaltrials.gov/study/NCT07267559
NCT07267845,ClinicalTrials.gov,cholinergic,,Alpha-Glycerophosphocholine (α-GPC): one capsule containing 350 mg of GeniusPure® (containing 315 mg of pure α-GPC) daily before breakfast for 6 weeks. Comparator is one capsule of 350 mg microcrystalline cellulose daily for 6 weeks. This is the cleanest single-compound cholinergic test in the lane — no other active ingredient.,"Registry condition is 'Healthy Participants', ages 25-55, healthy-volunteers flag true. Inclusion requires good health as judged by the investigator, BMI 18.5-32.0, normotensive, and at least 2 years of muscle-strengthening or recreational moderate-intensity activity; highly trained or competitive athletes are excluded. My judgement: unambiguously healthy adults, with a mild fitness-selection skew toward recreationally active people.",80 (estimated enrolment),"Cognitive Performance - Stroop Test - Stroop total score: change (Δ) from Day 1 to Day 42 in the α-GPC group compared to placebo. Assessed 60 minutes after ingestion at baseline (visit 2, week 1, day 1) and end of study (visit 3, week 6, day 42). Secondary objective cognitive measures include Digit-Symbol Substitution Test, Go/No-go, and Sustained Attention to Response Task.",Recruiting,"Registry gives estimated primary completion 2026-05-15 and estimated study completion 2026-07-05, with last update posted 2026-12-09 [actual]. Note both stated completion dates have already passed as of today with the record still reading Recruiting and no results posted, so the true readout date is uncertain and may be imminent.",ABSTAIN,,,,not_mapped,alpha-GPC; no ledger row,primary,2026-09-20,2baedf8,PENDING,,https://clinicaltrials.gov/study/NCT07267845
NCT07285629,ClinicalTrials.gov,hormonal,,"Combination klotho + follistatin nonviral plasmid gene therapy, single subcutaneous injection. Registry lists interventions as ""Follistatin and klotho gene therapy"". Dose not stated on the record. Follow-up runs from 1 month before treatment to 3 months after (5 timepoints).","HEALTHY ADULTS - clean fit. Healthy-volunteers flag is true; condition listed as ""Healthy Adults""; ages 50-80, all sexes. Inclusion is ""Adults aged 50 to 80 years"" and ""General good health""; exclusions remove cancer, autoimmune disease, chronic kidney/liver disease, immunosuppressives, and ""Any medical or psychiatric condition that could interfere with participation"". No cognitive or neurological patient group.",14 (ACTUAL enrolment),"Cognition is secondary, not primary (primaries are serum alpha-Klotho, serum follistatin, and PRO-CTCAE adverse events). The objective cognitive endpoints are three NIH Toolbox tests: ""Change From Baseline in Pattern Comparison Processing Speed Test T-Score (Mean 50 +/- 10)"", ""Change From Baseline in Picture Sequence Memory Test T-Score, Forms A and B (Mean 50 +/- 10)"", and ""Change From Baseline in Flanker Inhibitory Control and Attention Test T-Score (Mean 50 +/- 10)"".",COMPLETED,Primary completion date 2026-04-30 (ACTUAL); study completion date 2026-04-30 (ACTUAL); last update posted 2026-08-27. Results are NOT posted - I checked the record's hasResults field directly and it returns false. The trial has finished and the readout is outstanding.,ABSTAIN,,,,not_mapped,klotho plus follistatin gene therapy; no ledger row,primary,2026-09-20,2baedf8,PENDING,,https://clinicaltrials.gov/study/NCT07285629
NCT07319117,ClinicalTrials.gov,cholinergic,,"Skoshify 'Think Tank' formulation, acute dose, each containing Magnesium 105 mg, Sodium 5 mg, Creatine Monohydrate 2.5 g, Magnesium Gluconate 2 g, L-Tyrosine 500 mg, Phosphatidylserine 20% powder 200 mg, L-Theanine 200 mg, Citicoline Sodium 125 mg, Rhodiola Rosea Root Extract 100 mg. Placebo is maltodextrin plus acacia gum. CAVEAT: citicoline is one of nine ingredients at a low 125 mg dose, so this cannot attribute any effect to the cholinergic component.","Females aged 40-60, daily caffeine drinkers, healthy and free from significant physical and psychiatric disorders; current smokers/vapers, diagnosed psychiatric conditions, recreational drug users, diagnosed cardiovascular conditions and those on prescribed medication (other than contraceptives/HRT) are excluded. Healthy-volunteers flag true. My judgement: healthy middle-aged adults, but female-only and caffeine-habituated, so results do not generalise to men or to caffeine-naive people.",40 (estimated),"Four objective CANTAB primaries, all measured immediately post stress exposure: Working Memory Performance via CANTAB Digit Span (forwards and backwards); cognitive flexibility via the Intra-Extra Dimensional Set-Shift task; sustained attention via Rapid Visual Information Processing; and inhibitory control via the Stop-Signal Task (Stop Signal Reaction Time). Self-report scales and salivary cortisol are secondary only.",Recruiting,"Start date 2025-12-15, estimated primary completion 2026-08-01, estimated study completion 2026-08-31, last update posted 2026-01-06 [actual]. The stated primary completion date has just passed with no registry update.",ABSTAIN,,,,not_mapped,multi-ingredient 'Think Tank' formulation; citicoline not isolable,primary,2026-09-20,2baedf8,PENDING,,https://clinicaltrials.gov/study/NCT07319117
NCT07388576,ClinicalTrials.gov,nutraceutical,,"AP-Brain dietary supplement at 1 g, 3 g or 5 g daily (5 tablets per dose, active/placebo blend) vs placebo, for 56 days. The registration text I read does not state the compound's composition.","Healthy adults aged 18-39 with self-reported focus/attention problems screened via ASRS v1.1 Part A. Judgement: healthy adults, not an ADHD sample - clinical ADHD diagnosis or prescribed ADHD treatment is an explicit exclusion, as is any self-reported significant neuropsychological condition or cognitive impairment. Flagging this as borderline because the inclusion criterion is attention-symptom-based.",120 (ESTIMATED),"CNS Vital Signs Neurocognitive Index (NCI) score and complex attention domain, change from baseline to Day 56",RECRUITING,Primary completion and overall completion both 2026-11 (estimated); last update posted 2026-09-18 (most recently updated record in this lane),ABSTAIN,,,,not_mapped,AP-Brain proprietary supplement; composition not isolable,primary,2026-09-20,2baedf8,PENDING,,https://clinicaltrials.gov/study/NCT07388576
NCT07451496,ClinicalTrials.gov,frontier,,"Biomarker-personalised supplement stack plus supervised training over 8 weeks. Nicotinamide mononucleotide (NMN) 300 mg/day is allocated only to participants below the 50th percentile for normative VO2peak; urolithin A 250 mg/day only to those below the 50th percentile for muscle mass; a multivitamin only to those below the 50th percentile for cognitive performance. All participants receive whey protein (weight-banded), creatine monohydrate (weight-banded), fucoidan 2.4 g/day, optional ergothioneine 25 mg three times weekly from month 1, plus supervised dual-task cognitive-physical exergaming three times weekly for 60 minutes, sleep and dietary counselling, and motivational interviewing. Sponsor: National University of Singapore.","Adults 50-80, described in the eligibility text as relatively healthy and in stable health, untrained for 12 months, with VO2peak and cognitive performance both below the 75th percentile of age- and sex-specific norms. Major cardiovascular disease, more than two unstable chronic conditions, and psychiatric/cognitive conditions are excluded. Registry healthy-volunteers flag = Yes. My judgement: HEALTHY ADULTS, though performance-enriched — entry requires below-median-to-75th-percentile fitness and cognition, so the sample is deliberately selected for headroom rather than for illness.",20 (ESTIMATED enrolment target),"""Change from baseline in cognitive performance (NIH Toolbox Fluid Cognition Composite)"" — a registered PRIMARY outcome, assessed at baseline, week 4 and week 8. Fluid Cognition Composite is an objective performance score spanning executive function, attention, working memory, episodic memory and processing speed. The four co-primaries are VO2peak, 1RM strength, ultrasound muscle thickness and the CD4+:CD8+ ratio.",Recruiting,"Primary completion 2026-02-23 (ACTUAL — already reached), overall completion 2026-06-30 (estimated), also now passed. Last update posted 2026-03-05. The record still reads recruiting despite an actual primary completion date, an internal inconsistency worth noting; either way no results are posted and the readout is pending and imminent.",ABSTAIN,,,,not_mapped,personalised supplement stack plus supervised exercise; not isolable,primary,2026-09-20,2baedf8,PENDING,,https://clinicaltrials.gov/study/NCT07451496
NCT07475546,ClinicalTrials.gov,frontier,,Multi-drug geroprotective stack over 90 days. Rapamycin titrated 2 mg to 6 mg once weekly (comprehensive arm only); metformin 500 mg daily; NAD+ 30 mg/day nasal spray; low-dose naltrexone titrated 1.5 mg to 4.5 mg daily; topical glutathione patch weekly; a proprietary seven-compound supplement; vitamin B12. Control arm receives vitamin C and vitamin E as placebo. Both arms also receive exercise and either guided meditation (intervention) or podcast listening (control). Sponsor: AgelessRx.,"Adults 60-80, AgelessRx patients, required to have ""at-risk indicators for decline"" satisfied by any combination of BMI 26-30, low SF-36 subscale scores, low Immune Status Questionnaire score, self-reported brain fog, or pre-diabetes. Registry healthy-volunteers flag = Yes. My judgement: MIXED / AT-RISK-ENRICHED, and I am flagging this explicitly. No participant carries a neurological or psychiatric diagnosis and dementia is not being studied, so this is not a patient group — but one of the qualifying entry routes is self-reported brain fog or difficulty with mental clarity, which is a subjective cognitive complaint. Treat as community-dwelling older adults enriched for subclinical decline, not a clean healthy sample.",30 (ESTIMATED; 10 per arm across three arms),"""Change in cognitive performance measured by Creyos Cognitive Test composite score"" — a registered PRIMARY outcome, using the Creyos (formerly Cambridge Brain Sciences) online objective battery, assessed twice at baseline and twice at the final period at least 7 days apart, with the paired scores averaged. The other three primaries are VO2 max, the iAge inflammation index and DEXA lean body mass.","Active, not recruiting",Primary completion and overall completion both 2026-04 (estimated) — a date that has already passed as of 2026-09-20 while the record still reads active and shows no posted results. Last update posted 2026-03-16. The readout is overdue rather than distant.,ABSTAIN,,,,not_mapped,multi-drug geroprotective stack; no ledger row and not isolable,primary,2026-09-20,2baedf8,PENDING,,https://clinicaltrials.gov/study/NCT07475546
NCT07530185,ClinicalTrials.gov,stimulant,,"Four supplementation conditions plus a no-supplement control in randomized counterbalanced crossover with >=72 h washout: placebo, L-tyrosine alone, caffeine alone, and combined L-tyrosine plus caffeine (doses not stated in the registration)","Male elite boxers aged 18 and over with >=8 years training experience competing nationally/internationally; no cardiovascular, metabolic or neurological disorder. Registry healthyVolunteers flag = true. My judgement: HEALTHY ADULTS (elite male athlete subgroup — generalization to ordinary healthy adults is a real limitation).",18 (estimated enrolment),Stroop Test Performance — the sole primary outcome. Secondary outcomes are BDNF levels and oxidative stress markers.,Not yet recruiting,Primary completion 2026-12 (ESTIMATED); overall completion 2027-03 (ESTIMATED); last update posted 2026-07-08,ABSTAIN,,,,not_mapped,multi-arm tyrosine/caffeine/combination; registration does not state doses,primary,2026-09-20,2baedf8,PENDING,,https://clinicaltrials.gov/study/NCT07530185
NCT07533045,ClinicalTrials.gov,outcome-ctgov,,Paraxanthine (the primary human metabolite of caffeine) daily for 6 weeks vs placebo (Lindenwood University),"Adults 18-40, BMI 18.5-29.9, self-reported gaming beginners or no gaming experience; no disease criteria in inclusion and none of the exclusions is a clinical condition. Judgement: healthy adults.",60 (actual),"Trail Making Test Part A and Part B completion time and errors, and Stroop Color and Word Test response time and accuracy, change from baseline to week 6","COMPLETED 2025-04-14, no results posted (last registry update 2026-04-16)",Completed 2025-04-14 (ACTUAL); no posted-results date stated,ABSTAIN,,,,not_mapped,"PARAXANTHINE, the primary human METABOLITE of caffeine, not caffeine. It has no ledger row, and mapping it to caffeine would destroy the one thing the trial exists to test: whether the effect belongs to caffeine or to the adenosine-antagonist mechanism downstream of it",primary,2026-09-20,2baedf8,PENDING,,https://clinicaltrials.gov/study/NCT07533045
NCT07637487,ClinicalTrials.gov,frontier,,"Tocotrienol-rich fraction 200 mg/day in capsules, split into two daily doses, versus a 200 mg placebo softgel, over 6 months. Sponsor: National University of Malaysia.","Adults aged 35-50, required to be generally healthy on physical examination and blood laboratory testing including adequate liver and renal function and specified neutrophil, platelet and haemoglobin ranges. Registry condition field is literally 'Healthy' and the healthy-volunteers flag = Yes. My judgement: HEALTHY MIDDLE-AGED ADULTS — the cleanest population in the senolytic sub-lane.",220 (ESTIMATED enrolment target),"Three objective cognitive measures are registered as SECONDARY outcomes: the Rey Auditory Verbal Learning Test for recall memory, the Digit Span Test (forward, backward, sequencing) for working memory, and the Montreal Cognitive Assessment. Assessed at baseline, month 3 and month 6. All primaries are biological — AGEs, protein carbonyl, MDA, DNA damage, SASP gene and protein expression, TNF-alpha, IL-6, mitochondrial ATP and membrane potential, plasma tocotrienol levels, body composition.",Recruiting,Overall completion 2027-01-30 (estimated); last update posted 2026-06-09. NOTE an internal inconsistency in the record: primary completion is listed as 2024-12-19 (ACTUAL) while the study is still marked recruiting with a 2027 completion date. I am reporting both dates as the registry gives them rather than picking one. No results posted.,ABSTAIN,,,,not_mapped,tocotrienol-rich fraction; no ledger row,primary,2026-09-20,2baedf8,PENDING,,https://clinicaltrials.gov/study/NCT07637487
NCT07706283,ClinicalTrials.gov,outcome-ctgov,,"Magnesium L-threonate vs rice powder placebo, 6 weeks (Barry University)","Healthy adults 18-45, ""Free from diagnosed neurological, cardiovascular, metabolic, or psychiatric conditions"", not taking cognition-affecting medication or supplements. Judgement: clean healthy-adult population.",81 (actual),"Incongruent Flanker Task reaction time (ms) on the SOMA computerized battery, measured before AND after a 20-minute mental fatigue induction protocol at baseline and week 6","COMPLETED 2026-03-19, no results posted (last registry update 2026-07-15)",Completed 2026-03-19 (ACTUAL); no posted-results date stated,ABSTAIN,,,,not_mapped,no mapping recorded for this registration,primary,2026-09-20,2baedf8,PENDING,,https://clinicaltrials.gov/study/NCT07706283
NCT07732166,ClinicalTrials.gov,glutamatergic,,"Psilocybin (Usona Institute), 3 x 5 mg capsules (15 mg total, cGMP), versus an active-placebo comparator of niacin 100 mg plus 2 x 25 mg microcrystalline cellulose inert placebo capsules.","Healthy adults aged 21-60, minimum eight years of schooling, fluent in Portuguese. HealthyVolunteers flag = true; condition listed as 'Healthy Adults'. Judgement: clean healthy-adult population.",100 (estimated enrolment),"FLAG — BORDERLINE ON DOMAIN, include or discard with this in view. The primary outcome is 'Changes in global metacognitive judgment using the Computerized Success-Failure Manipulation Paradigm', a computerized task that uses a titration procedure to establish each participant's reaction-time threshold and then manipulates success/failure. It is an objective, performance-based, reaction-time-anchored paradigm, but metacognition is not squarely one of the named target domains (memory, attention, executive function, processing speed, learning). The secondaries do include a conventional objective attention/executive task — 'Changes in the Eriksen Flanker Task adapted to measure Sense of Agency' — though it is adapted away from its standard scoring.",Recruiting,Study start 2026-04-01; primary completion 2027-08-01; study completion 2027-12-01. Last update posted 2026-07-28.,ABSTAIN,,,,endpoint_not_cognitive,verifier flagged the primary as borderline on domain; excluded rather than resolved by preference,primary,2026-09-20,2baedf8,PENDING,,https://clinicaltrials.gov/api/v2/studies/NCT07732166
NCT07742501,ClinicalTrials.gov,outcome-ctgov,,"Genistein vs Equol vs maltodextrin placebo, 12 weeks chronic dosing (University of Reading; the chronic companion to NCT07742514)",Generally healthy adults 18+; post-menopausal women and those on hormone replacement therapy excluded. Judgement: healthy adults.,51 (actual),"Rey Auditory Verbal Learning Task at 12 weeks (word span, total/final acquisition, amount learned, proactive and retroactive interference, delayed recall, primacy, recognition); plus Corsi block span, Task-Switching switch cost, Trail Making A/B","COMPLETED 2025-10-14, no results posted (last registry update 2026-08-03)",Completed 2025-10-14 (ACTUAL); no posted-results date stated,ABSTAIN,,,,not_mapped,no mapping recorded for this registration,primary,2026-09-20,2baedf8,PENDING,,https://clinicaltrials.gov/study/NCT07742501
NCT07742514,ClinicalTrials.gov,outcome-ctgov,,"Genistein (soy isoflavone) vs Equol (the gut-microbial metabolite of daidzein, produced by only ~10-20% of Western populations) vs maltodextrin placebo; acute post-prandial, 4-hour window (University of Reading)",Generally healthy adults 18+; post-menopausal women and those on hormone replacement therapy are excluded. Judgement: healthy adults (eligibility prose is terse but says 'Generally Healthy' with no complaint or impairment criterion).,53 (actual),"Rey Auditory Verbal Learning Task (immediate recall, total/final acquisition, delayed recall, hits, recognition score) at 4 h; plus Corsi Block-Tapping, Task-Switching switch cost, and Trail Making A/B","COMPLETED 2025-10-14, no results posted (last registry update 2026-08-07)",Completed 2025-10-14 (ACTUAL); no posted-results date stated,ABSTAIN,,,,not_mapped,no mapping recorded for this registration,primary,2026-09-20,2baedf8,PENDING,,https://clinicaltrials.gov/study/NCT07742514
NCT07792876,ClinicalTrials.gov,outcome-ctgov,,"(R)-1,3-butanediol 1.0 g/kg body mass 45 min pre-exercise plus 0.5 g/kg 5 min pre-exercise (total 1.5 g/kg), with and without a ~15% carbohydrate beverage (30 g per 20 min), vs non-caloric placebo; double-blind crossover (University of Sao Paulo)","Healthy amateur male cyclists 20-50, >=2 years cycling experience, >=5 h/week training, VO2max >=50 mL/kg/min; neurological, immune and muscular disease excluded. Judgement: healthy adults (athletic subgroup).",12 (estimated),"Visuospatial working memory - Corsi block-tapping span (PEBL battery); also Go/No-Go No-Go accuracy, Go-trial reaction time, and Trail Making Test B-minus-A completion time, pre- and post-exercise",RECRUITING (no results posted),Primary completion 2028-01 (estimated); study completion 2029-01 (estimated),ABSTAIN,,,,not_mapped,"(R)-1,3-butanediol is a ketone PRECURSOR, not a monoester, and it is crossed with a carbohydrate beverage",primary,2026-09-20,2baedf8,PENDING,,https://clinicaltrials.gov/study/NCT07792876
NCT07801066,ClinicalTrials.gov,outcome-ctgov,,"Metaxalone 640 mg (micronized) vs metaxalone 800 mg, single oral dose after a high-fat meal; Phase 4","Healthy adults 18-55, ""Medically healthy"", excluding any history of cognitive disorders, depression, schizophrenia, panic disorder or dementia. Judgement: clean healthy-adult population.",20 (estimated),"Change from baseline to ~4 h post-dose in mean reaction time (milliseconds) on the Reaction Time Test (RTT), plus proportion of delayed responses exceeding a >300 ms threshold",NOT_YET_RECRUITING (start 2026-09-15; last registry update 2026-09-17),Primary completion 2027-01-15 (estimated); study completion 2027-01-15 (estimated),ABSTAIN,,,,not_mapped,no mapping recorded for this registration,primary,2026-09-20,2baedf8,PENDING,,https://clinicaltrials.gov/study/NCT07801066
"PMID 40986853; DOI 10.2196/73039 (trial registration: NMRR-19-2972-51179, Malaysian National Medical Research Register)",PubMed / published protocol (JMIR Research Protocols),grants-protocols,,"Tocotrienol-rich fraction (TRF), a naturally occurring form of vitamin E, 200 mg daily for 6 months, vs placebo. Assessments at baseline, 3 months and 6 months; cognition measured at baseline and 6 months.","""healthy older adults"" aged between 50 and 75 years. Stated explicitly in the Methods as the target population of the trial.",220 enrolled (1:1 TRF vs placebo); 209 recruited as of April 2025,"Montreal Cognitive Assessment (MoCA), Rey Auditory Verbal Learning Test (RAVLT) and digit span test, at baseline and 6 months. Listed as secondary outcomes; the primary outcomes are blood biochemistry, oxidative stress and inflammatory markers.","Ongoing; data collection started December 2020, preliminary analysis completed for the first 120 participants, unblinding pending","""final results are expected upon completion of data collection and unblinding in 2026"" (date as stated by the authors)",ABSTAIN,,,,not_mapped,no mapping recorded for this registration,primary,2026-09-20,2baedf8,PENDING,,https://pubmed.ncbi.nlm.nih.gov/40986853/
PMID 41629813; DOI 10.1186/s12877-025-06920-7,PubMed / published protocol (BMC Geriatrics); trial registered on ClinicalTrials.gov as NCT06649981,grants-protocols,,"Oral fecal microbiota transplantation from young, physically active donors: four acid-resistant capsules of lyophilized fecal microbiota, 600 mg each, total dose 2.4 g, given in a single supervised session, preceded by rifaximin 200 mg two tablets three times daily for three days. Placebo arm receives matching placebo capsules and tablets. Assessments at baseline and 4, 8 and 20 weeks post-intervention.","Community-dwelling adults aged 65-84, self-sufficient (Barthel Index >60), weight-stable. Healthy: registry healthyVolunteers flag is True, and the eligibility prose agrees - dementia is an explicit exclusion, as are active malignancy, IBD/Crohn's/UC/C. difficile, autoimmune and chronic inflammatory conditions, recent hospitalization, and recent antibiotic or probiotic use. Sarcopenia is the scientific motivation but is NOT an inclusion requirement, so this is a healthy-ageing cohort rather than a sarcopenia patient group.","80 actual (40 per arm, 1:1)","Secondary cognitive battery: Trail Making Test Parts A and B, Verbal Fluency Test (FAS), Digit Span (forward and backward), Frontal Assessment Battery (FAB), and MMSE. Primary outcomes are handgrip strength, GDLAM functional autonomy index, and FMT safety/tolerability.",ACTIVE_NOT_RECRUITING (ClinicalTrials.gov). Enrollment complete at n=80; primary completion date ACTUAL 2026-06-17.,Registry estimated overall completion date 2027-09-30 (primary completion already actual at 2026-06-17),ABSTAIN,,,,not_mapped,no mapping recorded for this registration,primary,2026-09-20,2baedf8,PENDING,,https://pmc.ncbi.nlm.nih.gov/articles/PMC12947362/
PMID 41836921; DOI 10.3389/fmed.2026.1702773 — CORRECTION: this entry's identifier is PMID 42633989; DOI 10.1111/bcpt.70290,PubMed / published protocol (Basic & Clinical Pharmacology & Toxicology),grants-protocols,,"One capsule of 100 mg oral fisetin once daily for 7 weeks, vs matching placebo capsule once daily for 7 weeks; 1:1 parallel-group, triple-blind.","""generally healthy middle-aged and older adults"", aged 50 or over, recruited from the general population. Healthy adults - confirmed in the protocol prose, not just a structured flag. Assessments at baseline, Week 3 and Week 7.","120 (fixed sample size, equal allocation to intervention and control)","Digit Symbol Substitution Test (objective processing-speed measure), plus MoCA, measured at baseline and Week 7. Listed as an exploratory/secondary outcome - the trial's PRIMARY outcome is plasma suPAR, a biomarker, so the cognitive readout is secondary.",Protocol published 2026-09 (Basic Clin Pharmacol Toxicol 139(3):e70290); results not yet published. Investigators commit to posting primary and secondary outcomes on clinicaltrials.gov within 12 months of completed data collection.,no date stated,ABSTAIN,,,,not_mapped,no mapping recorded for this registration,primary,2026-09-20,2baedf8,PENDING,,https://pubmed.ncbi.nlm.nih.gov/42633989/
PMID 42035088; DOI 10.1186/s12906-026-05384-5 (trial registration: UMIN000049330),PubMed / published protocol (BMC Complementary Medicine and Therapies),grants-protocols,,"Brown rice-derived supplement, 3.5 g/day for 12 weeks, vs placebo; 1:1 parallel-group, double-blind. Putative actives include gamma-oryzanol and rice bran fibre/phytochemicals.","""Eighty healthy adults aged 20 to 64 years"". Confirmed in the full text: ""a parallel group of healthy adults""; overall IQ is also collected purely as a covariate to control for its effect on cognitive test performance.",80 analysed (40 per group); 96 to be recruited to allow for 20% dropout,"CANTAB Stop Signal Task (response inhibition), a spatial working-memory span task (forward and backward, 2-9 boxes), and the computerized Wisconsin Card Sorting Test (cognitive flexibility). Cognitive function is designated a CO-PRIMARY outcome alongside immune, metabolic, microbiome, sleep and HRQOL measures.",Protocol published 2026-04-25; registered with UMIN-CTR on 8 November 2022; results not yet published,no date stated,ABSTAIN,,,,not_mapped,no mapping recorded for this registration,primary,2026-09-20,2baedf8,PENDING,,https://pubmed.ncbi.nlm.nih.gov/42035088/
PMID 42752400; DOI 10.2196/94648,PubMed / published protocol (JMIR Research Protocols); trial registered on ClinicalTrials.gov as NCT06353984,grants-protocols,,"MiniMeal between-meal food products (oat bran and chickpea based, developed with Glucanova AB), consumed twice daily for 9 weeks, replacing or supplementing habitual between-meal occasions. Three arms: MiniMeal product, reference/control product (blinded 2-arm comparison), and a non-blinded no-intervention group. NOTE: this is an ingestible whole-food product rather than a discrete compound - flagging that in case the lane's criterion 4 is read strictly.","Community-dwelling men and women aged 70 years and above. Healthy: the registry healthyVolunteers flag is True AND the eligibility prose backs it - exclusions include current diagnosis of neurodegenerative disease, current diagnosis of psychiatric disease or syndromes, diabetes, IBD, and recent systemic antibiotic or steroid use. Flag and prose agree, so this passes the paranoia check.","114 randomized (38 per group); 114 enrolled, 106 completed all 6 study visits","Registry-listed secondary outcome ""Cognitive function"" - an off-line multi-domain computer-based cognitive test battery including a word recognition task. The PRIMARY outcome is functional brain activity by fMRI during an n-back task, which is imaging; the computerised battery is what satisfies the objective-behavioural-performance criterion.",ACTIVE_NOT_RECRUITING (ClinicalTrials.gov). Recruitment completed 2025-12-18; data collection completed 2026-02-27; data analysis ongoing since 2026-01-07. Completed but unpublished.,Registry estimated completion date 2027-01-31 (primary completion estimated 2027-01); data collection already finished 2026-02-27,ABSTAIN,,,,not_mapped,no mapping recorded for this registration,primary,2026-09-20,2baedf8,PENDING,,https://pubmed.ncbi.nlm.nih.gov/42752400/
TCTR20250718004,"TCTR (Thai Clinical Trials Registry), via WHO ICTRP",ictrp-bulk,,"Three arms for 8 weeks: placebo; 1,050 mg/day of mulberry leaf tea mixed with tomato; 2,100 mg/day of mulberry leaf tea mixed with tomato. Phase 1. Sponsor: Agricultural Research Development Agency (ARDA), Thailand.","'Healthy condition', adults aged 35 years and over, both sexes. My judgement: healthy adults.",20 (registry 'Target sample size' field); the intervention text describes 20 volunteers per arm across three arms,"Working memory measured by the CDR (Cognitive Drug Research) computerised battery test at 0, 4 and 8 weeks — registered as a secondary outcome. The registered primary outcome is EEG event-related potentials at 0, 4 and 8 weeks.",Pending (Not yet recruiting); no results recorded,Date of completion 30/06/2026 (as stated in the registry record),ABSTAIN,,,,not_mapped,no mapping recorded for this registration,primary,2026-09-20,2baedf8,PENDING,,https://trialsearch.who.int/Trial2.aspx?TrialID=TCTR20250718004
UMIN000057063,UMIN-CTR (Japan),nonus,,"Nucleotide-containing capsule, one capsule per day for 24 weeks, versus matching placebo capsule.","Middle-aged and older Japanese subjects aged 50+, non-smokers, without cognitive impairment, chronic disease or regular medication. CAVEAT the project should weigh: entry requires ""an MMSE score of 24 to 27 at screening and a Cognitrax standardized score of 60 to 90 for composite memory"", i.e. the sample is deliberately enriched for the lower end of the normal range. Judgement: HEALTHY ADULTS, but a low-normal-performance slice of them, not an unselected healthy sample. Not an MCI or dementia population.",84 (target sample size),"""Cognitrax"" — the Cognitrax/CNS Vital Signs computerised neurocognitive battery (objective performance testing including composite memory), used both as the screening instrument and the primary outcome.","""No longer recruiting"". Protocol fixed 10 February 2025; trial start 20 February 2025. Record last modified 07 June 2026.","Last follow-up date 03 December 2025 — already passed. Publication of results field reads ""Unpublished"" as of the 07 June 2026 record update.",ABSTAIN,,,,not_mapped,nucleotide-containing capsule; no ledger row,primary,2026-09-20,2baedf8,PENDING,,https://center6.umin.ac.jp/cgi-open-bin/ctr_e/ctr_view.cgi?recptno=R000065214
aqzw5,OSF Registries,registered-reports,,"Edible, non-psychedelic mushrooms in any form — whole food, powder, extract, capsule or multi-ingredient supplement. Species, dose, duration, frequency and comparator are all charted variables. Hericium erinaceus (lion's mane) is named as the lead species, with hericenones/polysaccharides/terpenoids as the proposed actives.","Healthy adults, stated twice in the eligibility prose: ""human adults aged 18 years or older without cognitive impairment or diagnosed conditions known to affect cognitive function"". Restricted to randomised controlled trials, so the population is an intervention population rather than an observational cohort.","Not prespecified — ""The unit of analysis is the included study rather than individual participants"", and no minimum number of trials is set a priori. Databases: PubMed, Embase, Scopus, from inception, English and Spanish.","Cognitive domain plus the specific instrument used, extracted per trial: ""domain assessed (eg, memory, attention, processing speed, executive function, psychomotor performance, language, social cognition), instrument used, and assessment schedule"", together with direction and magnitude of effect.","Registered 2026-04-25, OSF Preregistration, timing field ""Data exists but the authors cannot observe it yet"" (i.e. the published literature exists; screening had not been done). Public, not withdrawn. No publication of this review located — searches return the primary RCTs it would include (OYSACO oyster-mushroom acute, Food Funct 2026; OYSCOG 12-week oyster mushroom, Food Funct 2026; maitake Grifola frondosa 18-week trial in healthy older Japanese adults, 2026) but not the scoping review itself.",no date stated,ABSTAIN,,,,not_mapped,no mapping recorded for this registration,primary,2026-09-20,2baedf8,PENDING,,https://osf.io/aqzw5/
ejzp6,OSF Registries,registered-reports,,"Sulpiride 400 mg, single low oral dose, vs placebo. Double-blind, placebo-controlled, within-subject; each participant tested twice. Part of the parent pharmaco-laminar fMRI project 93b2e.","Healthy volunteers. Inclusion prose: ""Healthy volunteers between 18 and 45 years of age"", right-handed, BMI 18.5-30, admitted only after in-person medical screening that excludes hepatic, cardiac, obstructive respiratory, renal, cerebrovascular and cardiovascular history. No patient group.","24 healthy subjects (""or until data collection resources have been exhausted, whichever comes first"").","Go-NoGo controllability task, measured under drug and under placebo: (1) proportion of Go/NoGo responses (motivational bias / go-response probability), (2) trial accuracy coded 1/0 (instrumental learning and motivational bias), (3) response time. Objective behavioural performance; a self-report control rating is listed separately as a fourth, non-primary variable.","Registered 2025-06-03, OSF Preregistration, timing field ""Registration prior to creation of data"". No publication located — searches returned only the older sulpiride literature (2005 mnemonic function, 2011 reward/aversive processing, 2022 model-based control) and nothing matching this controllability design.",no date stated,ABSTAIN,,,,not_mapped,no mapping recorded for this registration,primary,2026-09-20,2baedf8,PENDING,,https://osf.io/ejzp6/
frqne,OSF Registries,registered-reports,,"Acute administration of methylphenidate or modafinil vs placebo. Drug type and dose are extracted per trial; restricted to randomised, double-blind, placebo-controlled trials.",Healthy adults — stated in the title and repeated in the registered research question. Eligible source trials are randomised double-blind placebo-controlled trials in healthy adults; no patient or ADHD samples.,"Not prespecified: ""The sample size corresponds to all eligible randomized controlled trials meeting the predefined inclusion criteria. No predetermined numerical sample size was set.""","Spatial working memory on validated computerised tasks — ""CANTAB Spatial Working Memory, spatial N-back"" — operationalised as error rate or accuracy converted to errors. Reaction time is a secondary extracted variable. Pooled as Hedges' g under a random-effects model, RoB 2 and GRADE applied.","Registered 2026-02-22, OSF Preregistration. Timing field is honest about being retrospective: ""Analyses in this plan have been conducted already... making this a retrospective registration."" So this is completed-but-unpublished. No publication located — searches return the Liverpool/Eur Neuropsychopharmacol 2020 meta-analysis series and a 2025 single-dose 10 mg methylphenidate RCT, neither of which is this spatial-WM-specific synthesis.",no date stated,ABSTAIN,,,,not_mapped,review pools methylphenidate OR modafinil,primary,2026-09-20,2baedf8,PENDING,,https://osf.io/frqne/
n7agf,OSF Registries,registered-reports,,"Lorazepam (Tavor, Pfizer) 2 mg oral single dose vs inactive placebo tablets, both encapsulated to conceal visual differences; randomised, double-blind, between-subjects. Four groups receive drug or placebo at different timepoints relative to the memory phases (encoding / consolidation / retrieval).","Healthy volunteers. Inclusion prose: ""Healthy"", 18-40, right-handed, non-smoker, normal or corrected-to-normal vision. Exclusions cover any current medication except oral contraceptives or thyroid medication, and any current physical, psychiatric or neurological diagnosis. This is an unusually strict healthy screen.",120 (four groups of n=30).,"Objective memory performance on a VR applied-memory task: free recall — number of correct details, number of incorrect (distorted) details, confabulations, completeness (correct/all possible correct) and accuracy (correct/all reported); recognition — true memory (hit rate) and false memory (false alarm rate).","Registered 2024-05-05, OSF Preregistration, timing field ""Registration prior to creation of data"". No publication located — searches surfaced only the surrounding Maastricht false-memory literature (cannabis/PNAS 2020, the festival field study, the Kloft 2021 review) and older benzodiazepine true-vs-false recognition work, not this study.",no date stated,ABSTAIN,,,,not_mapped,no mapping recorded for this registration,primary,2026-09-20,2baedf8,PENDING,,https://osf.io/n7agf/
nq9tz,OSF Registries,registered-reports,,"Two proprietary ""CONKA"" natural-ingredient shot formulae. Weeks 1-4: half the experimental group take formula 1 in the morning and formula 2 in the evening daily, the other half take formula 1 only; the assignment alternates in weeks 5-8. Placebo group takes matched shots on the same schedule; a third control group receives no consumable. Adherence tracked and incentivised through week 12.","Healthy working-age adults with high cognitive demands — 18-50, recruited from athletic populations (e.g. rugby) and ""other professionals with high cognitive demands (e.g., assault engineers/breachers)"". Excluded for any existing cardiorespiratory, metabolic or psychiatric disease, and for pregnancy. Participants allergic to CONKA ingredients are not excluded but are routed to the no-supplement control.","54 to 66 (18-22 per group across three groups). A priori power analysis for a 3-group x 3-timepoint within-between repeated-measures design, f = 0.25, alpha 0.05, giving power 0.86 at n = 54.","Objective app-delivered cognitive battery run every Monday, Wednesday and Friday: (1) attention — backwards digit-span, sequences of 1000 ms digits recalled in reverse, five rounds escalating from three digits, scored as correct digits in sequence; (2) executive function — cognICA rapid animal/non-animal detection in pixelated image streams.","Registered 2025-09-29, OSF Preregistration, timing field ""Registration prior to creation of data"". No publication located.",no date stated,ABSTAIN,,,,not_mapped,no mapping recorded for this registration,primary,2026-09-20,2baedf8,PENDING,,https://osf.io/nq9tz/
vax6b,OSF Registries,registered-reports,,"Levetiracetam 125 mg twice daily for 14 days vs visually matched placebo, randomised double-blind crossover (mid-age arm only). Registration field: ""Drug condition - 14-day bidaily administration of 125mg Levetiracetam or visually matched placebo"".","Cognitively healthy adults in two age bands, stratified by APOE genotype. APOE e4 carriage is a genetic risk factor, not a diagnosis, and participants are screened with MoCA (sensitivity analysis removes anyone scoring <=26). No patient group involved.","110 invited (50 young aged 18-30, 60 mid-age aged 45-65); target 50 young (25 e33 / 25 e4+) and 50 mid-age (25 e33 / 25 e4+). Only the 45-65 mid-age arm receives the drug crossover.","N-back (0/1/3-back, MATLAB Psychtoolbox) d-prime sensitivity index and mean reaction time to correct hits. Stated verbatim as the primary: ""D'prime sensitivity index and response time (hits) are considered the primary outcomes of n-back performance"". Hit rate and false-alarm rate are screened secondarily. fMRI BOLD is explicitly carved out into a separate preregistration, so this readout is behavioural.","Registered 2025-05-09, OSF Preregistration, timing field ""Registration prior to analysis of the data"". Data collected but genotype and drug allocation held by an independent randomisation team: ""The research team do not have access to this information at the time of pre-registration, rendering the data blind."" Pending unblinding. No publication located.",no date stated,ABSTAIN,,,,not_mapped,no mapping recorded for this registration,primary,2026-09-20,2baedf8,PENDING,,https://osf.io/vax6b/
wpcr9,OSF Registries,registered-reports,,"Acute experimentally administered cocaine vs placebo/control/baseline. Dose and route are extraction variables, not fixed: the protocol extracts ""cocaine dose, route of administration, neurocognitive/psychomotor tests with timing post-administration"".","Healthy adults. Eligibility prose requires studies that ""involve adults aged >=18 years without major psychiatric or neurological disorders"", and the review is deliberately scoped to exclude dependence, withdrawal and chronic use. This is a clean healthy-adult restriction stated in the protocol prose, not just a flag.",Not prespecified — unit of analysis is the eligible controlled human experimental study; no minimum number of studies set.,"Quantitative neurocognitive/psychomotor performance on validated neuropsychological tasks vs placebo — attention, reaction time, psychomotor speed, memory and executive control.","Registered 2025-12-12 under the OSF Preregistration schema, with the timing field set to ""Registration prior to creation of data"" (i.e. the review had not been run). Not withdrawn, public. No publication located: targeted search surfaced only older cocaine-cognition reviews (2013, 2014, 2017) and a 2026 review of substance use and metacognition, none of which is this protocol.",no date stated,ABSTAIN,,,,not_mapped,no mapping recorded for this registration,primary,2026-09-20,2baedf8,PENDING,,https://osf.io/wpcr9/
NCT06906848,ClinicalTrials.gov,cholinergic,citicoline,"Cognizin® citicoline, oral, versus oral placebo, over 12 weeks. Dose is not stated in the registry record — the intervention description gives only the route ('Oral'), so any prediction must not assume a specific milligram amount.","Healthy adult males and females 18-35 at screening, BMI 18.0-34.9, in good general health, MMSE score above 24 at screening, naive to or only light users of oral cannabis/hemp. Healthy-volunteers flag true; conditions listed as 'Healthy' and 'Cognitive Performance'. My judgement: unambiguously healthy young adults.",90 (actual),"Effect of the test product on cognitive performance versus placebo after 12 weeks using the Psychomotor Vigilance Test (PVT). Secondary objective measures are attention control via Stroop squared, Flanker squared and Simon squared tasks, and motor speed via the Finger-Tapping test.",Completed,"Primary completion 2025-05-31, study completion 2025-06-20, last update posted 2025-07-09. No results posted to the registry, and a targeted web search for published results returned none — only the registry entry and unrelated earlier Cognizin studies. Readout is pending roughly 15 months after completion.",ABSTAIN,,,,ledger:no healthy-adult MA,"ledger row has no interval; precision unknown, so no call is made",primary,2026-09-20,2baedf8,PENDING,,https://clinicaltrials.gov/study/NCT06906848
NCT07533032,ClinicalTrials.gov,outcome-ctgov,phosphatidylserine,"Phosphatidylserine 100 mg/day vs 200 mg/day vs placebo, daily for 6 weeks (Lindenwood University; sister trial to NCT07533045 with identical design and battery)","Adults 18-40, BMI 18.5-29.9, self-reported gaming beginners or no gaming experience. Judgement: healthy adults.",80 (actual),"Trail Making Test Part A and Part B completion time and errors, and Stroop Color and Word Test response time and accuracy, change from baseline to week 6","COMPLETED 2025-04-14, no results posted (last registry update 2026-04-16)",Completed 2025-04-14 (ACTUAL); no posted-results date stated,ABSTAIN,,,,ledger:elderly cognitive-decline MA,"ledger row has no interval; precision unknown, so no call is made",primary,2026-09-20,2baedf8,PENDING,,https://clinicaltrials.gov/study/NCT07533032
CRD420251048338,PROSPERO,inplasy-reviews,rhodiola_rosea,"Rhodiola rosea supplementation (salidroside-bearing adaptogen), acute and chronic dosing during a training period, vs placebo; multi-ingredient supplements containing Rhodiola are excluded so the single-agent effect is isolated. RCTs only.","'Healthy men and women over 18 years of age'; excluded are under-18s, pregnant or lactating women, and 'the population with any disease'. The record's own PICO line reads 'P: healthy adults'. JUDGEMENT: unambiguously healthy adults.",not stated,Cognitive performance parameters: vigilance and reaction time (alongside separate sports-performance and recovery outcome families),"Ongoing — 'The review is currently planned or ongoing'; pilot work, searching, screening, data extraction and risk-of-bias all marked complete, only data synthesis outstanding. Registered 2 September 2025.",Registry-stated review end date 23 July 2026 (earlier registered versions of the timeline stated 10 January 2026 and 30 April 2026),ABSTAIN,,,,ledger:Ishaque 2012 BMC Complement Altern Med (SR),"ledger row has no interval; precision unknown, so no call is made",primary,2026-09-20,2baedf8,PENDING,,https://www.crd.york.ac.uk/PROSPERO/view/CRD420251048338
kw54p,OSF,reviews,tyrosine,"Oral L-tyrosine as the sole active intervention, versus placebo or matched inactive control. Any absolute or body-weight-adjusted dose, formulation, administration schedule, number of doses, and duration eligible.","Healthy adults aged 18+, tested under ordinary/rested conditions as well as transient challenges (sleep deprivation, thermal stress, hypoxia/altitude, noise, sustained cognitive workload, multitasking). HEALTHY ADULTS: yes, clean — the stressors are experimental states imposed on healthy people, not clinical conditions.",not stated (systematic review; no target number of included studies given),"Overall objective cognitive performance — the average standardized effect across eligible objective, task-based outcomes (accuracy, correct responses, errors, reaction time, span, recall, recognition, signal-detection measures, interference scores, switch costs, validated composites). Seven pre-specified secondary domains including attention/vigilance, processing speed, working memory, episodic memory, executive function/cognitive control, reasoning/creative cognition, decision-making/reinforcement learning. Hedges' g; RoB 2 (incl. crossover variant); GRADE; PRISMA 2020 + PRISMA-S.","Public, not withdrawn. Registration type 'Generalized Systematic Review Registration'. Registry state: searches complete, data extraction and synthesis NOT begun — the registration explicitly says so.",Registered 2026-09-02 (18 days ago). Search date given as 31 August 2026. The protocol explicitly declines to give a finish date: 'The current protocol does not specify a planned completion date.' — no anticipated completion date stated.,ABSTAIN,,,,ledger:Jongkees 2015 J Psychiatr Res (review),"ledger row has no interval; precision unknown, so no call is made",primary,2026-09-20,2baedf8,PENDING,,https://osf.io/kw54p/
jacfs,OSF Registries,registered-reports,melatonin,"Melatonin 5 mg immediate-release oral, or identical placebo, administered before a 90-minute daytime nap. Double-blind, between-subjects. Dose chosen deliberately above the 2 mg used in the null Gorfine 2007 waking study, on the basis that 5 mg raised EEG spindle power density.","Healthy adults 18-35 recruited from the UCI community. Exclusions: any history or current neurological disease, history of major psychiatric illness, history of major sleep disorders, melatonin allergy, melatonin use in the past week, uncorrected sensory/motor impairment, shift work or timezone travel in the past week, possible pregnancy.","60 non-excluded participants (30 melatonin, 30 placebo).","Objective declarative memory: word-pair learning accuracy (out of 10 warm-up, out of 50 per learning block, plus attempts-to-threshold across three blocks) and word-pair testing accuracy after the nap. EEG is recorded to index spindles but the memory readout is behavioural accuracy.","Registered 2025-10-21, OSF Preregistration, timing field ""Registration prior to creation of data"". Three-session protocol (one 4-hour in-lab, two remote follow-ups), so it carries a delayed-retention readout as well as immediate.",no date stated,NEGATIVE,-0.74,-1.03,-0.45,ledger:Sumsuzzman 2021 Neurosci Biobehav Rev,"pooled interval [-1.03, -0.45] lies entirely below 0",primary,2026-09-20,2baedf8,PENDING,,https://osf.io/jacfs/
NCT05301608,ClinicalTrials.gov,glutamatergic,psilocybin,"Psilocybin, synthetically manufactured under cGMP, oral capsule, vs. placebo (microcrystalline cellulose in a size 0 blue gelatin capsule). Multiple drug administration sessions. The registration does not state the mg dose.","Healthy adults aged 18-75. HealthyVolunteers flag = true; condition listed simply as 'Healthy'. Eligibility requires screening for medical and psychiatric problems by interview, questionnaire, physical exam, ECG and blood/urinalysis. Judgement: clean healthy-adult population, no patient group.",30 (estimated enrolment),"Three objective performance measures sit among the primary outcomes: (1) 'Sensitivity in distinguishing old versus newly presented visual stimuli' — next-day recognition memory for words and images studied during dosing; (2) 'Accuracy in the remote associates task as assessed by total correct number of trials' — convergent/insight problem solving; (3) 'Accuracy in the alternative uses task' — divergent thinking, scored as total responses and uniquely novel uses. Other primaries are free-association word frequency, EEG alpha power and fMRI inter-subject response reliability.",Recruiting,Primary completion date 2026-12-01; study completion date 2027-01-01. Last update posted 2026-07-23.,NEGATIVE,-1.13,-1.7,-0.57,ledger:Yousefi 2025 Psychopharmacology,"pooled interval [-1.70, -0.57] lies entirely below 0",primary,2026-09-20,2baedf8,PENDING,,https://clinicaltrials.gov/api/v2/studies/NCT05301608
NCT07079852,ClinicalTrials.gov,glutamatergic,psilocybin,"Psilocybin 15 mg, described on the registration as 'a moderate psychoactive dose', versus an inactive placebo control condition.","Healthy adults aged 21-45 with 3-30 lifetime psychedelic uses. HealthyVolunteers flag = true; condition listed as 'Healthy'. Inclusion requires being psychiatrically healthy as assessed by the SCID-5 and medically healthy by physical exam and ECG, with BMI 19-30. Judgement: clean healthy-adult population.",48 (estimated enrolment),"'Memory accuracy from performance on a recognition memory test' — participants view a series of pictures and are later tested with previously seen pictures (targets) intermixed with new pictures (lures), responding whether each was seen before. This is an objective performance measure and it is a PRIMARY outcome. The second primary is the fMRI neural correlate of the same memory task. Time frame 8 weeks.",Not yet recruiting,Study start 2026-09; primary completion and study completion both 2028-08. Last update posted 2026-06-15.,NEGATIVE,-1.13,-1.7,-0.57,ledger:Yousefi 2025 Psychopharmacology,"pooled interval [-1.70, -0.57] lies entirely below 0",primary,2026-09-20,2baedf8,PENDING,,https://clinicaltrials.gov/api/v2/studies/NCT07079852
NCT07818564,ClinicalTrials.gov,glutamatergic,psilocybin,"Single dose of psilocybin 25 mg oral capsule (Usona Institute) versus inactive placebo, microcrystalline cellulose 25 mg capsule.","Healthy adult volunteers aged 18 and over. HealthyVolunteers flag = true. The brief summary states the aim is to evaluate psilocybin's effects on cognition in healthy adult volunteers. Exclusions include any current clinically significant psychiatric episode not in full remission, alcohol or substance use disorder in the past year, and regular psychoactive medication within 3 months. Condition field reads only 'Phase I'. Judgement: clean healthy-adult population — I checked the brief summary and full exclusion list specifically because the condition field was uninformative.","24 (estimated enrolment, 'up to 24 participants')","Two objective computer-based behavioural tasks, both PRIMARY: (1) 'Reinforcement Learning and Abstraction Task' — a custom puzzle-based task that the registration states requires working memory and reinforcement learning and includes a measure of state abstraction; (2) 'Belief Updating Task' — a custom task in which participants dynamically adjust predictions each trial, measuring trial-to-trial belief updating. Assessed 1 day before dosing, during dosing, and 1 day after.",Not yet recruiting,Study start 2026-11; primary completion and study completion both 2027-11. Last update posted 2026-09-14.,NEGATIVE,-1.13,-1.7,-0.57,ledger:Yousefi 2025 Psychopharmacology,"pooled interval [-1.70, -0.57] lies entirely below 0",primary,2026-09-20,2baedf8,PENDING,,https://clinicaltrials.gov/api/v2/studies/NCT07818564
NCT07449351,ClinicalTrials.gov,glutamatergic,psilocybin_lsd_microdosing,"2.0 mg powdered psilocybin derived from Psilocybe cubensis mushrooms, in capsules, three times weekly for four weeks, versus 0 mg matching placebo capsules on the same schedule.","Healthy adults aged 21-40 with no history of psychedelic use. HealthyVolunteers flag = true. Exclusions include current mood, developmental or psychotic disorders per DSM-5, current or past substance use disorder, IQ below 70 on the WASI, and serious medical/neurological illness. Judgement: clean healthy-adult population, and notably psychedelic-naive.",20 (estimated enrolment),"An unusually broad objective battery, all listed as PRIMARY outcomes: NIH Toolbox Cognition Battery (iPad-administered); Complex Working Memory Span (CWMS) task; Switching Stroop Test (response inhibition/interference control); Flanker Inhibitory Control and Attention Test (percent correct); Penn Conditional Exclusion Test (perseverative errors, z-scored); and Face Name Associated Memory Exam. Self-report measures (NEO-FFI, BDI, BAI, Harvard Flourishing, EMA) are also listed as primaries alongside these.",Not yet recruiting,Study start 2026-08-10; primary completion and study completion both 2028-04-01. Last update posted 2026-06-23.,NEGATIVE,-0.34,-0.62,-0.06,ledger:Ozaydin 2026 J Psychopharmacol,"pooled interval [-0.62, -0.06] lies entirely below 0",primary,2026-09-20,2baedf8,PENDING,,https://clinicaltrials.gov/api/v2/studies/NCT07449351
ISRCTN10543404,ISRCTN,nonus,scopolamine,"Scopolamine (hyoscine hydrobromide) 0.6 mg, single oral dose, versus placebo; double-blind randomised design; outcomes assessed approximately 60 minutes post-administration.","Healthy volunteers aged 18-45 years, BMI 18-35 kg/m2, UK resident, good vision and hearing. Judgement: HEALTHY ADULTS — clean. The registry lists the condition as healthy volunteers and no psychiatric diagnosis is required, although the scientific motivation is antidepressant mechanism.",60 (target enrolment),"""Affective memory performance (capturing accuracy, reaction times, and emotional bias in recall and recognition of affectively valenced words)"" measured with the Emotional Recall (EREC) and Emotional Recognition Memory (EMEM) tasks from the Emotional Testing Battery (ETB).",Active / recruiting; recruitment started 18 November 2025 and ends 06 July 2026. Last updated 12 August 2026.,Overall trial end date 10 November 2027; recruitment end 06 July 2026.,NEGATIVE,-0.86,-1.08,-0.64,ledger:Miravalles 2025 Eur Psychiatry,"pooled interval [-1.08, -0.64] lies entirely below 0",primary,2026-09-20,2baedf8,PENDING,,https://www.isrctn.com/api/query/format/default?q=ISRCTN10543404
PMID 41836921; DOI 10.3389/fmed.2026.1702773,PubMed / published protocol (Frontiers in Medicine); trial registered as ISRCTN64126920,grants-protocols,bacopa_monnieri,"Bacopa monnieri freeze-dried herbal decoction (BMFD), 120 mL twice daily for 45 days, vs placebo; two-arm, double-blind, placebo-controlled superiority RCT. Assessments at baseline, day 45 and day 90.","Healthy adults. Inclusion criteria verified in the protocol full text: ""healthy individuals aged between 60 and 64 years at the time of enrollment, of either sex; (2) nonsmokers and non-alcoholic; (3) the MoCA... score of 24 or above."" The MoCA >=24 floor actively screens OUT cognitive impairment, so this is a cognitively normal healthy elderly sample, not subjective cognitive decline.","74 total (37 per group, including a 10% dropout allowance)","Montreal Cognitive Assessment (MoCA), validated for the Sri Lankan population - an administered objective cognitive test, listed as a secondary outcome. Primary outcomes are telomerase activity and telomere length by qPCR/TRAP-ELISA. Nerve conduction testing and EEG are additional neurophysiological secondaries.",Protocol published 2026-02-26; results not yet published,no date stated,NULL_EFFECT,0.17,-0.52,0.86,ledger:Wang 2025 Front Pharmacol,"pooled interval [-0.52, 0.86] spans 0",primary,2026-09-20,2baedf8,PENDING,,https://pubmed.ncbi.nlm.nih.gov/41836921/
SLCTR/2026/022,"SLCTR (Sri Lanka Clinical Trials Registry), via WHO ICTRP",ictrp-bulk,bacopa_monnieri,"Orally administered Bacopa monnieri freeze-dried preparation, three parallel dose groups randomised 1:1:1, open-label dose-finding, assessed at baseline, week 6 and week 12. Phase 0 (exploratory). Conducted at the National Ayurveda Teaching Hospital and University of Colombo.","Healthy older adults aged 60-64, both sexes, nonsmokers and non-alcohol users, with a Montreal Cognitive Assessment score of 26 or above. Exclusions: chronic kidney disease, cardiovascular disease, liver disorders, psychiatric illnesses, diabetes mellitus, hypertension, hyperlipidaemia, malignancy. My judgement: healthy older adults — the MoCA >= 26 entry criterion actively screens OUT cognitive impairment, which is the opposite of the trap trials I rejected.",24,"Cognitive function measured by total Montreal Cognitive Assessment (MoCA) score, 0-30, at baseline, week 6 and week 12 — registered as a secondary outcome. Registered primary outcomes are treatment-emergent adverse events, safety laboratory parameters, tolerability, telomerase activity and telomere length.",Pending; no results recorded,no date stated,NULL_EFFECT,0.17,-0.52,0.86,ledger:Wang 2025 Front Pharmacol,"pooled interval [-0.52, 0.86] spans 0",primary,2026-09-20,2baedf8,PENDING,,https://trialsearch.who.int/Trial2.aspx?TrialID=SLCTR%2F2026%2F022
5R01DA058678-03 (NIH grant number; appl_id 11332967),"NIH RePORTER (grant, not a trial registry)",grants-protocols,cannabidiol,"Single acute oral dose of pure CBD oil: 300 mg (n=100) vs 150 mg (n=100) vs matched placebo oil (n=100). Cognitive testing at baseline, then dosing, then a 120-minute wait, then a 40-minute driving simulation and repeat cognitive testing.","""a sample of young healthy adults"", aged 18-30 years, explicitly non-clinical. This is one of the cleanest healthy-adult populations in the lane - the grant's stated rationale is that CBD research in HEALTHY populations is sparse, and it contrasts itself against clinical-population studies.","300 (100 per arm, randomized, parallel-group, sex-stratified, three-arm)","A battery of well-validated cognitive tests administered pre- and post-dose (Aim 2: effects of CBD on cognitive function by dose and biological sex), alongside driving-simulator performance. Individual test names are not itemised in the grant abstract.","Awarded and active; R01, 5-year project, FY2024 award $414,585, currently in year 3",Project end date 2029-05-31 (as given by NIH RePORTER),NULL_EFFECT,-0.048,-0.124,0.028,ledger:Lo 2024 Neuropsychopharmacology,"pooled interval [-0.12, 0.03] spans 0",primary,2026-09-20,2baedf8,PENDING,,https://reporter.nih.gov/project-details/11332967
ACTRN12624001021561,ANZCTR,anzctr,cannabidiol,"Cannabidiol soft-gel capsules, 200 mg CBD in medium chain triglyceride oil per capsule: 400 mg in the morning and 200 mg in the evening (or matched placebo) for seven consecutive days; on Day 7 the 400 mg morning dose is taken together with 10 mg diazepam. Crossover with at least a 14-day washout.","Healthy adults ""Between 21-35 years of age"", holding a full driver's licence; excludes ""An 'active' (i.e., uncontrolled, symptomatic) physical or mental health condition"", recent cannabinoid or benzodiazepine use, and liver/renal/respiratory disease. Registry Healthy volunteers = Yes. My judgement: healthy adults.","15 (target). The University of Sydney, Australia","Objective cognitive outcomes are secondary (the primary is diazepam plasma AUC): Digit Symbol Substitution Task (number of correct patterns, number of attempted patterns, response accuracy); Divided Attention Task (correct matches, response time, tracking error); Paced Serial Addition Task (correct responses, response time). Simulated driving SDLP and postural control are additional objective secondaries.",Not yet recruiting (anticipated date of first participant enrolment 1/09/2024),"Anticipated date of last data collection 30/06/2025 (registry-stated; that date has passed and the record has not been updated, so treat the readout date as uncertain)",NULL_EFFECT,-0.048,-0.124,0.028,ledger:Lo 2024 Neuropsychopharmacology,"pooled interval [-0.12, 0.03] spans 0",primary,2026-09-20,2baedf8,PENDING,,https://www.anzctr.org.au/Trial/Registration/TrialReview.aspx?ACTRN=12624001021561
CRD420251140305,PROSPERO,nutraceutical,creatine,Creatine supplementation. Registry Intervention[IV] field confirmed to contain 'creatine'. Dose/duration not readable from the fields I could query.,"Healthy adults per the registered title. Judgement: healthy adults, with a caveat - the Population[PA] field is confirmed to contain 'adults' but a field-scoped query for 'healthy' in PA returned no match, so the healthy restriction is evidenced by the title rather than by the population field.",not stated,"Main outcomes[OP] field confirmed to contain 'cognitive'; queries for memory, attention, executive and processing in OP all returned no match, so the registered primary outcome appears to be global cognitive function rather than a named domain or instrument.",Ongoing,No anticipated completion date readable. PROSPERO registration date (RIS DP field) 18/09/2025; review status Ongoing as of this session.,NULL_EFFECT,0.03,-0.14,0.2,ledger:Prokopidis 2023 Nutrition Reviews,"pooled interval [-0.14, 0.20] spans 0",primary,2026-09-20,2baedf8,PENDING,,https://www.crd.york.ac.uk/PROSPERO/view/CRD420251140305
CRD420261430017,PROSPERO,inplasy-reviews,creatine,"Creatine supplementation, any dose or form, creatine alone (multi-ingredient protocols excluded), vs placebo (resistant dextrin, corn starch, glucose, placebo tablets) or caffeine as active comparator; randomised crossover or parallel-group","'healthy adults and elite athletes who underwent sleep deprivation protocols'; excludes chronic neurological disease and primary sleep disorders (insomnia, apnoea, narcolepsy). JUDGEMENT: healthy adults — sleep deprivation is an experimentally imposed state, not a patient group, and diagnosed sleep disorders are explicitly excluded.",six randomized controlled trials,"Cognitive performance — executive function, working memory, attention, vigilance, processing speed (plus cerebral bioenergetics: ATP/phosphocreatine, neuroimaging). Trials had to report 'objective measures of cognition'.","Ongoing — 'The review is currently planned or ongoing'. First submitted and registered 21 June 2026. Population text is written in the past tense ('included six randomized controlled trials'), so screening is already done.",Review end date 3 August 2026 (registry-stated; that date has passed and the record is still Ongoing with no publication),NULL_EFFECT,0.03,-0.14,0.2,ledger:Prokopidis 2023 Nutrition Reviews,"pooled interval [-0.14, 0.20] spans 0",primary,2026-09-20,2baedf8,PENDING,,https://www.crd.york.ac.uk/PROSPERO/view/CRD420261430017
DRKS00041152,DRKS (German Clinical Trials Register),eu-national,creatine,"Creatine monohydrate 15 g/day oral for two weeks (loading), followed by 8 g/day for a two-week maintenance phase, vs placebo; randomized, blinded, crossover. Assessment at three timepoints keyed to cycle phase: luteal baseline, menstrual phase at 2 weeks, follicular phase at 4 weeks.","Healthy women aged 18-40, 'Healthy volunteers: Yes'; menopause, renal disease, diabetes and centrally acting drugs excluded. Condition free-text is the research question, not a disease. My judgement: healthy adult women.",Target Sample Size 52,"Cognitive performance measured by cognitive tests, reported jointly with cerebral metabolic parameters (PCr, ATP, Pi, Cr) from 31P-MRS/1H-MRS and estrogen/creatine blood levels, across the menstrual cycle",Recruiting planned; planned study start 2026-10-01,2030-10-01 (planned study completion date),NULL_EFFECT,0.03,-0.14,0.2,ledger:Prokopidis 2023 Nutrition Reviews,"pooled interval [-0.14, 0.20] spans 0",primary,2026-09-20,2baedf8,PENDING,,https://drks.de/search/en/trial/DRKS00041152
ISRCTN16663180,ISRCTN,nonus,creatine,"Creatine monohydrate (Creapure) or matched placebo as powder in a beverage: loading dose ""20 g/day (4 x 5 g servings) for 7 days, followed by a long-term maintenance dose of 5 g/day"" for 11 weeks, combined with a structured 12-week resistance training programme. A compound-plus-training design.","Career male or female firefighters aged between 18 and 50 years. Judgement: HEALTHY ADULTS — an occupational sample of working firefighters with no disease criterion, not a patient group.",24 actual enrolled against a target of 30 (small and under-enrolled),"CAVEAT — cognition is a SECONDARY outcome here. Named objective measure: ""Psychomotor Vigilance Task Test reaction time (ms)"". The primary outcome is completion time for the Fire Ground Test, a 13-task occupational simulation, which is physical rather than cognitive.","Completed. Recruitment recorded 16 February 2026 to 19 February 2026. No publication details listed; data ""not expected to be made available"".","Overall trial end date 14 May 2026 — already passed, with no results posted.",NULL_EFFECT,0.03,-0.14,0.2,ledger:Prokopidis 2023 Nutrition Reviews,"pooled interval [-0.14, 0.20] spans 0",secondary,2026-09-20,2baedf8,PENDING,,https://www.isrctn.com/api/query/format/default?q=ISRCTN16663180
CRD420250650923,PROSPERO,reviews,dextroamphetamine,"Acute administration of amphetamine at any dosage, versus placebo control condition.","Healthy volunteers — 'Healthy adults (aged 18-65 years)'. Conducted in facilities authorised to run clinical trials in healthy subjects. HEALTHY ADULTS: yes, clean.",not stated (systematic review; no target number of included studies given),Digit Symbol Substitution Test (DSST) — speed and processing accuracy. Secondary: attention and information-processing-speed measures from other tasks.,Ongoing (PROSPERO reviewstatus 'Ongoing'; PublicationStatus 'Registered'; editing status 'Stable'),"Registered 02 May 2025. Stated review start date 15 April 2025, end date 31 December 2025 — end date has PASSED while status remains Ongoing, i.e. completed-but-unpublished. PubMed shows no matching publication.",NULL_EFFECT,0.21,-0.06,0.47,ledger:Roberts 2020 Eur Neuropsychopharmacol,"pooled interval [-0.06, 0.47] spans 0",primary,2026-09-20,2baedf8,PENDING,,https://www.crd.york.ac.uk/PROSPERO/view/CRD420250650923
NCT07666685,ClinicalTrials.gov,nutraceutical,dietary_nitrate,"Daily beetroot extract juice (nitrate-rich) vs nitrate-depleted beetroot juice placebo, each with or without a supervised multicomponent exercise programme (strength, balance, mobility, aerobic); four groups, 12 weeks","Adults aged 75 and over recruited from the Geriatrics Service of Hospital Universitario de Navarra or primary care, ambulating independently, Barthel Index >60. Registry flags healthy volunteers = yes. MIXED - flagging explicitly: only advanced/severe dementia (GDS 6-7) is excluded, so mild cognitive impairment may be present in the sample.",120 (ESTIMATED),"Stroop Test, Symbol Digit Modalities Test (SDMT) and Trail Making Test Part A, at baseline, 6 weeks and 12 weeks (listed among co-primaries alongside blood pressure and physical function)",RECRUITING,Primary completion 2027-10 (estimated); overall completion 2027-11 (estimated); last update posted 2026-06-30,NULL_EFFECT,0.06,-0.06,0.18,ledger:Clifford 2019 Crit Rev Food Sci Nutr,"pooled interval [-0.06, 0.18] spans 0",primary,2026-09-20,2baedf8,PENDING,,https://clinicaltrials.gov/study/NCT07666685
NCT07109245,ClinicalTrials.gov,hormonal,insulin_intranasal,"Intranasal insulin, ""160 IU of intransal insulin"" (registry spelling) versus ""1.6 mL of intranasal saline"" on MRI visits, crossed with oral haloperidol titrated up to 2 mg nightly for 7 days versus identical placebo capsules.","HEALTHY ADULTS - clean fit on population. Healthy-volunteers flag true; ages 18-35, both sexes; conditions listed include ""Healthy Controls"". Inclusion requires BMI 18.5-24.9. Exclusions remove any psychiatric illness or substance use history, pre-diabetes/diabetes, HOMA-IR >=2.5, family diabetes history, irregular menstrual cycles and hormonal contraceptives.",35 (ESTIMATED enrolment),"Cognition is secondary and is listed as ""Antipsychotic Related Outcome: Digit Symbol Substitution Test"". Primaries are resting-state functional connectivity between the anterior cingulate and lateral parietal cortex, plus metabolic measures (BMI, waist circumference, glucose, insulin, C-peptide, HbA1c, HOMA-IR). DESIGN CAVEAT THE PROJECT MUST CARRY: intranasal insulin is administered in BOTH arms, so the randomised DSST contrast tests haloperidol versus placebo, not insulin versus saline. This is an insulin-action mechanism study, not an insulin cognitive-enhancement trial.",RECRUITING,Primary completion date 2028-08 (ESTIMATED); study completion date 2028-12 (ESTIMATED); start date 2025-12-11 (ACTUAL); last update posted 2026-04-02. hasResults is false. Long-dated.,NULL_EFFECT,0.02,-0.05,0.09,ledger:Wu 2023 PLoS One,"pooled interval [-0.05, 0.09] spans 0",primary,2026-09-20,2baedf8,PENDING,,https://clinicaltrials.gov/study/NCT07109245
CRD420261431354,PROSPERO,hormonal,menopausal_hormone_therapy,"Combined menopausal hormone therapy regimens in which a progestogen is given alongside oestrogen, with the progestogen component separately identifiable. Named classes include micronised progesterone (oral/vaginal), pregnanes (MPA, dydrogesterone, nomegestrol, cyproterone, chlormadinone), norpregnanes (promegestone, trimegestone, nestorone), estranes (norethisterone, NETA, lynestrenol), gonanes (levonorgestrel, desogestrel, gestodene, norgestimate), dienogest and drospirenone. Frequentist network meta-analysis with placebo/no-treatment as reference node; minimum follow-up 12 weeks.","HEALTHY ADULTS - good fit. Peri- and postmenopausal women of any age (natural, surgical or iatrogenic menopause). The review explicitly excludes established dementia or major neurocognitive disorder at baseline, MCI at baseline (sensitivity analysis only), pre-existing neurological conditions (Parkinson's, MS, epilepsy, stroke with cognitive sequelae, TBI), and psychiatric disorders with cognitive impairment as a core feature - so the analysed population is cognitively healthy menopausal women. Subgroups of interest include premature ovarian insufficiency and early menopause.",Not stated - number of included studies and pooled participants is not pre-specified in the registration.,"Main outcome 2 is ""Global cognitive function - Composite or summary score of overall cognitive performance assessed by a validated instrument (e.g., MMSE, MoCA, 3MS, ADAS-Cog)"", pooled as standardised mean difference (main outcome 1 is incident dementia). Additional outcomes name the domains directly: ""verbal and episodic memory, executive function, processing speed and attention, working memory, verbal fluency, visuospatial function"". Certainty rated with GRADE; node-splitting for inconsistency.","Registered; review status recorded as ""The review is currently planned or ongoing."" Only pilot work is marked started - formal searching, screening, extraction, risk-of-bias and synthesis are all unstarted as of the registration.","Registration states ""Review start date: 1 July 2026. Review end date: 22 December 2026."" Date of first submission to PROSPERO 26 June 2026; date of registration 07 July 2026. Not yet published.",NULL_EFFECT,-0.161,-0.666,0.344,ledger:Andy 2024 Front Endocrinol,"pooled interval [-0.67, 0.34] spans 0",primary,2026-09-20,2baedf8,PENDING,,https://www.crd.york.ac.uk/PROSPERO/view/CRD420261431354
NCT06530459,ClinicalTrials.gov,hormonal,menopausal_hormone_therapy,"Menopausal hormone therapy: ""17beta-estradiol topical gel (1.25-2.5 gms) applied daily"" plus ""micronized Progesterone 200mg daily for 12 days each month"", for 12 weeks. Four arms: exercise alone, MHT alone, MHT + strength training, and standard care. The compound-plus-training arm is the design the brief flags as especially interesting.","BORDERLINE-HEALTHY, stated explicitly. Healthy-volunteers flag is true; women only, ages 30-59. Participants are menopausal/perimenopausal women with multi-site arthralgia of at least 3 months - so they are symptomatic for joint pain but are not a cognitive, neurological or psychiatric patient group. Exclusions remove ""History of thrombo-embolic diseases, strokes, ischemic heart disease, dementia or psychiatric disorders"", active malignancy, recent hormone therapy, current smoking and BMI>35. Judgement: cognitively healthy adults, with an arthralgia inclusion criterion that should be stated in any prediction.",100 (ESTIMATED enrolment),"Cognition is secondary. The objective measure is ""Changes in verbal memory measured using the Hopkins Verbal Learning Test"" at 12 weeks. The primary outcome is unrelated - relative change in perceived arthralgia on the 10-item Orebro Musculoskeletal Pain Screening Questionnaire. Other secondaries are handgrip strength, isokinetic knee extension, physical performance battery, Menopause Rating Scale, PSQI, GAD-7, CES-D, SF-12 and HOMA-IR.",RECRUITING,"Primary completion date 2027-04 (ESTIMATED); study completion date 2028-04 (ESTIMATED); start date 2024-08-01 (ESTIMATED); last update posted 2024-07-31. hasResults is false. Note the record has not been updated in over two years, so the dates carry more than usual uncertainty.",NULL_EFFECT,-0.161,-0.666,0.344,ledger:Andy 2024 Front Endocrinol,"pooled interval [-0.67, 0.34] spans 0",secondary,2026-09-20,2baedf8,PENDING,,https://clinicaltrials.gov/study/NCT06530459
NCT07242430,ClinicalTrials.gov,nutraceutical,multivitamin_mineral,"Multivitamin/mineral supplement (described in the summary as multi-vitamin/mineral and herbal-extract-containing), 1 tablet per day for 12 weeks, vs placebo","Women aged 40-60 who self-assess as healthy and report troublesome perimenopause symptoms but are not post-menopausal. Judgement: healthy adults. Same exclusion set as the magnesium arm, including any medication with strong likelihood of effects on cognition.",58 (ESTIMATED),"Numeric working memory % accuracy and reaction time; plus 3-back accuracy/RT, Corsi blocks task score, alphabetic working memory, and word/picture recognition accuracy and RT, all as co-primaries",ACTIVE_NOT_RECRUITING,Primary completion 2026-10-25 (estimated); overall completion 2026-12-08 (estimated); last update posted 2026-08-05,NULL_EFFECT,0.07,0.03,0.11,ledger:Vyas 2024 Am J Clin Nutr,"pooled interval [0.03, 0.11] excludes 0 but g=0.07 is below the 0.20 floor, so a single trial is not expected to reach significance",primary,2026-09-20,2baedf8,PENDING,,https://clinicaltrials.gov/study/NCT07242430
NCT07814300,ClinicalTrials.gov,nutraceutical,omega_3,"DHA-dominant algae-based omega-3 formulation, approximately 950 mg DHA and 350 mg EPA daily for 12 weeks, vs placebo","Healthy women aged 40-60 experiencing perimenopause or menopause. Judgement: healthy adults. Diagnosed psychiatric/neurological conditions, stroke, cardiovascular disease and diabetes are excluded, as is current HRT use. Not a patient group.",42 (ACTUAL enrolment),Verbal memory via the Rey Auditory Verbal Learning Test (RAVLT); plus working memory via Digit Span Test and the Stroop Test as co-primaries,ACTIVE_NOT_RECRUITING,Primary completion 2026-08-30 (ACTUAL); overall completion 2026-10 (estimated); first posted and last updated 2026-09-10,NULL_EFFECT,0.0411,-0.1078,0.1899,ledger:Wei 2024 BMC Medicine,"pooled interval [-0.11, 0.19] spans 0",primary,2026-09-20,2baedf8,PENDING,,https://clinicaltrials.gov/study/NCT07814300
IRCT20260509069301N1,IRCT (Iranian Registry of Clinical Trials),eu-national,oxytocin_intranasal,"Intranasal oxytocin nasal spray (Oxypure, Phurluv Health, USA), 12 IU per puff, one puff in each nostril (24 IU total) vs sodium chloride placebo; within-subject crossover across two sessions.",Health condition recorded as 'Normal population'; right-handed males aged 18-45. My judgement: healthy adults (no disease group named anywhere in the record).,Target sample size 40,"CANTAB battery as secondary outcomes: Rapid Visual Processing (sustained attention) at 80 min, Stop Signal Task (inhibition) at 85 min, Intra-Extra Dimensional set shift (cognitive flexibility) at 90 min, Cambridge Gambling Task (decision making) at 95 min. Primary outcome is an image-based pain empathy task.",Recruitment complete; expected recruitment 2026-05-22 to 2026-08-22; no results posted,no date stated (expected recruitment end date 2026-08-22),NULL_EFFECT,0.13,0.02,0.24,ledger:Leppanen 2017 Neurosci Biobehav Rev,"pooled interval [0.02, 0.24] excludes 0 but g=0.13 is below the 0.20 floor, so a single trial is not expected to reach significance",primary,2026-09-20,2baedf8,PENDING,,https://en.irct.ir/trial/89967
CRD420251266075,PROSPERO,nutraceutical,anthocyanins,"Blackcurrant-based supplements (anthocyanin-rich berry polyphenol), acute and chronic intervention trials. Registry Intervention field confirmed to contain 'blackcurrant'. No dose/duration readable from the fields I could query.","Healthy adults. Judgement: healthy adults. The registered title states it, and a field-scoped query confirms the Population[PA] field contains 'healthy'.",not stated,"Field-scoped queries confirm the Main outcomes[OP] field contains memory, attention and executive (function); the specific instruments are not readable from the index fields I could query. Mood is a secondary domain in the title.",Ongoing,No anticipated completion date readable. PROSPERO registration date (RIS DP field) 02/03/2026; review status Ongoing as of this session; record is live and within the registry's 'last 6 months' bucket.,POSITIVE,0.46,0.3,0.63,ledger:Micek 2025 GeroScience,"pooled interval [0.30, 0.63] lies entirely above 0 and g=0.46 reaches the 0.20 floor",primary,2026-09-20,2baedf8,PENDING,,https://www.crd.york.ac.uk/PROSPERO/view/CRD420251266075
CRD420261328535,PROSPERO,inplasy-reviews,anthocyanins,"Anthocyanins or anthocyanin-rich foods/supplements at a specified dose vs placebo/control; multi-component interventions where the independent anthocyanin effect cannot be isolated, and dietary-pattern studies without a defined anthocyanin exposure, are excluded. RCTs only, published and unpublished, any language, to February 2026.","'healthy participants of any age or gender'; excluded are 'participants with diagnosed neurological, psychiatric, sleep, or major medical disorders'. JUDGEMENT: healthy, with an unusually thorough exclusion list (sleep disorders are excluded too, which most protocols forget) — same honest caveat as the gingerol record: no lower age bound is set.",not stated,"Cognition — learning and memory (listed first among the main outcomes, ahead of mood, sleep, cerebral blood flow, oxidative stress, inflammation, BDNF and gut microbiota)","Ongoing — 'The review is currently planned or ongoing'; no review stage yet marked complete. First submitted 28 February 2026, registered 5 May 2026.","Review end date 30 June 2026 (registry-stated; elapsed, record still Ongoing and unpublished)",POSITIVE,0.46,0.3,0.63,ledger:Micek 2025 GeroScience,"pooled interval [0.30, 0.63] lies entirely above 0 and g=0.46 reaches the 0.20 floor",primary,2026-09-20,2baedf8,PENDING,,https://www.crd.york.ac.uk/PROSPERO/view/CRD420261328535
CRD420251163859,PROSPERO,reviews,caffeine,"Single oral dose of caffeine, dosage clearly quantified, versus placebo. Randomized trials only, laboratory settings only.","Healthy adults aged over 18 with no pre-existing cognitive impairments or medical conditions affecting working memory or caffeine metabolism; self-reported or clinically diagnosed psychiatric disorders excluded. HEALTHY ADULTS: yes, clean.",not stated (systematic review; no target number of included studies given),"Working memory performance, explicitly via the N-back task (2-back, 3-back), with accuracy and reaction time as the outcome metrics.",Ongoing (PROSPERO reviewstatus 'Ongoing'; PublicationStatus 'Registered'; editing status 'Stable'),"Registered 08 October 2025, record last dated 03 November 2025. Stated review start date 8 October 2025, end date 31 December 2025 — end date has PASSED while status remains Ongoing, i.e. completed-but-unpublished. PubMed shows no caffeine x working-memory meta-analysis published.",POSITIVE,0.28,0.21,0.36,ledger:Klove & Petersen 2025 Psychopharmacology,"pooled interval [0.21, 0.36] lies entirely above 0 and g=0.28 reaches the 0.20 floor",primary,2026-09-20,2baedf8,PENDING,,https://www.crd.york.ac.uk/PROSPERO/view/CRD420251163859
CRD420261427771,PROSPERO,inplasy-reviews,caffeine,"Acute caffeine administration prior to behavioural visual attention / perceptual tasks — capsule, tablet, beverage, coffee or other clearly caffeinated form, provided the caffeine effect can be isolated; placebo or non-caffeinated control required. Chronic intake without an acute condition, withdrawal studies and combination products excluded.","'Human participants aged 18 years or older. Studies involving healthy adults or non-clinical populations will be included.' Excludes diagnosed medical, neurological or psychiatric conditions, substance use disorder, and — notably — sleep-deprived, fatigued or shift-work populations where that is the main experimental condition. JUDGEMENT: healthy adults, and unusually strictly so.",not stated,"Objective behavioural measures of visual attention / perceptual processing: reaction time, task accuracy, target detection, omission and commission errors, false alarms, visual search performance, attentional orienting/cueing effects, perceptual discrimination. Purely neuroimaging studies without behavioural measures are excluded.",Ongoing — 'The review is currently planned or ongoing'; pilot work complete. First submitted and registered 24 June 2026.,"Review end date 27 August 2026 (registry-stated; elapsed, record still Ongoing and unpublished)",POSITIVE,0.28,0.21,0.36,ledger:Klove & Petersen 2025 Psychopharmacology,"pooled interval [0.21, 0.36] lies entirely above 0 and g=0.28 reaches the 0.20 floor",primary,2026-09-20,2baedf8,PENDING,,https://www.crd.york.ac.uk/PROSPERO/view/CRD420261427771
CTRI/2026/01/102078,"CTRI (Clinical Trials Registry - India), via WHO ICTRP",ictrp-bulk,caffeine,"Caffeine administered orally as a caffeinated drink at 3 mg/kg body weight, blinded randomised crossover. Sponsor: AIIMS Bhopal.","'Male participants aged 18 to 29 years / Right handed individuals / Apparently healthy volunteers capable of providing written informed consent'. Exclusions: BMI > 25, any tobacco use, epilepsy or seizures, TMS contraindications, neuropsychiatric disorders, chronic debilitating illness, intellectual disability, brain trauma or surgery, any drug affecting cortical excitability or caffeine metabolism. My judgement: healthy young men, strictly screened.",32,"Simple and choice reaction time measured with the Computerized Reaction Time Test (Deary-Liewald Reaction Time Task), with error percentage recorded — registered as a secondary outcome. The registered primary outcome is resting motor threshold by single-pulse TMS, with MEP amplitude and latency.",Not Yet Recruiting (date of first enrolment 02-03-2026),no date stated (outcome timepoint given as 'Bassline to 2 Month'),POSITIVE,0.28,0.21,0.36,ledger:Klove & Petersen 2025 Psychopharmacology,"pooled interval [0.21, 0.36] lies entirely above 0 and g=0.28 reaches the 0.20 floor",primary,2026-09-20,2baedf8,PENDING,,https://trialsearch.who.int/Trial2.aspx?TrialID=CTRI%2F2026%2F01%2F102078
IRCT20160306026938N19,IRCT (Iranian Registry of Clinical Trials),eu-national,caffeine,"Three-way crossover, one week between capsules: (a) caffeine 200 mg pure; (b) combination capsule of caffeine 150 mg + L-theanine 200 mg + piperine 10 mg; (c) placebo 300 mg starch. Attention measured 30 min post-dose.","Title states 'in healthy people'; ages 19-45, both sexes, regular tea/coffee drinkers (>=5 cups/week), normal or corrected vision, BMI 20-30; exclusions are only pregnancy, acute illness, incurable chronic disease, immune deficiency, smoking. Flag to weigh: the structured health-condition field reads 'Attention and concentration deficit', but no eligibility criterion requires any attention diagnosis, so I read that field as naming the construct under study rather than a patient group.",Target sample size 31,"Total attention score measured by the Integrated Visual and Auditory Continuous Performance Test (IVA-2), at baseline and half an hour after taking drug or placebo","Recruitment complete; expected recruitment 2024-02-14 to 2024-03-15; no results link, and a targeted literature search found no matching publication",no date stated (expected recruitment end date 2024-03-15),POSITIVE,0.28,0.21,0.36,ledger:Klove & Petersen 2025 Psychopharmacology,"pooled interval [0.21, 0.36] lies entirely above 0 and g=0.28 reaches the 0.20 floor",primary,2026-09-20,2baedf8,PENDING,,https://en.irct.ir/trial/74697
IRCT20251022067723N1,IRCT (Iranian Registry of Clinical Trials),eu-national,caffeine,"Caffeine 400 mg (2 x 200 mg tablets in a capsule, Karen Pharmaceutical Company) with water, under normobaric hypoxic conditions, vs 400 mg cellulose placebo capsule; crossover sessions.","Health condition recorded as 'Participants are healthy individuals'; male physical-education students aged 18-29, BMI 18.5-24.9, weight 67-100 kg. My judgement: healthy adults.",Target sample size 20,"Choice reaction time (selective reaction time software), inhibitory control (modified Stroop test software), and working memory (N-Back software test), each measured before and after intervention in each session",Recruitment complete; expected recruitment 2025-11-16 to 2025-12-22; no results posted,no date stated (expected recruitment end date 2025-12-22),POSITIVE,0.28,0.21,0.36,ledger:Klove & Petersen 2025 Psychopharmacology,"pooled interval [0.21, 0.36] lies entirely above 0 and g=0.28 reaches the 0.20 floor",primary,2026-09-20,2baedf8,PENDING,,https://en.irct.ir/trial/87036
IRCT20260217068895N1,IRCT (Iranian Registry of Clinical Trials),eu-national,caffeine,"Caffeine 6 mg per kg body weight in capsule form with a glass of water vs identical capsule containing starch placebo, single test session; crossed with nasal vs oral breathing pattern. Randomized, single-blind, parallel, placebo-controlled.","Elite swimmers aged 18-35, both sexes, training 3-5 sessions per week; inclusion explicitly requires 'Complete Physical and Mental Health' and excludes any history of brain injuries, cognitive disorders or respiratory disease. My judgement: healthy adults.",Target sample size 15,"Working memory, reaction time and response accuracy, each measured with a DMS (delayed match-to-sample) software-based test after the intervention in each session; EEG frequency-band power and connectivity are additional primaries",Complete; expected recruitment 2026-03-10 to 2026-04-08; registered 2026-08-20; no results posted,no date stated (expected recruitment end date 2026-04-08),POSITIVE,0.28,0.21,0.36,ledger:Klove & Petersen 2025 Psychopharmacology,"pooled interval [0.21, 0.36] lies entirely above 0 and g=0.28 reaches the 0.20 floor",primary,2026-09-20,2baedf8,PENDING,,https://en.irct.ir/trial/89192
IRCT20260723070323N1,IRCT (Iranian Registry of Clinical Trials),eu-national,caffeine,"Four-condition randomized crossover with washout: caffeine gum, caffeine capsules, placebo gum, placebo capsules; each participant receives all four in separate sessions. Single-blind, placebo-controlled.","Male table tennis players aged 18-24 with at least 2 years' training experience, three sessions per week. No disease group named anywhere in the record; condition free-text is 'Performance and cognitive outcomes in male table tennis players'. My judgement: healthy trained adults, though the record never uses the word 'healthy' explicitly.",Target sample size 18,"Working memory measured with the IVA-2 Integrated Visual and Auditory Continuous Performance Test, plus attention via the Stroop Color-Word Test and hand reaction time via the Nelson Ruler Drop Test, each following each intervention",Recruiting; expected recruitment 2026-08-21 to 2026-11-21,2026-11-21 (expected recruitment end date),POSITIVE,0.28,0.21,0.36,ledger:Klove & Petersen 2025 Psychopharmacology,"pooled interval [0.21, 0.36] lies entirely above 0 and g=0.28 reaches the 0.20 floor",primary,2026-09-20,2baedf8,PENDING,,https://en.irct.ir/trial/91890
NCT05325502,ClinicalTrials.gov,stimulant,caffeine,"Caffeine 200 mg in the morning plus 100 mg in the afternoon, daily for 7 days, vs. matched mannitol placebo (200 mg AM / 100 mg PM)","Clinically healthy non-smokers aged 18-40, habitual caffeine intake 100-450 mg/day; depression, anxiety, psychosis, neurologic, cardiovascular and metabolic disease excluded. Registry healthyVolunteers flag = true. My judgement: HEALTHY ADULTS.",36 (estimated enrolment),"Accuracy (percent correct) in implicit learning under differing probabilities of monetary reward feedback, measured by the Probabilistic Selection Task test phase; Go/NoGo false-alarm rate secondary","Active, not recruiting",Primary completion 2025-12-31 (ACTUAL — primary data collection is finished); overall completion 2026-12-31 (ESTIMATED); last update posted 2026-03-17. Near-term readout.,POSITIVE,0.28,0.21,0.36,ledger:Klove & Petersen 2025 Psychopharmacology,"pooled interval [0.21, 0.36] lies entirely above 0 and g=0.28 reaches the 0.20 floor",primary,2026-09-20,2baedf8,PENDING,,https://clinicaltrials.gov/study/NCT05325502
NCT05588934,ClinicalTrials.gov,stimulant,caffeine,"Caffeine gum, 100 mg per piece, vs. non-caffeinated placebo gum; dosing schedule personalized by the 2B-Alert algorithm vs. standard recommended dosing, across total sleep deprivation","Healthy adults aged 18-39, habitual sleep 6-9 h/night. Registry healthyVolunteers flag = true. My judgement: HEALTHY ADULTS, unambiguously — sleep deprivation is an experimentally imposed challenge, not a patient condition.",180 (estimated enrolment),Mean psychomotor vigilance test (PVT) reaction time during the Peak Alertness Window — sole primary outcome,Recruiting,"Primary completion and completion both 2026-03 (ESTIMATED); last update posted 2025-11-04. Note the estimated date has now passed while status remains Recruiting, so the date is soft.",POSITIVE,0.28,0.21,0.36,ledger:Klove & Petersen 2025 Psychopharmacology,"pooled interval [0.21, 0.36] lies entirely above 0 and g=0.28 reaches the 0.20 floor",primary,2026-09-20,2baedf8,PENDING,,https://clinicaltrials.gov/study/NCT05588934
NCT06763172,ClinicalTrials.gov,stimulant,caffeine,"Caffeine 200 mg orally, administered 20 minutes before simultaneous PET/fMRI acquisition, vs. lactose tablet placebo","Clinically healthy non-smokers aged 18-45 with habitual caffeine intake 100-450 mg/day; depression, anxiety, psychosis and neurologic disorders excluded. Registry healthyVolunteers flag = true. My judgement: HEALTHY ADULTS.",12 (estimated enrolment),Reinforcement learning accuracy on the Probabilistic Selection Task (PST) performed in fMRI — a co-primary alongside [11C]raclopride D2/D3 receptor availability; Go/NoGo motor inhibition accuracy is secondary,Recruiting,Primary completion and completion both 2026-12-31 (ESTIMATED); last update posted 2025-01-09,POSITIVE,0.28,0.21,0.36,ledger:Klove & Petersen 2025 Psychopharmacology,"pooled interval [0.21, 0.36] lies entirely above 0 and g=0.28 reaches the 0.20 floor",primary,2026-09-20,2baedf8,PENDING,,https://clinicaltrials.gov/study/NCT06763172
NCT07469852,ClinicalTrials.gov,stimulant,caffeine,"Caffeine anhydrous 300 mg in 3 capsules vs. matched placebo capsules vs. a no-pill control arm; randomized crossover, morning testing","Healthy males aged 18-35 with >=2 years weight/strength training experience, low habitual caffeine consumers (<=150 mg/day); depressed mood, poor sleep quality and extreme chronotype excluded. Registry healthyVolunteers flag = true. My judgement: HEALTHY ADULTS (male only).",15 (estimated enrolment),"Three objective cognitive tests are listed among the primary outcomes: Trail Making Test parts A and B time to completion in seconds, Rey Auditory Verbal Learning Test, and the Stroop word-colour interference test","Active, not recruiting","Primary completion and completion both 2026-03-25 (ESTIMATED); last update posted 2026-03-13. Date has passed, so this is likely completed-but-unreported.",POSITIVE,0.28,0.21,0.36,ledger:Klove & Petersen 2025 Psychopharmacology,"pooled interval [0.21, 0.36] lies entirely above 0 and g=0.28 reaches the 0.20 floor",primary,2026-09-20,2baedf8,PENDING,,https://clinicaltrials.gov/study/NCT07469852
jv974,OSF Registries,registered-reports,caffeine,"Caffeine 250 mg vs cellulose-powder placebo, both dissolved in decaffeinated coffee to match taste, colour and aroma. Within-subject double-blind crossover, two sessions, 4-7 day washout, 24-hour caffeine abstinence before each session, order counterbalanced by block randomisation, habitual intake recorded as covariate.","Healthy young adults. Recruitment prose: ""Healthy young adults are recruited from university campuses via convenience sampling."" ADHD symptoms are measured dimensionally with the ASRS and grand-mean-centred as a continuous moderator — this is NOT an ADHD patient sample and there is no diagnosis-based recruitment or medication criterion. Read the title carefully before using it: the ADHD term describes a moderator variable, not the population.",36 completing both sessions (participants who complete only one are replaced until 36 complete usable datasets are obtained).,"Four computer-based objective tasks, reaction time and accuracy on each: N-back 2-back and 3-back (accuracy = hits minus false alarms; RT for correct hits) for working memory; RSVP attentional blink scored as T2|T1 accuracy for temporal attention; Stroop interference score (RT incongruent minus RT congruent) for cognitive inhibition; Go/No-Go commission error rate and d-prime for response inhibition.","Registered 2026-03-07, OSF Preregistration. Data collection ongoing and the authors state they have run no preliminary analyses and not accessed the data for hypothesis testing. Stopping rule is fixed at 36 complete datasets.",no date stated,POSITIVE,0.28,0.21,0.36,ledger:Klove & Petersen 2025 Psychopharmacology,"pooled interval [0.21, 0.36] lies entirely above 0 and g=0.28 reaches the 0.20 floor",primary,2026-09-20,2baedf8,PENDING,,https://osf.io/jv974/
CRD420261499408,PROSPERO,reviews,caffeine_plus_taurine,"Acute co-ingestion of taurine and caffeine (nutritional supplement), versus placebo. Both randomized and non-randomized study types eligible.","Physically active young adults. HEALTHY ADULTS: yes — an athletic/active healthy population, not a patient group. Note this is a fitness-selected sample, so it is healthy but not general-population.",not stated (systematic review; no target number of included studies given),"'Cognitive Functions and Executive Performance' — reaction time (simple and choice), information processing speed, inhibitory control, cognitive flexibility, via Stroop Color and Word Test, Trail Making Test, light-based reaction systems (ReactionX/BlazePod) and N-back tasks. Hedges' g. Measured pre-exercise after the absorption window and/or immediately post-exhaustive exercise. Cognition sits alongside physical-performance, cardiovascular and metabolic outcomes.",Ongoing (PROSPERO reviewstatus 'Ongoing'; PublicationStatus 'Registered'; editing status 'Stable'),"Registered 07 September 2026 — 13 days ago, the most recently registered PROSPERO record in this lane. Stated review start date 6 September 2026, end date 30 December 2026.",POSITIVE,0.53,0.03,1.07,ledger:J Int Soc Sports Nutr 2025,"pooled interval [0.03, 1.07] lies entirely above 0 and g=0.53 reaches the 0.20 floor",primary,2026-09-20,2baedf8,PENDING,,https://www.crd.york.ac.uk/PROSPERO/view/CRD420261499408
CRD420261386551,PROSPERO,reviews,cocoa_flavanols,"Acute cocoa intake — cocoa-based beverages, chocolate, or cocoa-derived products standardized for flavanol or polyphenol content. Comparator: low-polyphenol cocoa. Randomized trials only.","'Healthy adults (≥18 years), without diagnosed neurological or psychiatric conditions.' HEALTHY ADULTS: yes, clean.",not stated (systematic review; no target number of included studies given),"Attention (reaction time, vigilance, processing speed) and working memory, as co-primary outcomes. Synthesized as Hedges' g with effect directions reversed where lower scores indicate better performance. Mood and mental fatigue are secondary only.",Ongoing (PROSPERO reviewstatus 'Ongoing'; PublicationStatus 'Registered'; editing status 'Stable'),"Registered 04 May 2026 (record dated 07 May 2026). Stated review start date 4 May 2026, end date 25 June 2026 — end date has PASSED while status remains Ongoing. Distinct from the published PMID 42641106 (Aug 2026), which covers CHRONIC dark chocolate/cocoa intake; this registration is acute-only.",POSITIVE,0.224,0.014,0.434,ledger:Cheng 2022 Mol Nutr Food Res,"pooled interval [0.01, 0.43] lies entirely above 0 and g=0.22 reaches the 0.20 floor",primary,2026-09-20,2baedf8,PENDING,,https://www.crd.york.ac.uk/PROSPERO/view/CRD420261386551
ISRCTN29176549,ISRCTN,nonus,cocoa_flavanols,Daily cocoa powder 15.5 g in 250 ml cold water or milk for 8 weeks; high-flavanol arm approximately 660 mg flavanols versus low-flavanol control arm approximately 36 mg flavanols. Acute-within-chronic double-blind randomised placebo-controlled parallel design.,"Condition field reads ""Healthy volunteers""; inclusion criteria are ""Healthy male or female"" and ""Aged between 18 to 40 years old OR above 65 years old"". Judgement: HEALTHY ADULTS — clean, spanning two distinct age strata (50 young, 50 older).",100 (target; 50 young adults and 50 older adults). Enrolment ongoing.,"CAVEAT — the objective cognitive tests are SECONDARY, not primary. Named secondary outcome: ""Executive function accuracy and reaction time (indicator of cognitive performance)"" measured by a ""Modified Attention Network Task"", a ""Switch Task"", and a ""Modified Stroop Task assesses selective attention and prepotent response inhibition during decision making"". The primary outcome is prefrontal oxygenated/deoxygenated haemoglobin by broadband near-infrared spectroscopy, which is a biomarker.",Active / ongoing; recruitment 01 October 2024 to 31 October 2026. Record last updated 10 September 2024. No publications or results reported.,Overall study end date 31 December 2026; recruitment ends 31 October 2026.,POSITIVE,0.224,0.014,0.434,ledger:Cheng 2022 Mol Nutr Food Res,"pooled interval [0.01, 0.43] lies entirely above 0 and g=0.22 reaches the 0.20 floor",secondary,2026-09-20,2baedf8,PENDING,,https://www.isrctn.com/api/query/format/default?q=ISRCTN29176549
NCT05519644,ClinicalTrials.gov,hormonal,exogenous_ketones,"Exogenous ketone ester taken twice daily during short-term sleep restriction. The registry describes it as ""a diester of hexanoic acid (a ketogenic medium chain fatty acid) and (R)-1,3 butanediol (C6 Di-ester)"". Per-dose amount not stated; protocol runs up to about 4 weeks with controlled feeding.","HEALTHY ADULTS - clean fit. Healthy-volunteers flag true; ages 18-40. Inclusion requires no health condition preventing completion; exclusions remove BMI>35, diagnosed sleep disorders (apnoea, insomnia), diabetes or metabolic dysfunction, major psychiatric disorders, GI disorders and recent ketogenic dieting. Sleep restriction is an experimental manipulation applied to healthy people, not a patient characteristic. Oriented toward military-relevant performance.",60 (ESTIMATED enrolment),"Objective cognition is PRIMARY here, which is unusual and valuable. Named primary measures: ""Automated Neuropsychological Assessment Metrics (ANAM)"", ""Cambridge Neuropsychological Test Automated Battery. (CANTAB)"", ""Gradual-onset Continuous Performance Task (GRAD-CPT"" and ""Face-Name Task"" (all time-framed ""Up to ~4 weeks""), alongside separate marksmanship and jump-power primaries.",ACTIVE_NOT_RECRUITING,Primary completion date 2026-09 (ESTIMATED); study completion date 2026-09 (ESTIMATED); start date 2023-06-20 (ACTUAL); last update posted 2026-06-01. hasResults is false. This is the nearest-term readout in the lane - the estimated completion month is the current month.,POSITIVE,0.36,0.18,0.54,ledger:Bonnechere 2026 Frontiers in Nutrition,"pooled interval [0.18, 0.54] lies entirely above 0 and g=0.36 reaches the 0.20 floor",primary,2026-09-20,2baedf8,PENDING,,https://clinicaltrials.gov/study/NCT05519644
NCT07051655,ClinicalTrials.gov,hormonal,exogenous_ketones,"Ketone monoester at 357 mg/kg body weight versus placebo, acute crossover design.","HEALTHY ADULTS with a stated BMI split. Healthy-volunteers flag true; ages 19-55. Three groups: obese sedentary (BMI 30-40), lean sedentary (BMI 18-25) and lean athletic (BMI 18-25, structured activity 5+ days/week). Exclusions remove neurological conditions, seizure history, and medications for diabetes, mood or attention disorders. Judgement: healthy adults, but one of the three strata is defined by obesity, so any prediction should specify which stratum it applies to.",45 (ESTIMATED enrolment),"Objective cognition is PRIMARY: ""NIH Toolbox Cognition Battery Composite Score and Domain-Specific Subtests"" reported separately for Executive function, Attention, Processing Speed and Memory, measured on Test Days 1 and 2. Secondaries add Senaptec Sensory Station visual working memory and processing speed, and driving-simulator reaction time.",RECRUITING,Primary completion date 2027-07-31 (ESTIMATED); study completion date 2027-07-31 (ESTIMATED); start date 2025-12-01; last update posted 2026-07-13. hasResults is false.,POSITIVE,0.36,0.18,0.54,ledger:Bonnechere 2026 Frontiers in Nutrition,"pooled interval [0.18, 0.54] lies entirely above 0 and g=0.36 reaches the 0.20 floor",primary,2026-09-20,2baedf8,PENDING,,https://clinicaltrials.gov/study/NCT07051655
NL-OMON57760,"NTR / Dutch Trial Register (OMON), via WHO ICTRP",ictrp-bulk,exogenous_ketones,"Ketone monoester (KME), two doses of 0.3 g/kg body weight and 0.2 g/kg body weight, vs taste- and volume-matched placebo, served in a blueberry-flavoured solution; open crossover, dosed within study sessions. Investigational product and placebo donated by TdeltaS Limited.","Two healthy age strata: 18-28 ('young' group) and 65-85 ('old' group). Excludes psychoactive medication now or in the past 6 months, any neurological/psychiatric diagnosis, diabetes/prediabetes, ketogenic diet or >24h fasting in the preceding month. My judgement: genuinely healthy adults, tightly screened.",80,Cognitive test scores on the adaptive n-back test (accuracy and reaction time) and a task-switching test (accuracy and reaction time),"Pending (confirmed on onderzoekmetmensen.nl/en/trial/57760: Recruitment status 'Pending', Enrollment 80, anticipated start 23-06-2025; no results section)",no date stated,POSITIVE,0.36,0.18,0.54,ledger:Bonnechere 2026 Frontiers in Nutrition,"pooled interval [0.18, 0.54] lies entirely above 0 and g=0.36 reaches the 0.20 floor",primary,2026-09-20,2baedf8,PENDING,,https://trialsearch.who.int/Trial2.aspx?TrialID=NL-OMON57760
CRD420251160876,PROSPERO,nutraceutical,l_theanine,L-theanine supplementation. Dose/duration not readable from the fields I could query.,Healthy adults. Judgement: healthy adults. Population[PA] field confirmed to contain both 'healthy' and 'adults'.,not stated,"Field-scoped queries confirm the Main outcomes[OP] field contains attention, memory and cognitive; specific instruments not readable from the index.",Ongoing,No anticipated completion date readable. PROSPERO registration date (RIS DP field) 03/10/2025; review status Ongoing as of this session.,POSITIVE,0.35,0.1,0.61,ledger:Payne 2025 Nutrition Reviews,"pooled interval [0.10, 0.61] lies entirely above 0 and g=0.35 reaches the 0.20 floor",primary,2026-09-20,2baedf8,PENDING,,https://www.crd.york.ac.uk/PROSPERO/view/CRD420251160876
IRCT20250403065192N1,IRCT (Iranian Registry of Clinical Trials),eu-national,l_theanine,"Acute L-theanine supplementation vs placebo, administered before a Bruce exhaustive aerobic test battery; cognitive testing before and after supplement or placebo.","Female athletes aged 18-30 exercising at least 4 sessions per week, normal BMI 18.5-24.9, no history of chronic disease or musculoskeletal injury in the past 6 months, no interfering supplements or medication. My judgement: healthy adult women (the registered health condition is 'Muscle injury', meaning exercise-induced muscle damage as the outcome, not an enrolment diagnosis).",Target sample size 20,"Cognitive function assessed before and after taking the supplement or placebo using standard cognitive tests, specified as the Stroop test or a working memory test (listed among the primary outcomes alongside muscle-damage bloods and balance)",Complete; expected recruitment 2025-05-31 to 2025-06-10; registered 2025-05-09; no results posted,no date stated (expected recruitment end date 2025-06-10),POSITIVE,0.35,0.1,0.61,ledger:Payne 2025 Nutrition Reviews,"pooled interval [0.10, 0.61] lies entirely above 0 and g=0.35 reaches the 0.20 floor",primary,2026-09-20,2baedf8,PENDING,,https://en.irct.ir/trial/82702
NCT07408180,ClinicalTrials.gov,cholinergic,nicotine,"Dissolvable oral nicotine tablet (mint flavour) at five nicotine contents — 0 mg, 0.5 mg, 1.0 mg, 1.5 mg, 2.0 mg — used for approximately 10 minutes, double-blind crossover. This is a true dose-response design, which is unusual and makes it more informative than a single-dose comparison.","Adults 19-60, healthy-volunteers flag true, condition listed as 'Attention'. Participants are current non-daily users of nicotine pouches (past 30-day use) who express no desire to quit; excluded if using NRT or cessation medication, if urine cotinine exceeds 500 ng/mL, or if exhaled CO is at least 10 ppm. My judgement: healthy adults, NOT a patient group — but explicitly nicotine-experienced rather than nicotine-naive, which matters because acute nicotine effects in users can partly reflect relief of mild abstinence rather than net enhancement.",40 (actual),"Change in attentional performance 15 minutes after the start of product use, assessed with the Conners Continuous Performance Test (CPT). Secondary outcome repeats the CPT at 2 hours to probe sustained effects.",Completed,"Primary completion 2026-03-16, study completion 2026-04-23, last update posted 2026-05-05. No results have been posted to the registry (resultsFirstPostDate is absent). Readout is therefore pending and overdue rather than scheduled.",POSITIVE,0.34,0.18,0.5,ledger:Heishman 2010 Psychopharmacology,"pooled interval [0.18, 0.50] lies entirely above 0 and g=0.34 reaches the 0.20 floor",primary,2026-09-20,2baedf8,PENDING,,https://clinicaltrials.gov/study/NCT07408180
2024-519670-39-00,CTIS (EU Clinical Trials Information System),eu-national,oxytocin,"Intravenous oxytocin infusion (Oxytocin Grindeks 8.3 microgram/ml, max daily dose 33.4 microgram) vs sodium chloride placebo infusion; triple-blind randomized. Sponsor: Linkopings Universitet, Sweden. Phase I.","Healthy participants aged 18-65, 'Good health as determined by medical history, ECG, and clinical assessment of lab tests', drug-screen negative, no psychiatric disorders. Trial group registered as 'Healthy volunteers'. My judgement: healthy adults.","not stated in the public record (Phase I, Sweden only)","Cognitive performance scores contrasting oxytocin with saline infusion: information processing speed accuracy, learning and memory scores, and maximum/total scores on verbal working memory. Instrument documents filed with the application name RAVLT and DSST.",Authorised; startDateEU 2025-10-13; trial recruitment period from 2025-11-20,2027-09-30 (estimated end date),POSITIVE,0.29,0.154,0.429,ledger:Shahrestani 2013 Neuropsychopharmacology,"pooled interval [0.15, 0.43] lies entirely above 0 and g=0.29 reaches the 0.20 floor",primary,2026-09-20,2baedf8,PENDING,,https://euclinicaltrials.eu/ctis-public/view/2024-519670-39-00
CRD420261280163,PROSPERO,hormonal,oxytocin,"Exogenous oxytocin (registration lists interventions as ""Oxytocin; Social Support"") versus placebo. Randomised trials only. Dose and route are not specified in the registration. Both published and unpublished studies will be sought.","HEALTHY ADULTS as stated by the registrants - the Population field reads, in full, ""Healthy population( No cognitive impairment)"". That is an explicit healthy, cognitively-unimpaired restriction. Caveat: the registration is terse throughout and gives no age range or further characterisation, so 'healthy' is the registrants' assertion rather than a detailed eligibility specification.",Not stated - target number of included studies or participants is not pre-specified.,"Stated only as ""Cognitive Level Score ;Cognitive Assessment Scale"", with ""Participation in Social Activities"" as an additional outcome. WEAKNESS TO NOTE: this wording does not name a specific instrument, so while it implies an administered cognitive assessment rather than self-report, it is too vague to pin a tight prediction to a particular test. Synthesis via RevMan with forest plots, sensitivity and heterogeneity analysis.","Registered; review status ""The review is currently planned or ongoing."" No review stage marked started.","Registration states ""Start date: 7 January 2026. End date: 1 April 2026."" Date of registration in PROSPERO 07 January 2026. The stated end date has already passed without publication, so this is an overdue-but-outstanding readout rather than a forward-dated one.",POSITIVE,0.29,0.154,0.429,ledger:Shahrestani 2013 Neuropsychopharmacology,"pooled interval [0.15, 0.43] lies entirely above 0 and g=0.29 reaches the 0.20 floor",secondary,2026-09-20,2baedf8,PENDING,,https://www.crd.york.ac.uk/PROSPERO/view/CRD420261280163
