identifier,outcome,source,quote,publication_date,primary_outcome_named,confidence,reasoning,where_i_looked
NCT07818564,UNRESOLVED,"https://clinicaltrials.gov/api/v2/studies/NCT07818564 (registry record read; hasResults = false, no DERIVED publication references)",,none found — no publication exists,"Two co-primary objective cognitive measures per the registry: (1) ""Reinforcement Learning and Abstraction Task"" (computer-based behavioral task measuring working memory and state abstraction) and (2) ""Belief Updating Task"" (computer-based task assessing trial-by-trial belief adjustments).",0.97,"The ClinicalTrials.gov v2 API record for NCT07818564 (""Pilot Study on the Effects of Psilocybin on Belief Updating and Insight Formation"", sponsor: Brown University, org study ID STUDY00001310, psilocybin 25 mg oral capsule vs microcrystalline cellulose placebo) reports overall status ""Not yet recruiting"", an ESTIMATED start date of November 2026 and estimated completion November 2027. Today is 2026-09-21, so the trial has not begun enrolling, let alone completed. hasResults = false; there is no results section. The referencesModule contains only two BACKGROUND citations (PMID 33057329, Lehnert et al. on reward-predictive representations; PMID 20844132, Nassar et al. on Bayesian delta-rule belief updating) — these are methodological background for the tasks, not results of this trial, and I did not treat them as such. A Europe PMC full-text/ID search on ""NCT07818564"" returned hitCount = 0. A targeted web search on the exact official title plus the org study ID plus sponsor returned no matching paper (only unrelated psilocybin/insight literature and a different Providence VA PTSD study). No primary-outcome result exists to read, so UNRESOLVED is the correct code. I have invented no PMID, DOI, effect size, p-value or interval, and I did not reason from psilocybin's general reputation or from any expectation about direction. Confidence is high rather than absolute only because I cannot fully exclude an unindexed source, but for a not-yet-recruiting trial a published primary result is essentially impossible.","(1) ClinicalTrials.gov v2 API record at https://clinicaltrials.gov/api/v2/studies/NCT07818564 — checked statusModule (Not yet recruiting; est. start Nov 2026, est. completion Nov 2027), hasResults flag (false), absence of a resultsSection, last update posted 2026-09-14, and referencesModule (only two BACKGROUND citations, PMIDs 33057329 and 20844132; no DERIVED/RESULT references). (2) Europe PMC REST search API for the accession ""NCT07818564"" across indexed literature — hitCount 0. (3) Web search on the exact official title ""Pilot Study on the Effects of Psilocybin on Belief Updating and Insight Formation"" combined with sponsor Brown University and org study ID STUDY00001310 — no matching publication; results were unrelated psilocybin/insight papers. Not searched further (Google Scholar, journal sites, PI-name searches) because a trial whose estimated start date is two months in the future cannot have a published primary cognitive outcome."
NCT07449351,UNRESOLVED,"https://clinicaltrials.gov/api/v2/studies/NCT07449351 (registry record read directly; hasResults = false, referencesModule empty — no publication found)",,"none — no publication exists; registry record first posted 2026-03-04, last update posted 2026-06-23, status verified 2026-06","The Complex Working Memory Span (CWMS) Task — fMRI measure (BOLD signal in frontal lobe), the lead objective cognitive measure among 14 listed co-primary outcomes (which also include the NIH Toolbox Cognitive Battery, Switching Stroop, Penn Conditional Exclusion Test, Flanker Inhibitory Control and Attention Test, Face Name Associated Memory Exam, 9-hole pegboard, NODDI imaging, plus self-report measures NEO-FFI, BDI, BAI, Harvard Flourishing, EMAs)",0.97,"The trial has not been conducted yet, so no result can exist. NCT07449351 is ""Effects of Psilocybin Microdosing on Cognition, Mood and Quality of Life: A Pilot Study"" (Yale University, collaborator Hartford HealthCare, PI Godfrey Pearlson, org study ID HHC-2025-0200): Early Phase 1, randomized, parallel, double-blind (participant + care provider), n=20 estimated, 2.0 mg psilocybin capsules three times weekly for four weeks vs matching placebo. The v2 API record shows overallStatus = NOT_YET_RECRUITING, estimated start 2026-08-10, estimated primary completion and completion 2028-04-01, hasResults = false, no resultsSection, and an entirely empty referencesModule (no DERIVED, RESULT, or BACKGROUND citations). Today is 2026-09-21, roughly six weeks past the estimated start and about 18 months before estimated primary completion, so a published primary result is not plausible and none was found. IMPORTANT NON-ATTRIBUTION: a web search surfaced PMID 41110634, ""Cognitive and subjective effects of psilocybin microdosing: Results from two double-blind placebo-controlled longitudinal trials,"" and a related creativity paper (PMID 41187880). Those are different trials from a different group and are NOT linked to NCT07449351 by the registry; I did not read their results and am deliberately not importing their findings or direction into this record. Coding the outcome from them would be exactly the reputation/analogy failure mode this task forbids. No effect size, p-value, or interval is reported here because none exists for this study.","(1) ClinicalTrials.gov v2 API record for NCT07449351, fetched twice (WebFetch summary plus raw JSON via curl, 12,819 bytes) and parsed: checked hasResults (false), presence of resultsSection (absent), protocolSection module list (no resultsSection, no referencesModule content — referencesModule is {}), statusModule (NOT_YET_RECRUITING, start 2026-08-10 ESTIMATED, primary completion 2028-04-01 ESTIMATED), designModule and outcomesModule (14 listed primary outcomes). (2) Web search for ""NCT07449351 psilocybin microdosing cognition Pearlson results"" — returned only other groups' microdosing papers and other NCT records, no publication of this trial. (3) Web search for the org study ID: ""HHC-2025-0200"" OR ""NCT07449351"" psilocybin microdosing Yale Hartford pilot — no hit on either identifier in any publication. (4) Attempted to open PubMed PMID 41110634 to confirm it is a different group's trial; PubMed returned only a cookie-consent page, but the registry's empty referencesModule and the trial's not-yet-started status already rule out any linkage. Not searched further (Europe PMC / Google Scholar / journal sites) because a trial with an estimated start six weeks ago and primary completion in April 2028 cannot have a published primary cognitive outcome."
NCT07051655,UNRESOLVED,"none found — registry record read: https://clinicaltrials.gov/api/v2/studies/NCT07051655 (hasResults: false, no referencesModule, versionHolder 2026-09-18)",,"none — no publication found; registry record last update posted 2026-07-13, status RECRUITING, estimated primary completion 2027-07-31","NIH Toolbox Cognition Battery composite and domain-specific subtests — four co-primary cognitive measures: executive function (Dimensional Change Card Sort), attention (Flanker Inhibitory Control and Attention), processing speed (Oral Symbol Digit Substitution), memory (Picture Sequence Memory), assessed on each of Test Day 1 and Test Day 2",0.97,"NCT07051655 (""The Effects of Exogenous Ketones on Cognitive Function"", University of Alabama at Birmingham, org study ID IRB-300013940, PI Katherine/Sarah K. Sweatt; randomized triple-blind crossover, single 357 mg/kg dose of ketone monoester vs. taste/texture-matched placebo, n=45 estimated across obese-sedentary, lean-sedentary and lean-active groups) is still open and enrolling. The v2 API record returns hasResults=false with no resultsSection and no referencesModule at all, so the registry links no DERIVED or manually-added publication. Actual start was 2025-12-01 and estimated primary completion is 2027-07-31 — roughly ten months after today's date — so no primary-outcome result should be expected to exist yet, and none was found. I coded UNRESOLVED because I did not read any primary-outcome result; I made no inference from the compound's literature. Note for the registry: web search surfaced pooled meta-analytic estimates for exogenous ketones and cognition from unrelated reviews (e.g. PMID 42063954). Those are other studies' data and are explicitly NOT being reported as this trial's result. Data-integrity note: my first fetch was written to a generic scratchpad filename that was overwritten mid-session by a concurrent process holding a different trial (NCT07469852, a caffeine study), so a stale read briefly mixed that record's contacts/references into view. I re-fetched NCT07051655 to a uniquely named file and all statements above come from that verified re-fetch.","(1) ClinicalTrials.gov v2 API record for NCT07051655 — full record plus a targeted field query for hasResults, resultsSection, referencesModule and derivedSection: no posted results, no linked references, status RECRUITING. (2) Europe PMC REST search for ""NCT07051655"" (0 hits), the org study ID ""IRB-300013940"" (0 hits), ""ketone monoester"" AND ""NIH Toolbox"" (1 hit, an unrelated 2022 JPAD trial in adults >=55), AUTH:""Plaisance"" AND ketone AND cognit* (1 unrelated mouse study), AUTH:""Sweatt"" AND ketone (3 unrelated hits). (3) PubMed E-utilities esearch for the NCT number, the exact official title as a quoted phrase, the design description, and both investigator-name combinations — 0 relevant records. (4) Web search for ""NCT07051655"" plus results — returned only the registry page itself and unrelated exogenous-ketone meta-analyses and other trials (NCT07546409, NCT04576026)."
ISRCTN29176549,UNRESOLVED,"https://www.isrctn.com/api/query/format/default?q=ISRCTN29176549 (ISRCTN registry record, DOI 10.1186/ISRCTN29176549) — registry record only; no published result found",,none — no publication found,"Registered primary outcome is NOT a cognitive measure: ""Prefrontal cortical concentrations of oxygenated and deoxygenated haemoglobin will be measured using broadband near-infrared spectroscopy (bNIRS) during rest and physiological stress (i.e., hypoxia simulated with 11% oxygen delivery)"" at day 1 pre/2h post, day 28 and day 56 pre, and day 56 2h post. The objective cognitive measure is secondary outcome #4: ""Executive function accuracy and reaction time"" via modified Attention Network Task, Switch Task, and modified Stroop Task.",0.95,"ISRCTN29176549 is the CocoaClarity study (University of Birmingham; PI Dr Catarina Rendeiro; ethics ERN_1644-Jul2024; protocol serial 2147295; funded by BBSRC/MIBTP BB/T00746X/1, University of Birmingham, and Barry Callebaut). It is an 8-week double-blind, randomised, placebo-controlled parallel trial of low-flavanol (~36 mg) vs high-flavanol (~660 mg) cocoa in 100 healthy young (18-40) and older (65+) adults, comparing acute vs chronic effects on cerebral haemodynamics, neuronal mitochondrial metabolism (cytochrome c oxidase) and cognition.

Why UNRESOLVED: (1) The registry record has no results and no publications — the <results> block contains only an IPD-sharing statement, with <publicationDetails/>, <publicationStage/>, <basicReport/> and <plainEnglishReport/> all empty; <totalFinalEnrolment/> is empty; the only attached outputs are a recruitment poster and a participant information sheet. (2) The trial is still in progress: recruitment start 2024-10-01, recruitment end 2026-10-31, overall end date 2026-12-31 — all after today's date (2026-09-21). Record last updated 2024-09-10 (version 39). (3) No publication exists anywhere I could find. (4) Separately, even a published paper would have a coding complication worth flagging to the registry: the study's registered PRIMARY outcome is a haemodynamic/bNIRS measure, not a cognitive one — objective cognitive performance (executive function accuracy and reaction time) is registered as secondary outcome #4. A future resolver should decide whether to judge the registered primary (non-cognitive) or the pre-specified secondary cognitive outcome, and should not treat the cognitive secondary as if it were the primary.

I invented no PMID, DOI, effect size, p-value or interval. No result was read because none exists.","1) ISRCTN XML API (https://www.isrctn.com/api/query/format/default?q=ISRCTN29176549) — full record retrieved and read in its entirety; results/publication fields all empty. The HTML page and /pdf/29176549 are JS/cookie-gated and returned no content, so the API was used per ISRCTN's own guidance. 2) Europe PMC REST search for: ""ISRCTN29176549"" (0 hits), ""CocoaClarity"" (0), ""ERN_1644"" (0), Rendeiro AND cocoa AND (bNIRS OR broadband near-infrared) (0), Yeh AND Rendeiro AND cocoa (0), AUTH:""Yeh Jasmine"" (0). 3) Europe PMC author sweeps: AUTH:""Rendeiro Catarina"" 2025-2026 (11 hits) and AUTH:""Rendeiro C"" AND cocoa (16 hits) — reviewed every title; none is this trial (nearest are prolonged-sitting/endothelial-function and psychological-stress studies, plus the 2020 Sci Rep flavanol/cerebral-oxygenation paper, all distinct protocols). 4) PubMed E-utilities esearch: ""ISRCTN29176549"" (count 0), ""CocoaClarity"" (count 0), ""cocoa flavanol"" AND ""cytochrome c oxidase"" AND humans[mh] (count 0). 5) Web search for the ISRCTN number and for CocoaClarity + Rendeiro + bNIRS/cytochrome c oxidase — the only CocoaClarity hit is the ISRCTN record itself; no journal article, preprint, or thesis result found."
NCT05588934,UNRESOLVED,none found (registry record read: https://clinicaltrials.gov/api/v2/studies/NCT05588934 — hasResults: false),,none — no publication of this trial found,"Mean psychomotor vigilance test (PVT) reaction time — ""The mean response time to psychomotor vigilance tests during the Peak Alertness Window"" (Peak Alertness Window: during each overnight sleep deprivation period from 3:00am to 9:00am)",0.95,"NCT05588934 is ""A Head-to-Head Comparison of the 2B-Alert Caffeine Optimization Algorithm Versus Standard Caffeine Dosing on Performance During Sleep Deprivation (2B-2)"", sponsored by the University of Arizona (org study ID STUDY00001953) with USAMRAA and the DoD BHSAI as collaborators. The v2 API record returns hasResults: false, overallStatus: RECRUITING, last update posted 2025-11-04, actual start 2023-06-09, and an ESTIMATED primary completion of 2026-03 with 180 estimated enrollment. The trial is therefore still ongoing (or at best only just completed) as of today, 2026-09-21, and no results are posted. The referencesModule contains only 8 citations, all typed BACKGROUND (Kamimori 2005, Killgore 2009, Killgore 2020, Liu 2017, Ramakrishnan 2016 x2, Reifman 2016, Vital-Lopez 2018) — there are no RESULT or DERIVED publications linked. Literature searching turned up only predecessor/related work from the same group, never this RCT: ""2B-Alert App 2.0: personalized caffeine recommendations for optimal alertness"" (PMID 36987747, Sleep 2023) is the prospective validation of the algorithm in 21 participants, and PMID 40457721 (Sleep 2025) plus PMID 40736220 are secondary analyses that explicitly cite a DIFFERENT registration, NCT04399083 (""Real-Time Caffeine Optimization During Total Sleep Deprivation""), not NCT05588934. Because no published or posted primary-outcome result exists, the correct code is UNRESOLVED. I deliberately did not infer a direction from the algorithm's modelling literature or from caffeine's general reputation.","(1) ClinicalTrials.gov v2 API, full record https://clinicaltrials.gov/api/v2/studies/NCT05588934 — checked hasResults (false), statusModule (RECRUITING, last update posted 2025-11-04, est. primary completion 2026-03), outcomesModule (single primary: mean PVT reaction time), referencesModule (8 refs, all type BACKGROUND; no RESULT/DERIVED), and derivedSection (only versionHolder + MeSH, no linked publications). (2) PubMed E-utilities: term ""NCT05588934"" (0 hits); ""2B-Alert"" AND caffeine (4 hits: PMIDs 36987747, 35084336, 30033688, 27634801 — all predecessor tool papers, 2016-2023); Vital-Lopez FG[Author] (17 records, newest 40457721 and 41836285, neither is this trial); Killgore WDS[Author] AND caffeine (22 records, newest 40457721); caffeine[Title] AND (optimiz*/personaliz*/algorithm)[Title] AND 2023:2026[dp]. Fetched and read abstracts of 36987747, 40457721, 41836285, 42761483 — none is this trial; 40457721 cites NCT04399083 instead. (3) Europe PMC REST: ""NCT05588934"" (0 hits), ""STUDY00001953"" (0 hits), ""2B-Alert"" sorted by date (12 hits, newest 2025, none this trial), and caffeine + psychomotor vigilance + sleep deprivation restricted to PUB_YEAR 2026 including preprints (50 hits scanned, no match). (4) Web search for the registration number and for the exact official title / ""head-to-head"" + Killgore + Reifman — returned only registry mirrors (CenterWatch, Purdue CDEK, ClinicalTrials.gov) and the 2019/2023 predecessor coverage; no results publication. I did not find a journal article, preprint, conference abstract or posted registry result reporting this trial's primary outcome."
NCT07408180,UNRESOLVED,none found,,none — no publication found; registry record last update posted 2026-05-05,"Change in attentional performance after 15 minutes — metrics derived from the Conners Continuous Performance Test (CPT) at 15 minutes post-product use, across five tablet variants (0, 0.5, 1.0, 1.5, 2.0 mg nicotine)",0.93,"NCT07408180 (org study ID NS-CAP-01, sponsor Philip Morris Products S.A., PI Xavier Jaumont MD) is an exploratory randomized, controlled, double-blind, crossover dose-response study of five nicotine tablet variants on attention in 40 adult nicotine-pouch users. Registry status is COMPLETED (start 2025-10-28, primary completion 2026-03-16, completion 2026-04-23, last update posted 2026-05-05), but the v2 API returns hasResults: false — no results section is posted. The referencesModule contains exactly one entry and it is typed BACKGROUND: Shaked et al., PMID 30793982, a methods paper on the reliability and validity of the Conners' Continuous Performance Test. There is no RESULT and no DERIVED reference, which is the mechanism by which ClinicalTrials.gov would link a publication. No publication was found in any external index either. I did not find any statement of the primary CPT outcome, so there is nothing to code. I deliberately made no inference from nicotine's general reputation for attentional effects; with the trial having completed under five months ago, absence of a publication at this point is entirely expected rather than informative.","(1) ClinicalTrials.gov v2 API record for NCT07408180, full record and a targeted fields query for outcomesModule/referencesModule/hasResults — hasResults false, sole reference typed BACKGROUND (PMID 30793982, CPT validation paper), no RESULT/DERIVED entries. (2) PubMed E-utilities esearch: ""NCT07408180"" OR ""NS-CAP-01"" OR (nicotine tablet[TIAB] AND attention[TIAB]) — count 0. (3) PubMed author search Jaumont X[Author] — 18 PMIDs, all allergy/immunology; the two most recent (40052502, 39963805, both 2025, journal Allergy) are unrelated to nicotine or attention. (4) Europe PMC REST search ""NCT07408180"" OR ""NS-CAP-01"" — hitCount 0. (5) Europe PMC TITLE:""nicotine tablet"" sorted by date — 5 hits, newest 2022, none about attention or CPT. (6) Europe PMC ""nicotine pouch"" AND attention sorted by date — 106 hits reviewed through the 25 most recent; all are surveillance, marketing, or policy papers, none is this trial. (7) Web searches on the NCT number, on ""NS-CAP-01"" + Philip Morris, and on the compound/measure/sponsor combination — only the ClinicalTrials.gov registration page returned. (8) PMI Science publications library (pmiscience.com) searched for nicotine tablet / attention — no matching entry for NS-CAP-01 or NCT07408180."
NCT05301608,UNRESOLVED,"https://clinicaltrials.gov/api/v2/studies/NCT05301608 (registry record read; hasResults=false, no resultsSection, referencesModule=null). No publication found.",,none found (trial still recruiting; estimated primary completion 2026-12-01),"Six co-primary outcomes, all psilocybin 10 mg vs placebo in a double-blind within-subject crossover: (1) frequency of word use during free association tasks (NLP semantic categories); (2) recognition-memory sensitivity d' for old vs new visual stimuli; (3) accuracy on the Remote Associates Task; (4) accuracy/novelty count on the Alternative Uses Task; (5) EEG alpha band power; (6) reliability (inter-subject correlation) of whole-brain response while watching videos.",0.96,"The ClinicalTrials.gov v2 API record for NCT05301608 (""Effects of Psilocybin on Electrophysiology and the Dynamic Content of Thought"", Johns Hopkins, PI Frederick S. Barrett, org study ID IRB00251021) shows hasResults=false, no resultsSection, and referencesModule entirely absent (null) - meaning the registry links no publications, not even DERIVED ones. Overall status is RECRUITING as of the 2026-07-22 last-update submission, with actual start 2022-03-03 and estimated primary completion 2026-12-01, i.e. the primary endpoint date has not yet arrived. No primary cognitive outcome result exists to read.

Independent literature search found no report of this trial's primary outcomes. Two candidate papers were examined and explicitly ruled out rather than being used to code an outcome: (a) PMID 42618786, ""Psychedelics align brain activity with context"" (Nature, Aug 2026, DOI 10.1038/s41586-026-10910-z), which Barrett co-authored and which uses naturalistic fMRI/EEG stimuli, but is a 62-adult before/day-of-psilocybin design with no placebo-controlled crossover and carries no NCT05301608 accession, and which in any case reports neuroimaging organization rather than this trial's primary cognitive measures; (b) PMID 41611012 (Prog Neuropsychopharmacol Biol Psychiatry, DOI 10.1016/j.pnpbp.2026.111626), a psilocybin-vs-placebo crossover EEG study in 25 healthy subjects, which is registered as NCT03853577 (Vollenweider group, Zurich) and is therefore a different trial.

Per the paramount rule, with no readable primary-outcome result I am coding UNRESOLVED rather than inferring a direction from psilocybin's general reputation or from adjacent psychedelic-cognition literature. Confidence is high that UNRESOLVED is the correct code because the registry itself still lists the trial as actively recruiting with a future primary completion date, which makes a published primary-outcome report unlikely to exist. Residual uncertainty covers the possibility of a paper or preprint not indexed in PubMed/Europe PMC and not citing the NCT or IRB number.","1) ClinicalTrials.gov v2 API record for NCT05301608, parsed directly from JSON: checked hasResults (false), presence of resultsSection (absent), and referencesModule (null - no BACKGROUND, RESULT or DERIVED citations), plus statusModule (RECRUITING, lastUpdateSubmitDate 2026-07-22, primary completion 2026-12-01 ESTIMATED) and the full outcomesModule. 2) PubMed E-utilities esearch for ""NCT05301608"" - 0 hits. 3) PubMed esearch for the org study ID ""IRB00251021"" - 0 hits. 4) Europe PMC REST search for ""NCT05301608"" - 1 hit, PMC10729591, the ACNP 62nd Annual Meeting panels/abstracts compilation (a text-mined meeting-abstract mention, not a primary results paper). 5) Europe PMC search for ""IRB00251021"" - 0 hits. 6) Europe PMC TITLE search for ""dynamic content of thought"" - 0 hits. 7) PubMed esearch Barrett FS[Author] AND psilocybin 2023-2026 - 16 records, all 16 titles screened via esummary; none is this trial. 8) Full abstract + databank accession fetch on the two closest candidates, PMID 42618786 and PMID 41611012, both ruled out (see reasoning). 9) Europe PMC preprint-source (SRC:PPR) search for Barrett + psilocybin - 10 preprints, none matching. 10) Europe PMC topic search for psilocybin AND (""remote associates"" OR ""alternative uses"") AND placebo - 19 hits, none reporting this trial. 11) Two web searches on the NCT number and on the exact official title; top results were registry mirrors (ClinicalTrials.gov results page stating ""No Study Results Posted"", Veeva CTV, Blossom Analysis, PatLynk) and the Johns Hopkins Center for Psychedelic and Consciousness Research study page, none reporting outcomes."
ISRCTN10543404,UNRESOLVED,"none found (registry record read via the ISRCTN XML API: https://www.isrctn.com/api/query/format/default?q=ISRCTN10543404 , record DOI 10.1186/ISRCTN10543404 — no results posted, no linked publications)",,none — no publication found. Registry dates only: ISRCTN assigned 2025-11-20; record version 36 last updated 2026-08-12; recruitment 2025-11-18 to 2026-07-06; overall study end date 2027-11-10.,"Affective memory performance — accuracy, reaction times and emotional bias in recall/recognition of affectively valenced words on the Emotional Recall (EREC) and Emotional Recognition Memory (EMEM) tasks of the Emotional Testing Battery (ETB), measured ~60 minutes after a single oral dose of scopolamine 0.6 mg vs placebo.",0.95,"ISRCTN10543404 is ""SCOPE — Investigating the effects of oral scopolamine on cognition and emotion processing"": a single-centre, double-blind, randomised, placebo-controlled single-dose experimental-medicine study in 60 healthy volunteers aged 18-45 (scopolamine/hyoscine hydrobromide 0.6 mg vs placebo), run at the Department of Psychiatry, Warneford Hospital, University of Oxford; PI Prof Susannah Murphy; sponsor University of Oxford; funder NIHR; ethics ref MS IDREC 1661602 (approved 2025-11-11). No EudraCT, IRAS, ClinicalTrials.gov or protocol serial number is cross-registered, so the registration number, title, PI and ethics reference were the only available handles.

The registry has posted NO results. The record's <results> block is entirely empty (publicationDetails, publicationStage, basicReport, plainEnglishReport all empty; data-sharing statement ""to be made available at a later date""; ipdSharingPlan = No), and the <outputs> block contains no linked publications. Recruitment is complete (totalFinalEnrolment 60, closed 2026-07-06) but the overall study end date is 2027-11-10, i.e. more than a year after today's date, so a published primary result would be early even on an optimistic timeline.

No publication was found in any source searched. Importantly, there is a near-miss decoy I deliberately did NOT code: Bukala, Browning, Cowen, Harmer & Murphy, ""Overnight transdermal scopolamine patch administration has no clear effect on cognition and emotional processing in healthy volunteers"" (PMID 30526264, doi 10.1177/0269881118817161, 2018/2019). That is the same Oxford group and a similar task battery, but it is a different study: transdermal overnight patch rather than a single 0.6 mg oral dose, published roughly seven years before this trial was registered, and not linked to this ISRCTN. Coding this registration from that paper — or from the general scopolamine literature on anticholinergic memory impairment — would be exactly the reputation-based inference this task forbids. I did not read any result for ISRCTN10543404, so the correct code is UNRESOLVED.","1. ISRCTN registry: www.isrctn.com/ISRCTN10543404 (HTML is JS-gated and returns no content to fetchers) and then the official ISRCTN XML API (https://www.isrctn.com/api/query/format/default?q=ISRCTN10543404), which returned the complete version-36 record — read in full, including <results> and <outputs> (both empty) and <externalRefs> (no EudraCT / IRAS / NCT / protocol serial cross-registration).
2. PubMed E-utilities: term ""ISRCTN10543404"" (0 hits); scopolamine AND Murphy SE[Author] (1 hit, the 2018 transdermal-patch paper PMID 30526264, not this trial); scopolamine AND emotional AND healthy volunteers AND 2026[dp] (0 hits).
3. Europe PMC REST search: ""ISRCTN10543404"" (0 hits); ethics reference ""1661602"" (4 hits, all unrelated — plant pathology, oncology, prescribing, thromboprophylaxis); TITLE:""oral scopolamine"" / ""scopolamine on cognition and emotion"" (6 hits, all 1985-2013); AUTH:""Murphy SE"" or ""Murphy Susannah"" AND (scopolamine OR muscarinic OR hyoscine) (2 hits, both pre-2021); scopolamine AND (""emotional test battery"" OR ""emotional testing battery"" OR ""facial expression recognition task"") (9 hits, none matching); AUTH:""Watton F""/""Watton Finley"" (2 hits, both versions of an unrelated social-anhedonia preprint); complete Murphy SE 2026 publication list (17 records, scanned individually — ketamine/habenula, 5-HT4 RESTAND papers, salsa-dance, angiotensin, histamine, buspirone, etc.; no scopolamine paper); scopolamine preprints (SRC:PPR) dated 2026 (8 hits, all preclinical/pharmacokinetic/unrelated).
4. Preprint servers: bioRxiv/medRxiv search API for scopolamine + emotional processing (no matching record), plus the Europe PMC preprint sweep above, which indexes PsyArXiv/OSF, Research Square and bioRxiv.
5. General web search (which surfaces Google Scholar, ResearchGate, journal pages and Oxford ORA) for the exact official title plus ""SCOPE trial"", and for scopolamine + Oxford + Murphy/Watton + 2026 results. Every hit was either the 2018/2019 transdermal-patch study, the unrelated SCOPE-BD bipolar-depression trial, a prior meta-analysis, or older 1980s-2000s scopolamine pharmacology."
NCT05325502,UNRESOLVED,"https://clinicaltrials.gov/api/v2/studies/NCT05325502 (registry record read; hasResults=false, no referencesModule) — no publication found",,,"Accuracy (% of correct answers) in implicit learning through different probabilities of monetary reward feedback, on a Probabilistic Selection Task (test phase, no feedback), measured 1 hour after the second intake on the 7th day",0.93,"The ClinicalTrials.gov v2 API record for NCT05325502 (""ADoRe"" — Caffeine and Reward Learning: Characterizing Behavioral Expression of Adenosine-Dopamine Interaction; Centre for Chronobiology / University Psychiatric Clinics Basel; PI Yu-Shiuan Lin, PhD; org study ID ""CChronobiology"") returns hasResults = false and contains NO referencesModule at all, so there are neither posted results nor any registry-linked (DERIVED or explicit) publications. Status as of the 2026-03-17 last update is ACTIVE_NOT_RECRUITING, with an ACTUAL primary completion of 2025-12-31 and an ESTIMATED final completion of 2026-12-31 — i.e. the trial is still running, which is consistent with no results paper yet. No literature search returned a publication reporting the primary outcome. I therefore have not read any primary-outcome result and am coding UNRESOLVED rather than inferring a direction. Two near-miss records were explicitly ruled out, not used: (1) NCT06763172, ""Effects of Caffeine on Reinforcement Learning in Healthy Adults Using PET/MRI,"" is a separate registration; (2) the Frontiers in Psychology 2026 paper ""Limited change in adolescent value-based risk choices following acute sleep restriction and caffeine"" (10.3389/fpsyg.2026.1879309) is a different trial — I fetched it and it is registered as SNCTP000004988 in adolescents aged 14-17 with a Wheel of Fortune risk task, not the adult 7-day probabilistic-selection-task study. The PI's eight indexed caffeine papers (PMIDs 38830861, 36653409, 35187019, 33069664, 34024173, 33585896, 33633278, 31866308) all belong to the earlier Basel caffeine sleep/PET-MRI program and none report a probabilistic selection task or reward learning. I invented no identifier, effect size or interval. Residual uncertainty (~7%) covers a results paper that exists but is not indexed in the sources I queried — e.g. a very recent journal-in-press item, a conference abstract, or a Swiss-language thesis chapter.","(1) ClinicalTrials.gov v2 API, full JSON for NCT05325502 — parsed top-level keys, hasResults (false), statusModule, identificationModule, outcomesModule.primaryOutcomes, and referencesModule (null / absent). (2) PubMed E-utilities esearch: ""NCT05325502"" (0 hits); ""Lin YS[au] AND caffeine[tiab]"" (10 hits, all resolved via esummary, none matching); caffeine AND (""reward learning"" OR ""probabilistic selection"" OR ""reinforcement learning"") (2 hits, both pre-2015). (3) Europe PMC REST search: ""NCT05325502"" (0 hits); caffeine AND ""reward learning"" (245 hits, top 25 by date reviewed, none matching); AUTH:""Lin, Yu-Shiuan"" 2024-2026; caffeine AND ""probabilistic selection task""; ""ADoRe"" AND caffeine (12 hits, all a different ADORE fluoride/pregnancy cohort). (4) Europe PMC preprint server slice SRC:PPR for caffeine AND (reward OR reinforcement) AND learning — 20 hits, no ADoRe preprint on bioRxiv/medRxiv. (5) Web searches for the NCT number, for the PI plus probabilistic selection task, and for the Centre for Chronobiology ADoRe study — these surfaced only the registry mirrors (clinicaltrials.gov, ctv.veeva.com, centerwatch, ichgcp) and the lab's MSc-internship recruitment page at chronobiology.ch, no results publication. (6) Direct fetch of the one plausible 2026 Frontiers candidate to check its registration ID, which excluded it."
IRCT20250403065192N1,UNRESOLVED,none found,,,"Cognitive function assessed before and after the intervention using standard cognitive tests (Stroop and/or working memory), listed in the registry as one of four co-primary outcome domains alongside muscle injury (blood markers), balance (Tecnobody static/dynamic), and physical performance (vertical jump, 20 m sprint, isometric handgrip)",0.88,"The registry record was located and read in full, but no results are posted and no publication exists that I could find, so the primary cognitive outcome cannot be determined.

Registry record (IRCT20250403065192N1, https://en.irct.ir/trial/82702): ""The Effects of Acute L-Theanine Supplementation on Muscle Damage, Physical Performance, and Cognitive Function Following a Session of Exhaustive Aerobic Activity in Female Athletes."" Double-blind randomized parallel-group trial, n=20 female athletes aged 18-30, single acute L-theanine capsule vs placebo, exhaustive aerobic bout (Bruce protocol). PI Rastegar Hoseini, PhD, Razi University, Kermanshah, Iran. Ethics approval IR.RAZI.REC.1404.004 (2025-04-22); registered 2025-05-09; recruitment window 2025-05-31 to 2025-06-10, marked complete.

Results status on the registry: not posted (""data sharing planned 3 months after publication""), and no publication is linked in the registry's reference section. The registry lists four co-primary outcome domains rather than a single primary; the cognitive domain (Stroop / working memory) is the relevant one for this registry, but there is no result of any kind to read.

I found no published paper. Nearby literature exists (e.g., caffeine + L-theanine in Iranian elite wrestlers 2025; L-theanine + L-arginine in elite female air rifle shooters 2026; L-theanine in male wushu athletes) but none is this trial — different populations, different interventions, different investigators. I deliberately did not infer a direction from those or from L-theanine's general reputation.

Note on timing: enrollment closed roughly 15 months before today's date, so a publication is plausible but not yet findable; this may resolve later.","1) IRCT direct (irct.behdasht.gov.ir) — connection refused (ECONNREFUSED). 2) WHO ICTRP Trial2.aspx?TrialID=IRCT20250403065192N1 — full record retrieved; results not posted. 3) https://en.irct.ir/trial/82702 — full record retrieved; no linked publication, no posted results, no secondary outcomes listed. 4) Europe PMC REST API: query ""IRCT20250403065192N1"" OR ""IR.RAZI.REC.1404.004"" — hitCount 0. 5) Europe PMC: theanine AND AUTH:""Hoseini R"" — hitCount 0. 6) Europe PMC: theanine AND (""muscle damage"" OR ""creatine kinase"") AND (female OR women), 44 hits, date-sorted — no match. 7) Europe PMC: theanine AND athletes, 135 hits, date-sorted through 2026 — no match (nearest: caffeine+L-theanine in Iranian elite wrestlers, Razazan et al. 2025, J Int Soc Sports Nutr — different trial). 8) PubMed: Hoseini R[Author] AND (theanine OR ""female athletes"") — no results. 9) Web searches for the registration number, the exact official title, PI name + compound + institution, and the ethics code IR.RAZI.REC.1404.004, including Persian-language terms and Iranian journal/thesis phrasing — no match. Not checked (inaccessible or not indexed here): SID.ir, Magiran, Noormags, Razi University thesis repository, and Google Scholar's own index directly."
IRCT20260723070323N1,UNRESOLVED,Registry record only: https://en.irct.ir/trial/91890 (IRCT20260723070323N1). No publication found.,,,"Five co-primary outcomes registered, of which the objective cognitive ones are: working memory via the Integrated Visual and Auditory Continuous Performance Test (IVA-2), attention via the Stroop Color-Word Test, and hand reaction time via the Nelson Ruler Drop Test (alongside two physical co-primaries: Edgren Side Step agility and Sargent Vertical Jump power).",0.93,"The registry record was located and read. IRCT20260723070323N1 is ""Examining the Effects of Different Forms of Caffeine on Cognitive and Performance Indicators in Male Table Tennis Player"" — a single-blind randomized crossover in male table tennis players comparing caffeine gum, caffeine capsules, placebo gum, placebo capsules and control; PI Rasoul Rezae (Shiraz University); ethics IR.US.PSYEDU.REC.1404.011; target n=18. Registered 2026-07-30, status ""Recruiting"", expected start 2026-08-21, expected end 2026-11-21 — i.e. the trial is still enrolling and its own projected completion date is roughly two months AFTER today (2026-09-21). The registry lists no posted results and no linked publications; the record states data sharing is planned only after publication. No published result exists to read, so the primary cognitive outcome is undeterminable. I deliberately did not infer a direction from caffeine's general reputation or from the several EXISTING caffeine/table-tennis papers from the same city (Pirmohammadi 2023 PMID 37974406; Farmani 2024 PMID 39663645) — those are earlier, separate trials with different designs and outcomes and must not be used to resolve this registration.","(1) IRCT registry: search endpoint en.irct.ir/search/result resolved the number to trial 91890; full record read at https://en.irct.ir/trial/91890 — no results section, no publications listed, status Recruiting. The mirror irct.behdasht.gov.ir refused connection. (2) Europe PMC REST API: query on ""IRCT20260723070323N1"" plus caffeine-gum/table-tennis terms (15 hits, none matching this registration), and a second query on ""IRCT20260723070323"" OR the ethics ID ""IR.US.PSYEDU.REC.1404"" — zero hits. (3) PubMed: (caffeine AND ""table tennis"") OR Rezae R[Author] — 3 hits, all prior unrelated trials. (4) General web search on the registration number and on the ethics approval code IR.US.PSYEDU.REC.1404.011 — no matching paper. (5) Web search on the trial's distinguishing outcome battery (IVA-2 + Stroop + gum/capsule + Shiraz) — returned only the earlier, separate Shiraz table-tennis caffeine papers."
IRCT20160306026938N19,UNRESOLVED,"none found (registry record read: https://en.irct.ir/trial/74697 and https://trialsearch.who.int/Trial2.aspx?TrialID=IRCT20160306026938N19 — no results posted, no linked publication)",,,"Total attention score on the Integrated Visual and Auditory Continuous Performance Test (IVA-CPT), measured at baseline and 30 minutes post-administration",0.85,"I located the registry record. IRCT20160306026938N19 = IRCT trial page /trial/74697, scientific title ""Investigating the effectiveness of capsules containing the combination of caffeine, L-theanine and piperin compared to pure caffeine and placebo in improving attention in healthy people"". It is a 3-arm crossover in 31 healthy adults aged 19-45 at Tehran University of Medical Sciences (PI Mahdi Vazirian; ethics code IR.TUMS.TIPS.REC.1402.131), comparing pure caffeine 200 mg vs placebo (300 mg starch) vs a combination capsule (caffeine 150 mg + L-theanine 200 mg + piperine 10 mg), arms one week apart. Stated primary outcome: total attention score on the IVA-CPT at baseline and 30 min post-dose. Registered 2024-02-19; recruitment 2024-02-14 to 2024-03-15; status ""Recruitment complete"".

The IRCT record has NO posted/summary results section, no completion date filled in, and no publication/related-article link. The IPD-sharing statement anticipates data availability around 2026, consistent with nothing being published yet. I found no journal publication of this trial anywhere I searched. The only papers retrieved on this topic are unrelated third-party caffeine/L-theanine trials (e.g., the Sri Lankan sleep-deprivation BJN study, PMID 40789769) and no study anywhere combining caffeine + L-theanine + piperine with IVA-CPT.

Per the paramount rule I am reporting UNRESOLVED rather than inferring a direction from what caffeine/L-theanine combinations ""usually"" do. I did not read any primary-outcome result for this trial, so no effect size, p-value, or interval is reported. Confidence 0.85 reflects residual possibility of a Persian-language publication in an Iranian journal (SID/Magiran/Noormags) not indexed in the sources I could reach.","1) IRCT registry: en.irct.ir search for IRCT20160306026938N19 -> trial page https://en.irct.ir/trial/74697, fetched twice, checking for a results/summary-results section, completion date, secondary IDs, and any publication/related-article links — none present; status ""Recruitment complete"", no results posted. 2) WHO ICTRP: https://trialsearch.who.int/Trial2.aspx?TrialID=IRCT20160306026938N19 — full record retrieved, ""Linked Publications: None reported"". 3) Europe PMC REST API: query ""IRCT20160306026938N19"" -> hitCount 0. 4) Europe PMC: (caffeine AND theanine AND piperine AND attention) -> 25 hits, all reviews/unrelated, no matching trial report. 5) Europe PMC: AUTH:""Vazirian M"" AND (caffeine OR theanine OR piperine OR attention) -> 7 hits, none related to this trial. 6) Europe PMC: TITLE:""piperine"" AND TITLE:""caffeine"", and ""IVA-CPT"" AND caffeine -> no matching trial. 7) Europe PMC: ""Integrated Visual and Auditory Continuous Performance Test"" AND caffeine -> 8 hits, none matching. 8) Web searches for the exact scientific title, for the ethics code ""IR.TUMS.TIPS.REC.1402.131"", for the trial ID itself, and for Vazirian + caffeine/theanine/piperine + Research Journal of Pharmacognosy — no publication of this trial found. Not searched (no access): Persian-language databases SID.ir, Magiran, Noormags, and TUMS thesis repository."
NCT06763172,UNRESOLVED,"https://clinicaltrials.gov/api/v2/studies/NCT06763172 (registry record read; hasResults: false, no DERIVED publications) — no publication found",,"none — no publication found as of 2026-09-21; registry record last updated 2025-01-09 (posted 2025-01-08), estimated primary completion 2026-12-31","Two co-primary outcomes are registered: (1) ""Dopamine D2/D3 receptor availability"" indexed by [11C]Raclopride nondisplaceable binding potential (BPND) — a molecular, not cognitive, measure; and (2) ""Effects of caffeine on reinforcement learning assessed by Probabilistic Selection Task (PST) in fMRI"", indexed by task accuracy (behavioral) and hemodynamic response to reward feedback (neural). Outcome (2), PST accuracy, is the study's primary objective COGNITIVE measure and is what I would have judged against.",0.95,"The ClinicalTrials.gov v2 API record for NCT06763172 (""Effects of Caffeine on Reinforcement Learning in Healthy Adults Using PET/MRI""; official title ""Measure Striatal Adenosine-dopamine Receptors Interactions: from Molecule to Behaviors""; sponsor-investigator Hsiao-Ying Wey, PhD, Martinos Center for Biomedical Imaging / MGH; Phase 4, randomized triple-masked crossover, 200 mg caffeine vs lactose placebo, estimated n=12) returns hasResults: false. The referencesModule contains six references, ALL of type BACKGROUND (PMIDs 9768563, 31464449, 18716203, 15076753, 25871974, 26051403) — no DERIVED or RESULT publication is linked. Overall status is still RECRUITING, with actual start 2023-05-17 and ESTIMATED primary completion 2026-12-31, i.e. roughly three months after today's date (2026-09-21), so a results publication would not normally be expected yet. Systematic search found nothing: PubMed for ""NCT06763172"" (0 hits), for Wey HY + caffeine (0 hits), for caffeine AND raclopride AND (reinforcement learning OR probabilistic selection) (0 hits), and for caffeine + [11C]raclopride 2024-2026 (0 hits); a full listing of all 28 Wey HY publications from 2024-2026 contains no caffeine reinforcement-learning trial. Europe PMC returned 0 hits for the NCT number, for the NIH grant number MH138923, for the org study ID IRB2022P001681, and for the official-title phrase ""adenosine-dopamine receptors interactions""; a caffeine + ""probabilistic selection task"" search returned 13 unrelated papers (none from this group or this design), and a preprint-only (SRC:PPR) search for caffeine + reinforcement learning returned 2 unrelated preprints. Author searches on the listed co-investigator Yu-Shiuan Lin, PhD returned only her earlier Basel caffeine/sleep work (most recent caffeine paper 2024, PMID 38830861, on sleep restriction and grey matter) — nothing from this PET/MRI trial. A web search for the NCT number surfaced only registry mirrors (clinicaltrials.gov and ichgcp.net) with no results section. I did not read any result for the primary cognitive outcome, so per the paramount rule this is UNRESOLVED rather than any directional code. Process note: the shared scratchpad directory is used concurrently by other processes and my first two generically-named download files (nct.json, nct2.json) were overwritten mid-read with a DIFFERENT study's record (NCT07051655, a UAB exogenous-ketones trial); I detected the mismatch, refetched to a uniquely-named file, and every fact above comes from that verified file whose identificationModule.nctId is NCT06763172. None of the NCT07051655 content influenced this resolution.","(1) ClinicalTrials.gov v2 API record for NCT06763172 — checked hasResults (false), the results section (absent), and referencesModule (six references, all type BACKGROUND, zero DERIVED). (2) PubMed E-utilities: term ""NCT06763172"" (0); ""Wey HY""[Author] AND caffeine (0); caffeine AND raclopride AND (reinforcement learning OR probabilistic selection) (0); caffeine AND [11C]raclopride AND human 2024:2026[dp] (0); full esummary listing of all 28 ""Wey HY""[Author] 2024:2026[dp] publications (no match); ""Lin YS""[Author] AND caffeine (10 hits, all prior Basel sleep/caffeine work, no match). (3) Europe PMC REST search: ""NCT06763172"" (0 hits); ""MH138923"" grant number (0); ""IRB2022P001681"" org study ID (0); official-title phrase ""adenosine-dopamine receptors interactions"" (0); caffeine AND ""probabilistic selection task"" (13 hits, none matching); caffeine AND raclopride AND (reinforcement OR reward learning) sorted by date (171 hits scanned, none matching); AUTH:""Wey HY"" AND caffeine (2 unrelated); AUTH:""Lin Yu-Shiuan"" most recent 30 (no match); preprint-restricted SRC:PPR caffeine AND ""reinforcement learning"" (2 unrelated, covering bioRxiv/medRxiv). (4) Web search for ""NCT06763172 caffeine reinforcement learning PET/MRI results"" — returned only registry mirrors (clinicaltrials.gov/study/NCT06763172 and ichgcp.net), no publication and no posted results."
NCT05519644,UNRESOLVED,"Registry: https://clinicaltrials.gov/api/v2/studies/NCT05519644 (hasResults = false, no derived publications). Only publication from this trial: PMID 42753265 / DOI 10.1093/milmed/usag429 (Military Medicine, abstract read in full via Europe PMC + OUP page) — reports the marksmanship domain only, not the registered cognitive batteries.","""Independent of sleep and relative to placebo, BO-BD elicited an 8% greater Hit Factor (P < .001), 7% faster completion time (P < .001), 1% higher accuracy (P = .023), and 7% greater throughput (P < .001). Marksmanship and decision-making were overall preserved; however, loss of vertical rifle steadiness was associated with sleep loss (P = .052)."" [NOTE: this is the VR SHOOTING primary metric — ""The reaction time task, Steel Plates, required participants to engage six targets from left to right as quickly as possible, with Hit Factor [(hits-misses)/time] serving as the primary metric."" It is NOT a result for any of the four registered primary objective cognitive measures, which remain unreported.]","2026-09-17 (Military Medicine advance article, PMID 42753265). Trial itself still ACTIVE_NOT_RECRUITING; estimated primary completion 2026-09; registry last updated 2026-05-28.","The four registered primary OBJECTIVE COGNITIVE measures: Automated Neuropsychological Assessment Metrics (ANAM); Cambridge Neuropsychological Test Automated Battery (CANTAB); Gradual-onset Continuous Performance Task (GRAD-CPT); Face-Name relational memory task. (The registry also lists five VirTra V-100 marksmanship metrics and a QuickBoard power test as co-primary, but those are shooting/psychomotor, not cognitive-battery, outcomes.)",0.82,"Trial: NCT05519644, ""Strategies to Augment Ketosis: Ketone Conferred Resiliency Against Sleep Restriction"" (STAK-Sleep), Ohio State, PI Jeff S. Volek; randomized double-blind placebo-controlled crossover of a ketone ester (bis-octanoyl (R)-1,3-butanediol, 25 g/dose) vs isocaloric placebo across four nights of 50% sleep restriction.

Registry state (verified from raw v2 API JSON, not a summarizer): hasResults = false, no resultsSection, and referencesModule contains only a seeAlsoLink to the OSU ORRP site — zero DERIVED or BACKGROUND publications. Status ACTIVE_NOT_RECRUITING, estimated primary completion 2026-09, planned enrollment 60.

The registry lists ten co-primary outcome measures. Four are objective cognitive batteries (ANAM, CANTAB, GRAD-CPT, Face-Name), five are VirTra V-100 marksmanship metrics, and one is a QuickBoard reaction/power test.

I found exactly one publication from this trial: Buga A, Stoner JT, ... Kraemer WJ, Volek JS, ""Supplementation With Ketogenic Precursors Enhances Virtual Reality Shooting Performance During Sleep Restriction: A Randomized, Placebo-Controlled, Crossover Trial,"" Military Medicine, 2026-09-17, PMID 42753265, DOI 10.1093/milmed/usag429. It explicitly carries ""Clinical trial registration Identifier: NCT05519644,"" so the link is certain, not inferred.

Why this does NOT resolve the cognitive question. That paper reports n = 32 (of a planned 60) and covers only the VR shooting domain. Its own stated primary metric is Hit Factor [(hits-misses)/time] on the ""Steel Plates"" drill — a shooting speed/efficiency measure. None of the four registered primary objective cognitive batteries (ANAM, CANTAB, GRAD-CPT, Face-Name) are reported; I could not determine any result for them. The authors themselves frame the benefit as domain-specific and separate from cognition: they conclude the ester ""may augment shooting speed and efficiency without affecting marksmanship or decision-making under sleep constraints,"" and note effects were ""Independent of sleep."" So even the cognition-adjacent measure inside the paper (decision-making) was described as preserved/unchanged, while the significant gains were in shooting speed and throughput.

I deliberately did not code this POSITIVE off the Hit Factor result. Doing so would require substituting a marksmanship endpoint for the trial's registered cognitive endpoints and picking the favourable available number — exactly the bias this task guards against. I also did not code NULL_EFFECT, because the cognitive batteries were not reported as null; they were not reported at all. Per the coding rules, ""published but the primary cognitive outcome cannot be determined from what you can access"" is UNRESOLVED.

If the registry maintainer's intended primary was the psychomotor/shooting endpoint rather than the cognitive batteries, the verbatim numbers are in the quote field and that reading would be POSITIVE — but that is their call to make, not mine to assume. A cognitive-outcomes companion paper from this trial appears likely in future given the trial is still active; it does not exist yet.

No PMID, DOI, effect size, p-value or interval in this report was constructed by me; every number is copied verbatim from the Europe PMC abstract record.","1) ClinicalTrials.gov v2 API, full raw JSON for NCT05519644 (parsed locally): checked hasResults (false), presence of resultsSection (absent), outcomesModule.primaryOutcomes (all 10 enumerated), referencesModule (only a seeAlsoLink, no derived/background refs), orgStudyIdInfo (2022H0169) and secondaryIdInfos (CDMRP-PR212399-C, DoD grant). 2) Europe PMC REST search on ""NCT05519644"" — 1 hit only (PMID 42753265). 3) Europe PMC REST search on DOI 10.1093/milmed/usag429, resultType=core — retrieved the full verbatim structured abstract, author list, journal and date; article is subscription-only, no open full text, so I could read the abstract but not the full results tables. 4) Europe PMC REST search on the org study ID ""2022H0169"" OR grant ""PR212399"" — 1 hit, an unrelated hypoglossal-nerve-stimulation paper (false positive). 5) Europe PMC REST search: (AUTH:""Buga A"" OR AUTH:""Volek JS"") AND sleep AND (ketone OR butanediol), sorted by date — 11 hits, only PMID 42753265 belongs to this trial; no cognitive-outcomes companion paper. 6) Europe PMC REST search: ""bis-octanoyl"" AND (cognit* OR sleep) — 5 hits; the other ketone-ester cognitive papers are different trials in older adults/frailty, not NCT05519644. 7) Web searches on the NCT number, the official title, and Volek + ketone ester + sleep restriction + cognitive; and the OUP article landing page directly. Not accessible/not checked beyond this: the full text behind the Military Medicine paywall (which may contain cognitive-battery data in supplementary tables), and any conference abstracts or dissertations not indexed in Europe PMC."
IRCT20251022067723N1,UNRESOLVED,"Registry record only: https://en.irct.ir/trial/87036 (IRCT20251022067723N1) — no results posted, no linked publication. No published paper found.",,,"Co-primary outcomes as registered: balance (Techno-Body/Tecnobody device), choice reaction time (selective reaction-time software), inhibitory control (Modified Stroop Test), working memory (N-Back software), and response control (Go/No-Go software), measured after 400 mg caffeine vs placebo under hypoxic conditions. No single dominant primary is designated, so any resolution would have to judge these jointly.",0.9,"The registry record was located and read in full. IRCT20251022067723N1 = IRCT trial 87036, ""investigating the effect of caffeine under hypoxic condition on balance and cognitive function in physical education students"" — single-blind crossover, n=20 male physical education students, 400 mg caffeine vs placebo under hypoxia; PI Vahid Tadibi (Faculty of Sport Sciences, Razi University, Kermanshah); registrant Saeed Moradi; sponsor rep Keyvan Amini; ethics IR.RAZI.REC.1404.025 (approved 2025-09-17). Registered prospectively 2025-11-04, expected recruitment 2025-11-16 to 2025-12-22, status ""Recruitment complete"", update count 0, no secondary IDs. The record has NO results section, NO summary results, and NO linked publications. Searches for a publication all came up empty: PubMed E-utilities (caffeine AND hypoxia AND balance/cognitive, 2026 — 2 hits, both irrelevant: a ferret brain-slice study and a military-aviation review); Europe PMC for the registration number (hitCount 0); Europe PMC author search AUTH:""Tadibi V"" (19 records, newest 2026-09-18 on tDCS in basketball players; the closest topical item is Ginkgo biloba under normobaric hypoxia, Food Sci Nutr 2026, PMID 42638854 — a different compound and different population, not this trial); Europe PMC topic searches (""normobaric hypoxia"" AND caffeine AND balance; caffeine AND hypoxia AND balance AND cognitive, 2025-11 onward) returned only unrelated papers; general web searches on the registration number, the ethics code IR.RAZI.REC.1404.025, the exact title terms, and Moradi+Tadibi found nothing matching. Given the trial finished data collection in late December 2025 and today is 2026-09-21, a publication is plausible but none is discoverable. Per the paramount rule, no result is reported. I deliberately did not reason from caffeine's general reputation or from the direction of the co-primaries.","1) IRCT registry: en.irct.ir and irct.ir search for IRCT20251022067723N1 -> trial page https://en.irct.ir/trial/87036, read twice including checks for a Results/Summary-results/Publications section and secondary IDs (none). 2) PubMed E-utilities esearch db=pubmed ""caffeine AND hypoxia AND (balance OR cognitive) AND 2026[dp]"" -> 2 PMIDs (42496326, 42322212), both checked via esummary, both irrelevant. 3) Europe PMC REST: query=IRCT20251022067723N1 (hitCount 0); query=""IRCT20251022067723""; AUTH:""Tadibi V"" (19 records, full list reviewed, none matching); ""caffeine"" AND ""hypoxia"" AND ""balance"" AND ""cognitive"" with FIRST_PDATE 2025-11-01..2026-12-31 (154 hits, top 25 reviewed, none matching); ""normobaric hypoxia"" AND ""caffeine"" AND ""balance"" (123 hits, top 25 reviewed, none matching); caffeine AND AFF:""Razi University"" (no usable response). 4) Web search: the bare registration number; the ethics approval code ""IR.RAZI.REC.1404.025""; title keywords plus Razi University/Tadibi; ""Moradi"" + ""Tadibi"" + caffeine/hypoxia/balance/cognitive 2026; 400 mg caffeine hypoxia crossover Iranian students. Not separately queryable here: Google Scholar directly, Persian-language journal indexes (SID, Magiran, Noormags) and any Razi University thesis repository — a Persian-language thesis or domestic journal article would be the most likely place a result exists undiscovered."
NCT07079852,UNRESOLVED,"https://clinicaltrials.gov/api/v2/studies/NCT07079852 (registry record read directly; no results posted, no DERIVED publication)",,"No publication. Registry record first posted 2025-07-23, last updated 2026-06-15. Estimated study start 2026-09; estimated primary completion 2028-08.","Two co-primary outcomes: (1) ""Memory accuracy from performance on a recognition memory test"" (targets vs. lures picture recognition), and (2) ""Neural correlates of memory as measured from fMRI"". Both with an 8-week time frame.",0.97,"NCT07079852 is ""The Acute Effects of Psilocybin on Cognition, Memory, and Brain Function"" — a sponsor-investigator study by Manoj Doss (Assistant Professor, University of Texas at Austin), org study ID ""mindflux"", estimated enrollment 48.

It cannot have a result yet. Registry status is NOT_YET_RECRUITING, with an ESTIMATED start date of 2026-09 (the current month) and estimated primary completion 2028-08. hasResults = false, there is no resultsSection, and referencesModule contains only two BACKGROUND citations (PMID 38942147 and PMID 38095937, both Doss's own prior work) with no DERIVED publication link.

IMPORTANT METHODOLOGICAL WARNING FOR THE REGISTRY — a near-miss I caught and corrected: the ClinicalTrials.gov v2 single-study endpoint returned HTTP 200 with ZERO redirects for /studies/NCT07079852, but the JSON body I received on one fetch carried nctId = NCT07469852, an entirely different trial (a Liverpool John Moores University caffeine / 4-km cycling time-trial study, PI Ben J Edwards, ethics ref 251121LJMUSPSREC77). I spent a full analysis pass on that wrong record before verifying the nctId field inside the payload against the ID I requested. The mismatch was only exposed by checking query.id=NCT07079852 on the search endpoint, which returned the psilocybin study. Confirmed genuinely-missing IDs do return ""NCT number ... not found"", so this was not ordinary fuzzy matching. Any automated resolver hitting this endpoint MUST assert that the returned nctId equals the requested one; otherwise it can silently resolve the wrong trial. Both records, coincidentally, are pre-completion with no results, so the final verdict is unaffected — but the failure mode is live.

Publication search found nothing for the actual target. Coding UNRESOLVED because no result exists to read, not because a result was ambiguous.","1. ClinicalTrials.gov v2 API, single-study endpoint for NCT07079852, plus the search endpoint with query.id=NCT07079852 to verify identity after detecting an ID mismatch (see reasoning). Checked hasResults (false), resultsSection (absent), and referencesModule (two BACKGROUND citations only, no DERIVED).
2. Europe PMC: free-text ""NCT07079852"" (0 hits); TITLE:""Acute Effects of Psilocybin on Cognition, Memory, and Brain Function"" (0 hits); AUTH:""Doss MK"" restricted to 2025-01-01..2026-12-31 (10 hits, none matching this trial — they are a hippocampal-buffer theory piece, a psychedelic-familiarity comparative study, cognitive-flexibility/reward-learning work, a brain-entropy review, an international mega-analysis, focused-ultrasound amygdala papers, and a commentary).
3. PubMed E-utilities esearch: ""NCT07079852"" (0 hits); Doss M[au] AND psilocybin AND (recognition memory OR fMRI) (6 hits, all prior work: 41942645, 38942147, 36001741, 35588933, 34750350, 32042038 — 38942147 is the Maastricht psilocybin/2C-B encoding study already cited as BACKGROUND, a different trial); ""mindflux AND psilocybin"" (0 hits).
4. Web search for ""NCT07079852"" psilocybin cognition memory Doss — the only hit for that identifier was the ClinicalTrials.gov registry page itself; other results were unrelated psilocybin trials and reviews.
5. Also verified the erroneously-returned sibling record NCT07469852 and its LJMU sibling registrations; its three published ""standardized approach"" caffeine papers (PMIDs 42738944, 42588165, 41901129) report reactive agility, strength/power/repeated-sprint, and muscle-strength outcomes respectively — none is the 4-km time-trial study — so no publication was wrongly attributed in either direction."
NCT07469852,NULL_EFFECT,"PMID 42738944 / DOI 10.3390/nu18172771 (Nutrients 2026;18(17):2771; full text read via PMC13567239). Registry record read at https://clinicaltrials.gov/api/v2/studies/NCT07469852 (hasResults = false, no resultsSection, referencesModule contains only 4 BACKGROUND references, no DERIVED publication).","Abstract, Results: ""The battery of cognitive tests showed no significant main effects for condition, whether the body mass of the participants was considered or not."" Abstract, Conclusions: ""Early morning ingestion of 300 mg of caffeine had no effect on the battery of cognitive or reactive agility test measures in the population of naive-mild habitual caffeine consumers."" Table 3 (n = 51; NoPill / CAFF / PLAC; ""Main Effect for Condition/Interaction Mass""), verbatim: ""Trail-making test A (s) 14.2 ± 3.9 14.2 ± 3.8 14.1 ± 3.7 p = 0.832, 0.004; p = 0.842, 0.004 | Trail-making test B (s) 33.7 ± 14.8 30.1 ± 11.1 35.4 ± 12.8 p = 0.095, 0.049; p = 0.117, 0.044 | Trail-making test B-A (s) 19.5 ± 14.4 15.9 ± 9.2 21.3 ± 11.6 p = 0.078, 0.052; p = 0.086, 0.050 | RAVLT—total number 53.8 ± 12.1 54.3 ± 11.7 54.1 ± 11.7 p = 0.877, 0.003; p = 0.844, 0.003 | RAVLT—distractions 6.7 ± 2.4 6.8 ± 2.8 6.8 ± 2.8 p = 0.678, 0.004; p = 0.709, 0.003""",2026-08-25,"The registered morning cognitive battery listed among NCT07469852's primary outcome measures: Trail Making Test (Parts A and B) time to completion, Rey Auditory Verbal Learning Test, and Stroop word-colour interference test (tested ~07:30 h, 60 min post-ingestion). Note the registry lists these alongside non-cognitive co-primaries (4-km cycling time-trial finishing time, 1-km splits, HR, RPE, perceived pacing); the cognitive co-primaries are the ones judged here.",0.6,"Registry state: NCT07469852 (Liverpool John Moores University; PI Ben J Edwards; org study ID 251121LJMUSPSREC77; 300 mg caffeine vs placebo vs no-pill crossover, ingested ~06:30, tested ~07:30; est. enrolment 15; started 2026-01-12, est. primary completion 2026-03-25) is ACTIVE_NOT_RECRUITING with hasResults = false, no resultsSection, and no DERIVED publication in referencesModule (only 4 BACKGROUND citations).

Publication found by full-text search: Europe PMC matched the string ""NCT07469852"" in two MDPI Nutrients papers from this group. I read both full texts to check the citation context rather than trusting the match.

(1) PMID 42738944 (Nutrients 2026;18(17):2771, pub. 2026-08-25) states verbatim: ""Components of this study were registered retrospectively on ClinicalTrials.gov (registration numbers: NCT07466628, NCT07469852 and NCT07466732)"". It reports exactly the cognitive battery registered as a primary outcome of NCT07469852 (TMT A/B, RAVLT, Stroop), under the identical intervention and timing, and finds no significant main effect of condition on any of them. That is the basis for coding NULL_EFFECT.

(2) PMID 42588165 (Nutrients 2026;18(15):2541) also claims ""registered retrospectively on ClinicalTrials.gov (registration number: NCT07469852)"", but its protocol is 10 x 20 m repeated sprints / grip strength / jumps with no cognitive battery, which corresponds to sibling registration NCT07466732. This is an evident mis-citation and is one reason my confidence is not higher: NCT numbers are used loosely across this paper series.

Why not UNRESOLVED: the registered primary cognitive outcome does have a published result explicitly filed under this registration number, so I am not reasoning from caffeine's general reputation — I read the table.

Why confidence is only 0.6, stated plainly:
- PMID 42738944 pools n = 51 across three sibling registrations (NCT07466628 n=14, NCT07469852 n~15, NCT07466732 n~17-22). It does not report the NCT07469852 cohort's cognitive result separately, so the cohort-specific estimate is not recoverable from what I can access.
- Per-cohort results demonstrably differ from the pooled result: the sibling registration NCT07466628 published separately (PMID 41901129, Nutrients 2026;18(6):954) and reported a significant cognitive benefit — ""CAFF improved auditory total recall compared to NoPill (9.5%, p = 0.040; eta2p = 0.22)"". So a pooled null does not guarantee a null in the NCT07469852 subgroup.
- The registration-matched paper is confirmed to exist but is not yet published. Reference [12] of PMID 42738944 reads verbatim: ""Edwards B.J., Giacomoni M., Agulhari J.P.S., Brownrigg E., Casey E.M., Kenny M., Tower K., Wilkes S., Mauvieux B., Pullinger S.A., et al. Effects of acute caffeine ingestion on morning 4-km time-trial cycling performance: A standardized approach. Nutrients. 2026. in press."" As of 2026-09-21 that paper is not indexed anywhere I searched, so the 4-km time-trial co-primary is genuinely unpublished.

If this registry requires the result to come from the registered cohort alone rather than a pooled multi-registration analysis, the correct code would instead be UNRESOLVED. I flag that explicitly rather than hiding the ambiguity. I invented no identifier, effect size, p-value or interval; every number above was copied from the fetched full text.","ClinicalTrials.gov v2 API record for NCT07469852 (full JSON: statusModule, outcomesModule, referencesModule, resultsSection absent). PubMed E-utilities esearch for ""NCT07469852"", ""251121LJMUSPSREC77"", ""Edwards BJ[Author] AND caffeine"", ""(Edwards BJ[Author] OR Pullinger SA[Author]) AND caffeine"", ""caffeine AND time trial AND cognitive AND morning"", ""\""4-km\"" AND caffeine"". Europe PMC REST search for ""NCT07469852"" (2 hits), ""251121LJMUSPSREC77"" (0 hits), TITLE:""morning 4-km time-trial cycling performance"" (0 hits), AUTH:""Edwards BJ"" AND caffeine AND PUB_YEAR:2026 (3 hits, all accounted for). Retrieved and grepped the complete PMC full texts of PMC13567239, PMC13468117 and PMC13029046 for NCT numbers, the LJMU ethics ID pattern, and 4-km/time-trial mentions. Web searches for the exact in-press title and for ""NCT07469852 ... results"". MDPI site search returned HTTP 403. Not found: any publication reporting the 4-km cycling time-trial co-primary, or any cohort-specific cognitive result for NCT07469852's own n~15 participants."
IRCT20260217068895N1,UNRESOLVED,"Registry record read in full: https://en.irct.ir/trial/89192 (IRCT20260217068895N1), plus its machine-readable record https://en.irct.ir/trial/89192/xml — all results_* fields empty, no linked publication. No published paper found anywhere.",,,"Co-primary objective cognitive outcomes from a DMS (delayed match-to-sample) software-based test: working memory, reaction time, and response accuracy, measured after the intervention in each session (alongside EEG frequency band power and brain functional connectivity via Mitsar EEG, listed as primary outcomes 4 and 5).",0.95,"STUDY IDENTIFIED AND RECORD READ IN FULL. IRCT20260217068895N1 maps to IRCT internal trial 89192: ""The Effect of Breathing Pattern (Nasal vs. Oral) and Caffeine Supplementation on Electroencephalographic Indices and Cognitive Performance in Elite Swimmers."" Randomized, single-blind, placebo-controlled crossover; target n=15 elite swimmers aged 18-35; caffeine 6 mg/kg in capsule vs. starch placebo capsule, 60 min post-ingestion, with EEG recorded during 5 min nasal and 5 min oral breathing and a DMS cognitive test, one-week washout. Sponsor/site: Alzahra University, Tehran (Sports Physiology Lab). Registrant and person responsible for scientific inquiries: Zahra Kaviyar (Master's student). Ethics: IR.ALZAHRA.REC.1404.091, approved 2025-12-09. Registered RETROSPECTIVELY on 2026-08-20; expected recruitment 2026-03-10 to 2026-04-08; status ""Recruitment complete""; update count 0; trial completion date blank.

NO RESULT IS AVAILABLE. The registry has posted no results: every results field in the record's XML (results_summary, results_outcome_measures, results_participant_flow, results_baseline_char, results_adverse_events, results_actual_enrolment, results_date_posted, results_date_first_publication, results_url_link, results_url_protocol) is empty, and the record lists no publication reference. IPD/protocol sharing is marked ""Undecided""; SAP, CSR, analytic code and data dictionary are marked ""No"".

I therefore did not read any primary-outcome result and am reporting UNRESOLVED rather than inferring one. I am deliberately not reasoning from what caffeine ""usually"" does to DMS working memory, reaction time or EEG band power — no number, direction or p-value is reported here because none was observed in a source.

Contextual note on plausibility of the null finding of a publication: the trial was registered only about one month before this resolution attempt (2026-08-20 vs. today 2026-09-21), data collection ended around 2026-04-08, and it is a single-site Master's thesis study with n=15, so absence of a peer-reviewed publication is expected rather than surprising. Confidence 0.95 that no published primary cognitive result is currently findable; the residual 0.05 covers the possibility of a Persian-language thesis or a Persian-language Iranian journal article not indexed in any database I could reach (Iranian domestic databases such as SID, Magiran and Irandoc were not directly reachable — the primary IRCT domain irct.behdasht.gov.ir refused connections from this network, and I had to work through the en.irct.ir mirror).","1) IRCT registry itself: irct.behdasht.gov.ir (connection refused from this network), then the working English mirror en.irct.ir. Direct URL by registration number 404s, so I used the registry search endpoint https://en.irct.ir/search/result?query=IRCT20260217068895N1, which returned exactly 1 hit resolving to /trial/89192. Read the full HTML record and the XML export (https://en.irct.ir/trial/89192/xml) — all results_* elements empty, no publication/reference field populated.
2) Europe PMC REST API: exact-phrase ""IRCT20260217068895N1"" (0 hits); ethics code ""IR.ALZAHRA.REC.1404.091"" (0 hits); AUTH:""Kaviyar"" (0 hits); ""caffeine"" AND ""nasal breathing"" AND ""swimmers"" (4 hits, all unrelated: hypercapnic swim warm-up, rhinitis consensus, two poster collections); ""breathing pattern"" AND ""caffeine"" AND ""electroencephalograph*"" (1 hit, unrelated preterm-infant sleep study).
3) PubMed E-utilities esearch: IRCT20260217068895N1 (0); Kaviyar[Author] (0 — surname not present in PubMed at all); caffeine AND swimmers AND (electroencephalograph* OR EEG) (0).
4) Crossref API: query for the registration number (0 of 0 results); bibliographic query on the full official title — returned only unrelated older swimming/caffeine papers (creatine in swimmers 1996, breathing pattern of elite swimmers 1992, nasal vs oral breathing in elite endurance athletes SportRxiv preprint 2026-02-25 which is a different study with no caffeine arm and no cognitive outcome, e-sports caffeine 2024), nothing matching.
5) General web search (which covers Google Scholar-indexed and journal-hosted content): the exact scientific title in quotes; ""Kaviyar"" + Alzahra + caffeine + EEG + swimmers; nasal/oral breathing + caffeine + elite swimmers + EEG + delayed-match-to-sample; and the ethics code IR.ALZAHRA.REC.1404.091 together with Persian-language terms. No match in any search; results were consistently other caffeine-and-cognition trials in taekwondo, volleyball, e-sports, boxing and swimming that share no authors or protocol with this record.
6) WHO ICTRP portal (trialsearch.who.int/Trial2.aspx?TrialID=IRCT20260217068895N1) — JavaScript-rendered shell only, no additional data beyond the IRCT source record already read.
Not reachable / not searched: Iranian domestic indexes (SID.ir, Magiran, Noormags, Irandoc thesis catalogue) and the Alzahra University thesis repository, which is where a Persian-language MSc thesis from this group would most plausibly appear first."
CRD420261499408,UNRESOLVED,none found — registry record read at https://www.crd.york.ac.uk/PROSPERO/view/CRD420261499408 (PROSPERO CRD420261499408); no results posted and no linked publication,,none — no publication found (protocol registered 07 September 2026; planned review end date 30 December 2026),"""Cognitive Functions and Executive Performance"" — reaction time (simple/choice), information processing speed, inhibitory control and cognitive flexibility (Stroop, Trail Making Test, light-based reaction systems, n-back), to be pooled as standardized mean difference (Hedges' g) with 95% CI; co-listed as a main outcome alongside physical performance/exercise capacity",0.95,"The PROSPERO record exists and I read it in full. It is ""Effects of acute co-ingestion of taurine and caffeine on physical and cognitive performance in physically active young adults: a systematic review"" by Rubem Cordeiro Feitosa and Frederico Camarotti Junior (Universidade Federal de Pernambuco, Brazil). Date of first submission and date of registration: 07 September 2026; review timeline start 6 September 2026, end 30 December 2026. Review status field reads ""The review is currently planned or ongoing,"" and the stage table shows only pilot work, formal searching, and screening as started — data extraction, risk of bias, and synthesis not started. Version history shows a single Version 1.0 published 07 Sep 2026 with no results and no linked publication. There is therefore no pooled estimate in existence yet, let alone a published one, so the cognitive primary outcome cannot be determined. Note on a near-miss I deliberately did NOT use: web search surfaced a different, already-published review on the same topic (Caffeine and taurine: a systematic review and network meta-analysis, doi 10.1080/15502783.2025.2566371) by an unrelated author team; that is a separate review, not this registration, and coding this record from it would be a misattribution. No effect size, p-value or interval is reported here because none was read.","(1) PROSPERO: crd.york.ac.uk/prospero/display_record.php redirects to the new SPA at /PROSPERO/view/CRD420261499408; the static fetch returns only the app shell, so I loaded the page in a browser and read the complete rendered record (title, objectives, outcomes, timeline, stage table, version history, review team). (2) Europe PMC REST API: full-text/metadata search for the exact registration string ""CRD420261499408"" — 0 hits; author search AUTH:""Feitosa RC"" OR ""Cordeiro Feitosa R"" — 17 hits, none a taurine+caffeine systematic review (closest is an unrelated primary trial, Res Q Exerc Sport 2026, doi 10.1080/02701367.2026.2671781, on taurine alone); topic search for taurine AND caffeine AND ""systematic review"" AND cognitive sorted by date — no matching review from this team. (3) PubMed E-utilities: Feitosa RC[Author] AND (taurine OR caffeine) — 0 hits; ""co-ingestion"" AND taurine AND caffeine AND cognitive — 3 hits, none this review. (4) Web search on the exact official title plus the author name and on the registration number — returned only other authors' taurine/caffeine reviews and trials. The PROSPERO record itself also lists no ""publication of review results"" beyond the intention to publish in Portuguese and English."
CRD420251266075,UNRESOLVED,"PROSPERO record CRD420251266075 — https://www.crd.york.ac.uk/PROSPERO/view/CRD420251266075 (retrieved via the site's JSON API endpoint https://www.crd.york.ac.uk/PROSPERO/api/view/CRD420251266075, since the public page is a JS single-page app). No publication found.",,No publication. Registry dates only: first submitted to PROSPERO 20 December 2025; registered 05 January 2026; record version 2.0 published 02 March 2026.,"Main outcome (first listed) = ""Cognitive performance: Changes in validated measures of cognitive function, including executive function, attention and memory domains."" Measure of effect: standardised mean difference. (Co-listed main outcomes also include mood scales such as POMS/Bond-Lader VAS and clinical/subclinical mood symptom questionnaires; the objective cognitive measure is the one I judged against.)",0.96,"This is a PROSPERO-registered systematic review protocol, not a trial, and it has not published. I retrieved the live registry record in full. It reads: title ""The Effects of Blackcurrant-Based Supplements on Cognitive Function and Mood in Healthy Adults: A Systematic Review of Acute and Chronic Intervention Trials""; team Harriet Cannell (guarantor), Theocharis Ispoglou, Lauren Owen, Isobel Harris, Leeds Beckett University, England; commercially funded by ALPHAGEN NZ Limited as part of a PhD; population healthy adults >=18y; intervention acute or chronic blackcurrant-based supplementation vs matched placebo; RCTs only (parallel or crossover); narrative synthesis with random-effects meta-analysis (SMD, 95% CI, I2) only ""if enough comparable studies are available"".

Decisive: the CURRENT REVIEW STAGE section states ""Review status: The review is currently planned or ongoing"", and in the stage grid only ""Pilot work"" is ticked — formal searching/study identification, screening, data extraction, risk of bias and data synthesis are all unstarted. The stated review timeline is start 19 December 2025, end 19 December 2026, i.e. it is still inside its own planned window as of today (21 September 2026). So there is no pooled estimate to read, and none is expected yet.

I deliberately did not reason from the blackcurrant/anthocyanin literature's general reputation. Several adjacent published papers exist (e.g. blackcurrant juice and prefrontal haemodynamics; NZ blackcurrant and exercise/cognition; anthocyanin-and-cognition meta-analyses), but none of them is this registered review, and using them to guess a direction is exactly the failure mode to avoid. UNRESOLVED is the correct code.","1) PROSPERO itself: public page https://www.crd.york.ac.uk/PROSPERO/view/CRD420251266075 renders only via JS, so I read the full record through the site's own API (https://www.crd.york.ac.uk/PROSPERO/api/view/CRD420251266075, which requires a `prospero-auth-token` header = base64 of epoch millis). Read every section including OUTCOMES TO BE ANALYSED, CURRENT REVIEW STAGE, version history (v1.0 05 Jan 2026, v2.0 02 Mar 2026). The record lists no linked publication and no results.
2) Europe PMC REST: exact-string search for ""CRD420251266075"" (0 hits); (blackcurrant OR ""black currant"" OR ""Ribes nigrum"") AND (cognit* OR mood) AND ""systematic review"" (170 hits, scanned top results — none is this review); same topic query restricted to FIRST_PDATE 2026 (54 hits, scanned all 50 returned titles/authors — none matches); AUTH:""Cannell H"" AND (blackcurrant OR cognit* OR mood) (0 hits).
3) PubMed E-utilities: title search (blackcurrant OR ""black currant"" OR ""Ribes nigrum"")[Title] AND (cognit* OR mood)[Title] — 8 records, all pre-existing primary trials/animal work, none this review; author search Cannell H[Author] (59 records, all unrelated older authors, none on blackcurrant/cognition); author search Ispoglou T[Author] (39 records; checked the 8 most recent — sarcopenia, steroid hormones, nandrolone, aflatoxin, heart failure — no blackcurrant/cognition review).
4) Web search for the exact title plus author names, and for ""Cannell blackcurrant anthocyanin cognition mood Leeds Beckett 2026"" — returned only adjacent third-party literature (Nutritional Neuroscience blackcurrant juice papers, anthocyanin-cognition meta-analyses, two ClinicalTrials.gov blackcurrant studies), no preprint, journal article, or repository copy of this review."
CRD420261328535,UNRESOLVED,"https://www.crd.york.ac.uk/PROSPERO/view/CRD420261328535 (PROSPERO registry record read in full; no results posted, no linked publication). No publication found.",,"none — no publication found. PROSPERO record: first submitted 02 March 2026, registered/published 05 May 2026 (Version 1.0, the only version).","The record lists ""Main outcomes"" without designating a single primary. First-listed and the only objective cognitive one is ""Cognition; learning, memory"" (others: mood — anxiety/depression/stress; sleep; and mechanistic markers — cerebral blood flow, oxidative stress, inflammation, BDNF, gut microbiota). The judgeable cognitive result would be the pooled MD/SMD for cognition in healthy volunteers.",0.93,"The registration is real and I read it directly. CRD420261328535 = ""Systematic Review and Meta-Analysis of Anthocyanins on Brain Health in Healthy Volunteers"" (Wipawee Thukhammee, guarantor; Jintanaporn Wattanathorn and colleagues; Faculty of Medicine, Khon Kaen University, Thailand). Planned RCT-only review of anthocyanins/anthocyanin-rich foods vs placebo in healthy participants; random-effects meta-analysis with MD/SMD; RoB-2; GRADE. Review timeline: start 28 February 2026, end 30 June 2026.

Why UNRESOLVED and not something else:
1. The PROSPERO record has NO posted results and NO linked publication. Only Version 1.0 exists (published 05 May 2026). ""Review status: The review is currently planned or ongoing."" The record also states ""Results of the review will not be published. I prefer that my review remain confidential as part of the standard peer-review process,"" so PROSPERO itself is unlikely ever to carry a link.
2. Searches for a publication returned nothing attributable to this team/protocol (details below). I found several other anthocyanin-and-cognition reviews, but all are from different teams and different registrations, and several predate this registration — I deliberately did not substitute any of them for this record's result. The record's own rationale cites Lorzadeh et al. as prior literature, confirming those are other groups' work.
3. Registration was only ~4.5 months ago (today 2026-09-21) with a stated end date of 30 June 2026, so a published output would be very early.

No effect size, p-value or interval is reported because none exists in anything I could read. I have not inferred a direction from the anthocyanin literature.","1. PROSPERO record itself, rendered in a browser (the site is a JS SPA, so plain HTTP fetch returns an empty shell; I rendered https://www.crd.york.ac.uk/PROSPERO/view/CRD420261328535 and read the complete record text including OUTCOMES TO BE ANALYSED, CURRENT REVIEW STAGE, version history and the similar-records list). No results section, no publication link, Version 1.0 only.
2. PubMed E-utilities: term ""CRD420261328535"" → 0 hits; anthocyanin[Title] AND (brain/cognition/cognitive)[Title] AND healthy[Title] AND meta-analysis[Title] → 2 hits, both pre-registration and other teams (PMID 39875765, 35960187); anthocyanin[Title] AND (brain OR mood OR sleep)[Title] AND 2026[dp] → 0 hits.
3. Europe PMC REST API: ""CRD420261328535"" → 0 hits; ""CRD42026132853"" → 0 hits; TITLE:""anthocyanins"" AND TITLE:""brain health"" → 0 hits; AUTH:""Thukhammee W"" AND anthocyanin → 5 hits, all animal/food-chemistry papers, none this review; AUTH:""Wattanathorn J"" AND PUB_YEAR:2026 → 2 hits (a guava jelly RCT and a rat study), neither this review; anthocyanin AND ""meta-analysis"" AND healthy with FIRST_PDATE 2026-05-01 to 2026-09-30 → 94 hits scanned, none matching this protocol's title, team or scope.
4. Web search: exact official title in quotes → no match (only other teams' anthocyanin/cognition reviews); ""CRD420261328535"" alone and with ""anthocyanins systematic review published"" → no match; ""Thukhammee Wattanathorn anthocyanins meta-analysis healthy brain health 2026"" → no match.
Not checked/unavailable: Google Scholar directly (no access), Thai-language journals and Thai repositories (TDC, Thai National Research Repository) beyond what web search surfaced, and any preprint under embargo. Given the team stated the review would remain confidential, a future journal publication would need to be re-checked later."
CRD420251163859,UNRESOLVED,"none found (no publication). Registry record read: https://www.crd.york.ac.uk/PROSPERO/view/CRD420251163859 — PROSPERO CRD420251163859, ""The Effect of Acute Caffeine Intake on Working Memory in Healthy Adults: A Systematic Review and Meta-Analysis"", Weiqin Yuan & Ru Wang; version 1.0 published 03 Nov 2025; no linked publication and no posted results.",,,"Working memory performance (PROSPERO ""Main outcomes: Working memory"" — ""The capacity to hold and manipulate information over a short period""), pooled effect of a single oral acute caffeine dose vs placebo in healthy adults (>18 y), measured by tasks such as n-back (accuracy and reaction time).",0.9,"The PROSPERO record exists and I read it in full via the PROSPERO SPA (the record page renders only via JS; the REST endpoints returned ""header value undefined"", so I loaded it in a browser). Key registry facts, verbatim from the record: review title ""The Effect of Acute Caffeine Intake on Working Memory in Healthy Adults: A Systematic Review and Meta-Analysis""; team Mr Weiqin Yuan (guarantor, Shanghai University of Sport, ORCID 0009-0003-9212-6515) and Mrs Ru Wang (Shandong Xiehe University), China; date of first submission 08 October 2025; date of registration 03 November 2025; review timeline ""Start date: 8 October 2025. End date: 31 December 2025.""; review status ""The review is currently planned or ongoing.""; ""Publication of review results: Results of the review will be published in English.""; version history shows only ""Version 1.0, published 03 Nov 2025"" — i.e. the record has never been updated to a completed/published state and carries no linked publication. PROSPERO does not post results, so resolution depends entirely on finding the published review. I could not find one. Because no published primary-outcome result exists that I could read, the outcome is UNRESOLVED. I deliberately did not infer a direction from caffeine's general reputation or from the related literature I happened to see in search results (which is itself mixed for working memory specifically). Caveat on confidence: a paper could exist in a Chinese-language or low-indexing journal not covered by PubMed/Europe PMC/Crossref, or be in press; hence 0.9 rather than higher.","1) PROSPERO record CRD420251163859 itself (https://www.crd.york.ac.uk/PROSPERO/view/CRD420251163859), rendered in a browser and read end-to-end: no posted results, no publication link, status ""planned or ongoing"", single version (1.0, 03 Nov 2025). Also probed https://www.crd.york.ac.uk/prospero/api/record/CRD420251163859 and display_record.php?RecordID=1163859 (both non-informative / error). 2) Europe PMC REST API: query ""CRD420251163859"" (0 hits); AUTH:""Yuan Weiqin"" AND caffeine (1 hit — PMID 40888092, Yuan W et al., ""Transcranial direct current stimulation combined with caffeine promotes executive function in healthy females"", J Int Soc Sports Nutr 2025 — a different, primary RCT, not this review); AUTH:""Wang Ru"" AND caffeine AND ""working memory"" (0 hits); TITLE:""caffeine"" AND TITLE:""working memory"" AND (TITLE:""meta-analysis"" OR TITLE:""systematic review"") (0 hits); TITLE:""working memory"" AND TITLE:caffeine (20 hits, all screened, none is this review — nearest 2026 items are Shao et al. ERP study and unrelated Chmiel et al. EEG/ERP reviews); '""acute caffeine"" AND ""working memory"" AND meta-analysis' (29 hits screened; the only 2026 caffeine meta-analysis, PMID 42761483 Wang R et al. Front Nutr 2026-09-04, is about sleep-loss-related performance in military personnel — different population and question, not this record). 3) Crossref API: bibliographic query on the exact title and an author query on ""Weiqin Yuan"" + caffeine/working memory — no matching review, only the 2025 tDCS+caffeine RCT. 4) Web search: the registration number ""CRD420251163859"", the exact quoted title, and ""Weiqin Yuan"" + ""Ru Wang"" + caffeine + working memory + meta-analysis — no matching publication or preprint (results returned only unrelated caffeine/working-memory literature). No medRxiv/Research Square/bioRxiv preprint surfaced in the Europe PMC (which indexes preprints) or web searches."
CRD420261427771,UNRESOLVED,"PROSPERO registry record CRD420261427771 (https://www.crd.york.ac.uk/PROSPERO/view/CRD420261427771; record JSON retrieved from https://www.crd.york.ac.uk/PROSPERO/api/view/CRD420261427771) — registration only, no published review found",,No publication found. PROSPERO record version 1.0 registered/published 24 June 2026 (first submitted 24 June 2026); registry status checked 21 September 2026.,"Objective behavioural measures of visual attention / perceptual-processing performance after acute caffeine vs placebo — registry states: ""Primary outcomes will include reaction time, task accuracy and task-specific outcomes may include target detection performance, omission and commission errors, false alarms, visual search performance, attentional orienting/cueing effects and perceptual discrimination performance."" Planned synthesis is a task-based narrative synthesis, not a pooled meta-analytic estimate.",0.93,"The registry record exists and is readable (the PROSPERO site is a JavaScript SPA, so I pulled the record from its backend API with the required prospero-auth-token header). It is ""Effects of caffeine on visual cognitive processing in humans: a systematic review of attentional and perceptual paradigms"", Csaba Gal and Samuel Bennett, University of Aberdeen, registered 24 June 2026, planned review window 18 June 2026 to 27 August 2026. The record is at version 1.0 with no later versions; the current-stage section shows only ""Pilot work"" started and states ""The review is currently planned or ongoing"", with the full protocol to be released only after completion. PROSPERO carries no results and no linked publication. Exhaustive searching turned up no published review, preprint or conference output corresponding to this registration, so there is no primary-outcome result to read. Per the paramount rule I report UNRESOLVED rather than inferring anything from caffeine's general literature; note that several other caffeine-and-attention reviews exist (e.g. a 2025 Psychopharmacology meta-analysis, a 2026 ERP review in Nutrients) but they are by different teams and are NOT this registration, so their findings must not be used to resolve it. Residual uncertainty is mainly that a very recent, not-yet-indexed student output (dissertation or journal submission) could exist behind a paywall or in a non-indexed venue — the registry itself explicitly excludes grey literature from the review and shows the work as ongoing, which is consistent with nothing being published.","1) PROSPERO: direct record fetch via the SPA backend (https://www.crd.york.ac.uk/PROSPERO/api/view/CRD420261427771) after the public HTML page returned only the empty React shell — full record read including version history, current review stage and dissemination sections; no results posted, no linked publication. 2) Europe PMC REST API: query on ""CRD420261427771"" (0 hits); AUTH:""Gal C"" AND caffeine (2 hits, neither this review); AUTH:""Gal Csaba"" (1 hit, PPR1317626, a September 2026 PsyArXiv theoretical preprint ""Caffeine-induced ego-confrontation during rest"", doi 10.31234/osf.io/x6pm4_v1 — different work); AUTH:""Bennett S"" AND caffeine AND systematic review AND visual (1 irrelevant hit); TITLE:""visual cognitive processing"" AND caffeine; exact phrase ""attentional and perceptual paradigms"" (1 unrelated 2018 paper); TITLE caffeine AND systematic review AND attentional (0 hits). 3) PubMed E-utilities: caffeine AND visual cognitive processing AND systematic review (1 hit, a 2014 L-theanine review); caffeine[Title] AND (visual OR attention* OR perceptual)[Title] AND 2026[dp] — all 6 hits inspected, none matching (sprint performance, female athletes, rugby, beverages, L-theanine/ADHD, nootropic formulation). 4) OSF Preprints API: all preprints with ""caffeine"" in the title (15 total) — no systematic review matching this title. 5) Web searches on the exact title, on ""attentional and perceptual paradigms"" + caffeine + 2026, and on the PI name plus affiliation (""Csaba Gal Aberdeen caffeine visual attention""), which surfaced only other teams' caffeine-attention reviews."
CRD420261386551,UNRESOLVED,"none found — registry record itself read at https://www.crd.york.ac.uk/PROSPERO/view/CRD420261386551 (raw record retrieved via the PROSPERO SPA's own API endpoint https://www.crd.york.ac.uk/PROSPERO/api/view/CRD420261386551/0/0). No publication, preprint or posted result located.",,"No publication found. Registry dates only: first submitted 04 May 2026, registered/published in PROSPERO 07 May 2026 (Version 1.0, no later versions); stated review window 4 May 2026 – 25 June 2026.","Two co-primary outcomes as stated in the record's ""Main outcomes"" field: (1) Attention (e.g., reaction time, vigilance, processing speed) and (2) Working memory — to be pooled as Hedges' g (SMD), random-effects. Mood and mental fatigue are secondary.",0.9,"The PROSPERO record exists and I read it in full. It is ""Acute effects of cocoa intake on cognitive performance in healthy adults: a systematic review and meta-analysis of randomized controlled trials"", guarantor Dr Ana Beatriz (Nardelli) da Silva, University of Bradford, with co-authors Deivyd Vieira Silva Cavalcante, Fiorela Gazmor Mulellari, Amanda Goncalves Duarte and Nabras Abdulrahman. Registered 07 May 2026. The record's own status field says: ""The review is currently planned or ongoing"", with only pilot work marked as started/completed — formal searching, screening, extraction, risk of bias and synthesis are all unstarted as of the record's latest (and only) version. PROSPERO is a protocol registry and posts no results; there is no results section to read. I found no publication, preprint or posted pooled estimate anywhere, so there is nothing to code. I deliberately did not infer a direction from the cocoa/flavanol literature: the existing cocoa-cognition papers I surfaced (e.g. Scholey 2009, Field 2011, Massee 2015, Altinok 2025, and the August 2026 Arabpour chronic-cocoa GRADE review, PMID 42641106 / doi 10.1093/nutrit/nuaf286) are different studies by different teams and are NOT this review — the Arabpour review is chronic intake, not acute, and PROSPERO's own similar-records check lists four other cocoa reviews all judged not similar to this one. Coding any of them as this study's result would be exactly the substitution error this task forbids. Residual 0.1 uncertainty is for a publication in a venue not indexed in PubMed/Europe PMC/Crossref that I could not see.","(1) PROSPERO: the record page is a JavaScript SPA that returns only a shell to plain fetches, so I read the JSON record directly through the app's own public view endpoint (https://www.crd.york.ac.uk/PROSPERO/api/view/CRD420261386551/0/0) and dumped every field — title, objectives, PICO, main outcomes, timeline, team, status, version history, similar-records check. Note the nearby ID CRD42026138655 (14-char form) returns an empty record; the 15-digit ID as given is the correct one. (2) Europe PMC REST search: the exact registration number ""CRD420261386551"" (0 hits); TITLE:""acute"" AND TITLE:""cocoa"" AND TITLE:""cognitive"" (7 hits, all 2009-2025 primary trials, none this review); TITLE:""cocoa"" AND TITLE:""cognitive"" AND TITLE:""meta-analysis"" restricted to 2026 (1 hit, the unrelated Arabpour chronic-cocoa review); AUTH:""Nardelli da Silva AB"" (2 hits: ivabradine/POTS and physical-activity/brain-health, neither cocoa); AUTH:""da Silva AB"" AND cocoa (1 irrelevant 2018 metabolomics paper); AUTH:""Cavalcante DVS"" (19 hits scanned, no cocoa or cognition review). (3) PubMed E-utilities: the quoted title phrase (13 hits, all unrelated, checked the two most recent PMIDs 41569554 and 40284238 by esummary — a Spanish lifestyle consensus and a dark-chocolate CrossFit trial); cocoa[Title] AND cognitive[Title] AND acute[Title] AND 2026[dp] (0 hits). (4) Crossref API: bibliographic search on the exact title (no match) and a free-text search on the registration number (0 results). (5) Web search on the exact title and on the PI name plus cocoa/Bradford/2026 — only the pre-existing cocoa literature and the unrelated Arabpour 2026 review came back. No preprint server hit surfaced in the Europe PMC preprint-inclusive results."
CRD420251160876,UNRESOLVED,"https://www.crd.york.ac.uk/prospero/view/CRD420251160876 (PROSPERO registration record, version 1.0, read in full; no results publication found)",,"No results publication found. Registration record published 03 October 2025 (date of first submission and registration: 03 October 2025); review timeline states start 3 November 2025, end 31 August 2026.","PROSPERO ""Main outcomes"" (co-primary, none designated single primary): (1) global cognitive function via validated batteries (e.g. MoCA, MMSE, RBANS); (2) attention (e.g. Stroop, CPT-II); (3) working memory (e.g. Digit Span Backward); (4) adverse events. Secondary/additional: processing speed (DSST), stress (PSS), sleep quality (PSQI), quality of life.",0.88,"The PROSPERO record resolves and I read it in full: ""L-theanine supplementation for cognitive function in healthy adults"" (Quarteroni, Rodriguez, Diaz Menai, Escobar Liquitay, Garegnani; Universidad Hospital Italiano de Buenos Aires / Ministerio de Salud de Provincia de Buenos Aires, Argentina). Design: RCTs (incl. crossover) of oral L-theanine >=100 mg vs placebo/no intervention in cognitively healthy adults >=18, explicitly EXCLUDING co-administration with caffeine or other active compounds; random-effects meta-analysis planned in STATA; GRADE; RoB-1.

The record itself carries no results. Its own status fields say the review is not finished: ""Review status — The review is currently planned or ongoing"", every row of the ""Stage of the review at this submission"" table (pilot work, formal searching, screening, data extraction, risk of bias, data synthesis) is blank, availability of full protocol is ""A full protocol has not been written"", and the version history shows only ""Version 1.0, published 03 Oct 2025"" with no update. The planned end date (31 August 2026) is only three weeks before today's date (2026-09-21), so a published review would be early even on the team's own schedule.

I found no publication linked to this registration. Several other L-theanine/cognition reviews exist and are deliberately NOT being used here because they are different registrations by different teams with different PICOs: PMID 42410082 / doi 10.1038/s41380-026-03727-9 (Gerolymos, Saddier, Boyer, Fond; Mol Psychiatry, 2026-07-06) covers healthy AND clinical populations and names acute stress, not cognition, as its primary outcome; PMID 41227106 (J Clin Med, 2025-10-30) is registered CRD42024575122; PMID 40314930 (Nutr Rev) is registered CRD42022351601 and includes tea and theanine+caffeine arms that this review excludes; PMIDs 42761839 and 41176609 are by Cotter et al. on cognition/mood/sleep. None of these is CRD420251160876, and substituting any of their pooled estimates would corrupt the registry entry. Per the paramount rule, with no result actually read for THIS study, the answer is UNRESOLVED. I am also reporting no effect size, no p-value and no interval for this record because none exists to report.

Residual uncertainty (why not 0.95+): a Spanish-language or regional-journal publication (the team states results will be published ""in English and Spanish"") could be outside PubMed/Europe PMC indexing, and a very recent paper may not yet be indexed.","1) PROSPERO record itself: https://www.crd.york.ac.uk/prospero/view/CRD420251160876 — the site is a JavaScript SPA, so curl/WebFetch return only a shell; I loaded it in a real browser and read the fully rendered record (title, PICO, outcomes, timeline, review stage table, status, version history, review team, similar-records list). Also tried the legacy display_record.php?ID= URL and the SPA's own backend endpoint (/PROSPERO/api/view/<id>/0/0), which rejects unauthenticated headers.
2) Europe PMC REST search: query ""CRD420251160876"" — 0 hits.
3) Europe PMC title search: TITLE:""theanine"" AND (TITLE:""cognitive"" OR TITLE:""cognition"") — 13 hits reviewed, none matching this team or PICO.
4) Europe PMC author searches: AUTH:""Garegnani"" AND theanine (0 hits), AUTH:""Escobar Liquitay"" AND theanine (0 hits), AUTH:""Quarteroni E"" (3 hits, all Cochrane reviews on unrelated topics: blood pressure in reperfused ischaemic stroke, dengue vector control, magnesium for migraine prophylaxis).
5) PubMed E-utilities esearch: term ""CRD420251160876"" (0 hits) and the exact official title ""L-theanine supplementation for cognitive function in healthy adults"" (3 incidental hits, all checked by esummary and excluded).
6) Checked the closest candidate paper's registration/authorship (Europe PMC core record for PMID 42410082) to confirm it is a different review; no CRD number in its abstract and a different French author team.
7) Web searches for the registration number, the exact title, and the title plus PI/affiliation (Garegnani, Hospital Italiano de Buenos Aires) — surfaced only the other, differently registered L-theanine reviews listed in my reasoning."
CRD420261280163,UNRESOLVED,"none found — registry record read: https://www.crd.york.ac.uk/PROSPERO/view/CRD420261280163 (no results posted, no linked publication)",,none — no publication found as of 2026-09-21; PROSPERO registration date 07 January 2026 (versions 1.0 and 1.1 both published 07 Jan 2026),"PROSPERO ""Main outcomes"" field: ""Cognitive Level Score ; Cognitive Assessment Scale"" — i.e. the pooled effect of exogenous oxytocin / tachykinin (plus social support) versus placebo on cognitive level / cognitive assessment scale scores in a healthy, cognitively unimpaired population. (Secondary/""Additional outcomes"": participation in social activities.)",0.92,"I retrieved and read the full PROSPERO record CRD420261280163 (the site is a JS single-page app, so I loaded it in a browser rather than by plain fetch). The record is: ""The Impact of Exogenous Oxytocin and Tachykinin Interventions on Social Activity-Related Cognitive Functions: A Meta-Analysis of Randomized Controlled Trials"", Menghan Li and Lane Zhang, Shandong Second Medical University, China; registered 07 January 2026; population = healthy population with no cognitive impairment; interventions = oxytocin, social support; comparator = placebo; RCTs only; main outcomes = cognitive level score / cognitive assessment scale; no funding; no peer review; no full protocol written. Review timeline: start 7 Jan 2026, end 1 April 2026. Critically, the ""Current review stage"" table has no stage marked started or completed, and ""Review status"" reads: the review is currently planned or ongoing. ""Publication of review results"" reads that results will be published — i.e. nothing is published yet, and no DOI/PMID is linked in the record. The version history shows only v1.0 and v1.1, both 07 Jan 2026 (the v1.1 revision note says only that the author changed their email address), so there has been no update since registration indicating completion. No published pooled estimate exists that I could locate, so there is nothing to code. Per the task rules the correct answer is UNRESOLVED; I have deliberately not inferred a direction from the oxytocin literature's general reputation, and I have invented no identifier, effect size or p-value. Residual uncertainty (~8%) is that a paper could exist under a substantially reworded title, in a non-indexed or Chinese-language journal, without citing the PROSPERO number.","(1) PROSPERO record itself: https://www.crd.york.ac.uk/PROSPERO/view/CRD420261280163 — plain fetch returns only the SPA shell, so I rendered it in the browser and read the whole record including the review-stage table, review status, publication-of-results field, and the full version history; no results and no linked publication. (2) Europe PMC REST API: query ""CRD420261280163"" — 0 hits; TITLE:""Social Activity-Related Cognitive Functions"" OR TITLE:""Exogenous Oxytocin and Tachykinin"" — 0 hits; AUTH:""Li Menghan"" AND (oxytocin OR tachykinin) — 1 hit, an unrelated medRxiv fMRI preprint on oxytocin and fear control; (oxytocin AND tachykinin AND ""meta-analysis"") — 60 hits, all unrelated (pharmacology guides, conference abstracts, animal/neuropeptide reviews), none a meta-analysis of oxytocin/tachykinin on cognition in healthy adults. (3) PubMed: (oxytocin[Title] OR tachykinin[Title]) AND cognit*[Title] AND meta-analysis[Title], 2026 date filter — zero results. (4) Web/Google search on the exact official title in quotes, and on ""oxytocin tachykinin meta-analysis cognitive function social activity RCT 2026"" — returned only unrelated prior oxytocin/social-cognition literature (schizophrenia, autism, frontotemporal dementia trials), nothing matching this registration. No journal page to check because no candidate paper surfaced."
